{
    "name": "root",
    "gauges": {
        "Mage.Policy.Entropy.mean": {
            "value": 2.5206515789031982,
            "min": 2.4447522163391113,
            "max": 2.5359766483306885,
            "count": 100
        },
        "Mage.Policy.Entropy.sum": {
            "value": 25458.58203125,
            "min": 23273.064453125,
            "max": 27086.765625,
            "count": 100
        },
        "Mage.Step.mean": {
            "value": 999964.0,
            "min": 9828.0,
            "max": 999964.0,
            "count": 100
        },
        "Mage.Step.sum": {
            "value": 999964.0,
            "min": 9828.0,
            "max": 999964.0,
            "count": 100
        },
        "Mage.Policy.ExtrinsicValueEstimate.mean": {
            "value": 0.024441132321953773,
            "min": -0.04693753272294998,
            "max": 0.041766125708818436,
            "count": 100
        },
        "Mage.Policy.ExtrinsicValueEstimate.sum": {
            "value": 1.5397913455963135,
            "min": -3.004002094268799,
            "max": 2.5894997119903564,
            "count": 100
        },
        "Mage.Environment.EpisodeLength.mean": {
            "value": 409.2916666666667,
            "min": 319.8888888888889,
            "max": 480.4,
            "count": 100
        },
        "Mage.Environment.EpisodeLength.sum": {
            "value": 9823.0,
            "min": 8637.0,
            "max": 11399.0,
            "count": 100
        },
        "Mage.Environment.CumulativeReward.mean": {
            "value": 0.20833333333333334,
            "min": 0.09090909090909091,
            "max": 0.6206896551724138,
            "count": 100
        },
        "Mage.Environment.CumulativeReward.sum": {
            "value": 5.0,
            "min": 2.0,
            "max": 18.0,
            "count": 100
        },
        "Mage.Policy.ExtrinsicReward.mean": {
            "value": 0.20833333333333334,
            "min": 0.09090909090909091,
            "max": 0.6206896551724138,
            "count": 100
        },
        "Mage.Policy.ExtrinsicReward.sum": {
            "value": 5.0,
            "min": 2.0,
            "max": 18.0,
            "count": 100
        },
        "Mage.IsTraining.mean": {
            "value": 1.0,
            "min": 1.0,
            "max": 1.0,
            "count": 100
        },
        "Mage.IsTraining.sum": {
            "value": 1.0,
            "min": 1.0,
            "max": 1.0,
            "count": 100
        },
        "Mage.Losses.PolicyLoss.mean": {
            "value": 0.014618114687982598,
            "min": 0.0125047733548854,
            "max": 0.021323074610700134,
            "count": 48
        },
        "Mage.Losses.PolicyLoss.sum": {
            "value": 0.014618114687982598,
            "min": 0.0125047733548854,
            "max": 0.021323074610700134,
            "count": 48
        },
        "Mage.Losses.ValueLoss.mean": {
            "value": 0.006495559704490006,
            "min": 0.0017167619269457645,
            "max": 0.007795406575314701,
            "count": 48
        },
        "Mage.Losses.ValueLoss.sum": {
            "value": 0.006495559704490006,
            "min": 0.0017167619269457645,
            "max": 0.007795406575314701,
            "count": 48
        },
        "Mage.Policy.LearningRate.mean": {
            "value": 3.8304987232e-06,
            "min": 3.8304987232e-06,
            "max": 0.00029383680205439996,
            "count": 48
        },
        "Mage.Policy.LearningRate.sum": {
            "value": 3.8304987232e-06,
            "min": 3.8304987232e-06,
            "max": 0.00029383680205439996,
            "count": 48
        },
        "Mage.Policy.Epsilon.mean": {
            "value": 0.10063839999999999,
            "min": 0.10063839999999999,
            "max": 0.1489728,
            "count": 48
        },
        "Mage.Policy.Epsilon.sum": {
            "value": 0.10063839999999999,
            "min": 0.10063839999999999,
            "max": 0.1489728,
            "count": 48
        },
        "Mage.Policy.Beta.mean": {
            "value": 0.005,
            "min": 0.005,
            "max": 0.005,
            "count": 48
        },
        "Mage.Policy.Beta.sum": {
            "value": 0.005,
            "min": 0.005,
            "max": 0.005,
            "count": 48
        }
    },
    "metadata": {
        "timer_format_version": "0.1.0",
        "start_time_seconds": "1710271032",
        "python_version": "3.10.12 | packaged by Anaconda, Inc. | (main, Jul  5 2023, 19:01:18) [MSC v.1916 64 bit (AMD64)]",
        "command_line_arguments": "C:\\Users\\sjasr\\anaconda3\\envs\\mlagents\\Scripts\\mlagents-learn config/mage_config.yaml --run-id=mage_3_dicrete_02 --time-scale=1",
        "mlagents_version": "1.0.0",
        "mlagents_envs_version": "1.0.0",
        "communication_protocol_version": "1.5.0",
        "pytorch_version": "1.13.1+cu117",
        "numpy_version": "1.23.1",
        "end_time_seconds": "1710272479"
    },
    "total": 1447.2973756000029,
    "count": 1,
    "self": 0.009507800004939782,
    "children": {
        "run_training.setup": {
            "total": 0.09033289999933913,
            "count": 1,
            "self": 0.09033289999933913
        },
        "TrainerController.start_learning": {
            "total": 1447.1975348999986,
            "count": 1,
            "self": 2.14707289962098,
            "children": {
                "TrainerController._reset_env": {
                    "total": 10.473297900000034,
                    "count": 1,
                    "self": 10.473297900000034
                },
                "TrainerController.advance": {
                    "total": 1434.5080895003775,
                    "count": 100070,
                    "self": 1.9994849997638084,
                    "children": {
                        "env_step": {
                            "total": 1133.1036183005017,
                            "count": 100070,
                            "self": 833.8844026005936,
                            "children": {
                                "SubprocessEnvManager._take_step": {
                                    "total": 297.7838024002922,
                                    "count": 100070,
                                    "self": 5.194522800040431,
                                    "children": {
                                        "TorchPolicy.evaluate": {
                                            "total": 292.58927960025176,
                                            "count": 100070,
                                            "self": 292.58927960025176
                                        }
                                    }
                                },
                                "workers": {
                                    "total": 1.4354132996159024,
                                    "count": 100070,
                                    "self": 0.0,
                                    "children": {
                                        "worker_root": {
                                            "total": 1434.981854700396,
                                            "count": 100070,
                                            "is_parallel": true,
                                            "self": 719.975285500037,
                                            "children": {
                                                "steps_from_proto": {
                                                    "total": 0.0004229000005580019,
                                                    "count": 1,
                                                    "is_parallel": true,
                                                    "self": 0.00020199999926262535,