{
    "name": "root",
    "gauges": {
        "Dodge.Policy.Entropy.mean": {
            "value": 1.4343243837356567,
            "min": 1.4189382791519165,
            "max": 1.4343243837356567,
            "count": 41
        },
        "Dodge.Policy.Entropy.sum": {
            "value": 14044.904296875,
            "min": 13905.9375,
            "max": 15256.4248046875,
            "count": 41
        },
        "Dodge.Environment.EpisodeLength.mean": {
            "value": 225.1875,
            "min": 142.1627906976744,
            "max": 277.9714285714286,
            "count": 41
        },
        "Dodge.Environment.EpisodeLength.sum": {
            "value": 10809.0,
            "min": 6113.0,
            "max": 12199.0,
            "count": 41
        },
        "Dodge.Step.mean": {
            "value": 409980.0,
            "min": 9996.0,
            "max": 409980.0,
            "count": 41
        },
        "Dodge.Step.sum": {
            "value": 409980.0,
            "min": 9996.0,
            "max": 409980.0,
            "count": 41
        },
        "Dodge.Policy.ExtrinsicValueEstimate.mean": {
            "value": 0.1395331472158432,
            "min": 0.06615518778562546,
            "max": 0.2136782556772232,
            "count": 41
        },
        "Dodge.Policy.ExtrinsicValueEstimate.sum": {
            "value": 24.557832717895508,
            "min": 12.040244102478027,
            "max": 38.03472900390625,
            "count": 41
        },
        "Dodge.Policy.CuriosityValueEstimate.mean": {
            "value": 0.08022842556238174,
            "min": 0.03541437163949013,
            "max": 0.16393427550792694,
            "count": 41
        },
        "Dodge.Policy.CuriosityValueEstimate.sum": {
            "value": 14.120203018188477,
            "min": 6.516244411468506,
            "max": 28.945316314697266,
            "count": 41
        },
        "Dodge.Environment.CumulativeReward.mean": {
            "value": 0.45062501709132147,
            "min": 0.2843255923281229,
            "max": 0.5504444688558578,
            "count": 41
        },
        "Dodge.Environment.CumulativeReward.sum": {
            "value": 21.63000082038343,
            "min": 12.226000470109284,
            "max": 24.416000910801813,
            "count": 41
        },
        "Dodge.Policy.ExtrinsicReward.mean": {
            "value": 0.45062501709132147,
            "min": 0.2843255923281229,
            "max": 0.5504444688558578,
            "count": 41
        },
        "Dodge.Policy.ExtrinsicReward.sum": {
            "value": 21.63000082038343,
            "min": 12.226000470109284,
            "max": 24.416000910801813,
            "count": 41
        },
        "Dodge.Policy.CuriosityReward.mean": {
            "value": 0.022791607879905012,
            "min": 0.0,
            "max": 0.2630751605231163,
            "count": 41
        },
        "Dodge.Policy.CuriosityReward.sum": {
            "value": 1.0939971782354405,
            "min": 0.0,
            "max": 12.890682865632698,
            "count": 41
        },
        "Dodge.IsTraining.mean": {
            "value": 1.0,
            "min": 1.0,
            "max": 1.0,
            "count": 41
        },
        "Dodge.IsTraining.sum": {
            "value": 1.0,
            "min": 1.0,
            "max": 1.0,
            "count": 41
        },
        "Dodge.Losses.PolicyLoss.mean": {
            "value": 0.013343604006028425,
            "min": 0.009972384525462985,
            "max": 0.0158471727433304,
            "count": 9
        },
        "Dodge.Losses.PolicyLoss.sum": {
            "value": 0.013343604006028425,
            "min": 0.009972384525462985,
            "max": 0.0158471727433304,
            "count": 9
        },
        "Dodge.Losses.ValueLoss.mean": {
            "value": 0.0006825827120337635,
            "min": 0.0006825827120337635,
            "max": 0.014929547812789679,
            "count": 9
        },
        "Dodge.Losses.ValueLoss.sum": {
            "value": 0.0006825827120337635,
            "min": 0.0006825827120337635,
            "max": 0.014929547812789679,
            "count": 9
        },
        "Dodge.Policy.LearningRate.mean": {
            "value": 0.00018930243689919995,
            "min": 0.00018930243689919995,
            "max": 0.00028770780409739994,
            "count": 9
        },
        "Dodge.Policy.LearningRate.sum": {
            "value": 0.00018930243689919995,
            "min": 0.00018930243689919995,
            "max": 0.00028770780409739994,
            "count": 9
        },
        "Dodge.Policy.Epsilon.mean": {
            "value": 0.10000000000000003,
            "min": 0.10000000000000003,
            "max": 0.10000000000000003,
            "count": 9
        },
        "Dodge.Policy.Epsilon.sum": {
            "value": 0.10000000000000003,
            "min": 0.10000000000000003,
            "max": 0.10000000000000003,
            "count": 9
        },
        "Dodge.Policy.Beta.mean": {
            "value": 0.005000000000000001,
            "min": 0.005000000000000001,
            "max": 0.005000000000000001,
            "count": 9
        },
        "Dodge.Policy.Beta.sum": {
            "value": 0.005000000000000001,
            "min": 0.005000000000000001,
            "max": 0.005000000000000001,
            "count": 9
        },
        "Dodge.Losses.CuriosityForwardLoss.mean": {
            "value": 0.011044540721923114,
            "min": 0.011044540721923114,
            "max": 0.6876587510108948,
            "count": 9
        },
        "Dodge.Losses.CuriosityForwardLoss.sum": {
            "value": 0.011044540721923114,
            "min": 0.011044540721923114,
            "max": 0.6876587510108948,
            "count": 9
        },
        "Dodge.Losses.CuriosityInverseLoss.mean": {
            "value": 2.0552856087684632,
            "min": 2.0025409777959187,
            "max": 2.0552856087684632,
            "count": 9
        },
        "Dodge.Losses.CuriosityInverseLoss.sum": {
            "value": 2.0552856087684632,
            "min": 2.0025409777959187,
            "max": 2.0552856087684632,
            "count": 9
        }
    },
    "metadata": {
        "timer_format_version": "0.1.0",
        "start_time_seconds": "1709502708",
        "python_version": "3.10.12 | packaged by Anaconda, Inc. | (main, Jul  5 2023, 19:01:18) [MSC v.1916 64 bit (AMD64)]",
        "command_line_arguments": "C:\\Users\\sjasr\\anaconda3\\envs\\mlagents\\Scripts\\mlagents-learn config/dodge_config.yaml --run-id=dodge_65",
        "mlagents_version": "1.0.0",
        "mlagents_envs_version": "1.0.0",
        "communication_protocol_version": "1.5.0",
        "pytorch_version": "1.13.1+cu117",
        "numpy_version": "1.23.1",
        "end_time_seconds": "1709503083"
    },
    "total": 375.04117570000017,
    "count": 1,
    "self": 0.008124299998598872,
    "children": {
        "run_training.setup": {
            "total": 0.09276710000267485,
            "count": 1,
            "self": 0.09276710000267485
        },
        "TrainerController.start_learning": {
            "total": 374.9402842999989,
            "count": 1,
            "self": 0.34987809996891883,
            "children": {
                "TrainerController._reset_env": {
                    "total": 8.896926599998551,
                    "count": 1,
                    "self": 8.896926599998551
                },
                "TrainerController.advance": {
                    "total": 365.4412529000292,
                    "count": 17108,
                    "self": 0.2878959997105994,
                    "children": {
                        "env_step": {
                            "total": 153.69198869998945,
                            "count": 17108,
                            "self": 107.42100569982722,