{
    "name": "root",
    "gauges": {
        "Dodge.Policy.Entropy.mean": {
            "value": 1.532150149345398,
            "min": 1.5309487581253052,
            "max": 1.6035003662109375,
            "count": 15
        },
        "Dodge.Policy.Entropy.sum": {
            "value": 14966.04296875,
            "min": 14966.04296875,
            "max": 17240.8359375,
            "count": 15
        },
        "Dodge.Environment.EpisodeLength.mean": {
            "value": 196.10638297872342,
            "min": 138.07407407407408,
            "max": 215.50980392156862,
            "count": 15
        },
        "Dodge.Environment.EpisodeLength.sum": {
            "value": 9217.0,
            "min": 7456.0,
            "max": 11725.0,
            "count": 15
        },
        "Dodge.Step.mean": {
            "value": 149961.0,
            "min": 9942.0,
            "max": 149961.0,
            "count": 15
        },
        "Dodge.Step.sum": {
            "value": 149961.0,
            "min": 9942.0,
            "max": 149961.0,
            "count": 15
        },
        "Dodge.Policy.ExtrinsicValueEstimate.mean": {
            "value": 0.09615752100944519,
            "min": -0.0709066092967987,
            "max": 0.1082829087972641,
            "count": 15
        },
        "Dodge.Policy.ExtrinsicValueEstimate.sum": {
            "value": 17.308353424072266,
            "min": -13.188629150390625,
            "max": 20.898601531982422,
            "count": 15
        },
        "Dodge.Environment.CumulativeReward.mean": {
            "value": 0.38675001602678094,
            "min": 0.2761481584575786,
            "max": 0.43113726990607876,
            "count": 15
        },
        "Dodge.Environment.CumulativeReward.sum": {
            "value": 18.564000769285485,
            "min": 14.912000556709245,
            "max": 23.462000855244696,
            "count": 15
        },
        "Dodge.Policy.ExtrinsicReward.mean": {
            "value": 0.38675001602678094,
            "min": 0.2761481584575786,
            "max": 0.43113726990607876,
            "count": 15
        },
        "Dodge.Policy.ExtrinsicReward.sum": {
            "value": 18.564000769285485,
            "min": 14.912000556709245,
            "max": 23.462000855244696,
            "count": 15
        },
        "Dodge.Losses.PolicyLoss.mean": {
            "value": 0.09616093037184328,
            "min": 0.09460177489090711,
            "max": 0.1015849335774193,
            "count": 15
        },
        "Dodge.Losses.PolicyLoss.sum": {
            "value": 0.4808046518592164,
            "min": 0.3854479570618423,
            "max": 0.5037192520867393,
            "count": 15
        },
        "Dodge.Losses.ValueLoss.mean": {
            "value": 0.0002999018387470187,
            "min": 0.00026813038671215936,
            "max": 0.004086777804827781,
            "count": 15
        },
        "Dodge.Losses.ValueLoss.sum": {
            "value": 0.0014995091937350935,
            "min": 0.0013406519335607968,
            "max": 0.016347111219311122,
            "count": 15
        },
        "Dodge.Policy.LearningRate.mean": {
            "value": 0.00025655311448229996,
            "min": 0.00025655311448229996,
            "max": 0.0002982048005984,
            "count": 15
        },
        "Dodge.Policy.LearningRate.sum": {
            "value": 0.0012827655724114999,
            "min": 0.0010500501499833002,
            "max": 0.0014766519077827,
            "count": 15
        },
        "Dodge.Policy.Epsilon.mean": {
            "value": 0.10000000000000002,
            "min": 0.09999999999999999,
            "max": 0.10000000000000002,
            "count": 15
        },
        "Dodge.Policy.Epsilon.sum": {
            "value": 0.5000000000000001,
            "min": 0.39999999999999997,
            "max": 0.5000000000000001,
            "count": 15
        },
        "Dodge.Policy.Beta.mean": {
            "value": 0.005,
            "min": 0.004999999999999999,
            "max": 0.005,
            "count": 15
        },
        "Dodge.Policy.Beta.sum": {
            "value": 0.025,
            "min": 0.019999999999999997,
            "max": 0.025,
            "count": 15
        },
        "Dodge.IsTraining.mean": {
            "value": 1.0,
            "min": 1.0,
            "max": 1.0,
            "count": 15
        },
        "Dodge.IsTraining.sum": {
            "value": 1.0,
            "min": 1.0,
            "max": 1.0,
            "count": 15
        }
    },
    "metadata": {
        "timer_format_version": "0.1.0",
        "start_time_seconds": "1709430971",
        "python_version": "3.10.12 | packaged by Anaconda, Inc. | (main, Jul  5 2023, 19:01:18) [MSC v.1916 64 bit (AMD64)]",
        "command_line_arguments": "C:\\Users\\sjasr\\anaconda3\\envs\\mlagents\\Scripts\\mlagents-learn config/dodge_config.yaml --run-id=dodge_discrete_04",
        "mlagents_version": "1.0.0",
        "mlagents_envs_version": "1.0.0",
        "communication_protocol_version": "1.5.0",
        "pytorch_version": "1.13.1+cu117",
        "numpy_version": "1.23.1",
        "end_time_seconds": "1709431479"
    },
    "total": 508.90696580000076,
    "count": 1,
    "self": 0.008245400007581338,
    "children": {
        "run_training.setup": {
            "total": 0.0954377999951248,
            "count": 1,
            "self": 0.0954377999951248
        },
        "TrainerController.start_learning": {
            "total": 508.80328259999806,
            "count": 1,
            "self": 0.13105079966044286,
            "children": {
                "TrainerController._reset_env": {
                    "total": 10.425200799996674,
                    "count": 1,
                    "self": 10.425200799996674
                },
                "TrainerController.advance": {
                    "total": 497.9754396003409,
                    "count": 6584,
                    "self": 0.10630619992298307,
                    "children": {
                        "env_step": {
                            "total": 58.70772550038237,
                            "count": 6584,
                            "self": 38.432796400404186,
                            "children": {
                                "SubprocessEnvManager._take_step": {
                                    "total": 20.19651880010497,
                                    "count": 6584,
                                    "self": 0.3738634000910679,
                                    "children": {
                                        "TorchPolicy.evaluate": {
                                            "total": 19.8226554000139,
                                            "count": 6584,
                                            "self": 19.8226554000139
                                        }
                                    }
                                },
                                "workers": {
                                    "total": 0.07841029987321235,
                                    "count": 6584,
                                    "self": 0.0,
                                    "children": {
                                        "worker_root": {
                                            "total": 494.97008610023477,
                                            "count": 6584,
                                            "is_parallel": true,
                                            "self": 466.9729874003606,
                                            "children": {
                                                "steps_from_proto": {
                                                    "total": 0.0006819000045652501,
                                                    "count": 1,
                                                    "is_parallel": true,
                                                    "self": 0.00023629999486729503,