{
    "name": "root",
    "gauges": {
        "Dodge.Policy.Entropy.mean": {
            "value": 1.1362433433532715,
            "min": 1.1362433433532715,
            "max": 1.4020411968231201,
            "count": 13
        },
        "Dodge.Policy.Entropy.sum": {
            "value": 11253.353515625,
            "min": 11253.353515625,
            "max": 14693.3916015625,
            "count": 13
        },
        "Dodge.Environment.EpisodeLength.mean": {
            "value": 251.2051282051282,
            "min": 133.55357142857142,
            "max": 298.02564102564105,
            "count": 13
        },
        "Dodge.Environment.EpisodeLength.sum": {
            "value": 9797.0,
            "min": 7020.0,
            "max": 11955.0,
            "count": 13
        },
        "Dodge.Step.mean": {
            "value": 129951.0,
            "min": 9967.0,
            "max": 129951.0,
            "count": 13
        },
        "Dodge.Step.sum": {
            "value": 129951.0,
            "min": 9967.0,
            "max": 129951.0,
            "count": 13
        },
        "Dodge.Policy.ExtrinsicValueEstimate.mean": {
            "value": 0.3499274253845215,
            "min": 0.252920538187027,
            "max": 0.3846668303012848,
            "count": 13
        },
        "Dodge.Policy.ExtrinsicValueEstimate.sum": {
            "value": 60.88737106323242,
            "min": 46.03153610229492,
            "max": 68.08602905273438,
            "count": 13
        },
        "Dodge.Environment.CumulativeReward.mean": {
            "value": 1.2561282890920455,
            "min": 0.6677679016055273,
            "max": 1.4903590739824069,
            "count": 13
        },
        "Dodge.Environment.CumulativeReward.sum": {
            "value": 48.98900327458978,
            "min": 35.104002370964736,
            "max": 59.78000399284065,
            "count": 13
        },
        "Dodge.Policy.ExtrinsicReward.mean": {
            "value": 1.2561282890920455,
            "min": 0.6677679016055273,
            "max": 1.4903590739824069,
            "count": 13
        },
        "Dodge.Policy.ExtrinsicReward.sum": {
            "value": 48.98900327458978,
            "min": 35.104002370964736,
            "max": 59.78000399284065,
            "count": 13
        },
        "Dodge.Losses.PolicyLoss.mean": {
            "value": 0.24392517565649488,
            "min": 0.21553007581343736,
            "max": 0.24392517565649488,
            "count": 13
        },
        "Dodge.Losses.PolicyLoss.sum": {
            "value": 18.294388174237117,
            "min": 14.656045155313741,
            "max": 18.294388174237117,
            "count": 13
        },
        "Dodge.Losses.ValueLoss.mean": {
            "value": 0.01345286075437552,
            "min": 0.01345286075437552,
            "max": 1.1005656814037372,
            "count": 13
        },
        "Dodge.Losses.ValueLoss.sum": {
            "value": 1.008964556578164,
            "min": 1.008964556578164,
            "max": 83.64299178668402,
            "count": 13
        },
        "Dodge.Policy.LearningRate.mean": {
            "value": 0.0002249445050185067,
            "min": 0.0002249445050185067,
            "max": 0.0002966997363942058,
            "count": 13
        },
        "Dodge.Policy.LearningRate.sum": {
            "value": 0.016870837876388003,
            "min": 0.0161669902110038,
            "max": 0.021662898379034002,
            "count": 13
        },
        "Dodge.Policy.Epsilon.mean": {
            "value": 0.17498149333333332,
            "min": 0.17498149333333332,
            "max": 0.1988999117647059,
            "count": 13
        },
        "Dodge.Policy.Epsilon.sum": {
            "value": 13.123612,
            "min": 12.388996200000001,
            "max": 14.820966,
            "count": 13
        },
        "Dodge.Policy.Beta.mean": {
            "value": 0.0005000000000000001,
            "min": 0.0005,
            "max": 0.0005000000000000001,
            "count": 13
        },
        "Dodge.Policy.Beta.sum": {
            "value": 0.037500000000000006,
            "min": 0.034,
            "max": 0.038000000000000006,
            "count": 13
        },
        "Dodge.IsTraining.mean": {
            "value": 1.0,
            "min": 1.0,
            "max": 1.0,
            "count": 13
        },
        "Dodge.IsTraining.sum": {
            "value": 1.0,
            "min": 1.0,
            "max": 1.0,
            "count": 13
        }
    },
    "metadata": {
        "timer_format_version": "0.1.0",
        "start_time_seconds": "1708306323",
        "python_version": "3.10.12 | packaged by Anaconda, Inc. | (main, Jul  5 2023, 19:01:18) [MSC v.1916 64 bit (AMD64)]",
        "command_line_arguments": "C:\\Users\\sjasr\\anaconda3\\envs\\mlagents\\Scripts\\mlagents-learn config/dodge_config.yaml --run-id=dodge_07",
        "mlagents_version": "1.0.0",
        "mlagents_envs_version": "1.0.0",
        "communication_protocol_version": "1.5.0",
        "pytorch_version": "1.13.1+cu117",
        "numpy_version": "1.23.1",
        "end_time_seconds": "1708307127"
    },
    "total": 803.2010210000008,
    "count": 1,
    "self": 0.0073484000022290275,
    "children": {
        "run_training.setup": {
            "total": 0.08691759999783244,
            "count": 1,
            "self": 0.08691759999783244
        },
        "TrainerController.start_learning": {
            "total": 803.1067550000007,
            "count": 1,
            "self": 0.1677899994974723,
            "children": {
                "TrainerController._reset_env": {
                    "total": 9.299896399999852,
                    "count": 1,
                    "self": 9.299896399999852
                },
                "TrainerController.advance": {
                    "total": 793.3847551005019,
                    "count": 8777,
                    "self": 0.1348884006147273,
                    "children": {
                        "env_step": {
                            "total": 103.84002390003297,
                            "count": 8777,
                            "self": 83.23608350162976,
                            "children": {
                                "SubprocessEnvManager._take_step": {
                                    "total": 20.50623109890148,
                                    "count": 8777,
                                    "self": 0.4998420986812562,
                                    "children": {
                                        "TorchPolicy.evaluate": {
                                            "total": 20.006389000220224,
                                            "count": 8331,
                                            "self": 20.006389000220224
                                        }
                                    }
                                },
                                "workers": {
                                    "total": 0.09770929950173013,
                                    "count": 8776,
                                    "self": 0.0,
                                    "children": {
                                        "worker_root": {
                                            "total": 792.190050199948,
                                            "count": 8776,
                                            "is_parallel": true,
                                            "self": 721.8093540999544,
                                            "children": {
                                                "steps_from_proto": {
                                                    "total": 0.0005574999959208071,
                                                    "count": 1,
                                                    "is_parallel": true,
                                                    "self": 0.00012539999443106353,