{
    "name": "root",
    "gauges": {
        "Dodge.Policy.Entropy.mean": {
            "value": 1.4158064126968384,
            "min": 1.4158064126968384,
            "max": 1.418938398361206,
            "count": 50
        },
        "Dodge.Policy.Entropy.sum": {
            "value": 13863.576171875,
            "min": 11033.6640625,
            "max": 20568.9296875,
            "count": 50
        },
        "Dodge.Environment.EpisodeLength.mean": {
            "value": 279.3333333333333,
            "min": 220.77777777777777,
            "max": 345.32142857142856,
            "count": 50
        },
        "Dodge.Environment.EpisodeLength.sum": {
            "value": 10056.0,
            "min": 9513.0,
            "max": 10397.0,
            "count": 50
        },
        "Dodge.Step.mean": {
            "value": 499670.0,
            "min": 9692.0,
            "max": 499670.0,
            "count": 50
        },
        "Dodge.Step.sum": {
            "value": 499670.0,
            "min": 9692.0,
            "max": 499670.0,
            "count": 50
        },
        "Dodge.Policy.ExtrinsicValueEstimate.mean": {
            "value": -0.02856151945888996,
            "min": -0.13626272976398468,
            "max": 0.02036665380001068,
            "count": 50
        },
        "Dodge.Policy.ExtrinsicValueEstimate.sum": {
            "value": -1.028214693069458,
            "min": -5.114107608795166,
            "max": 0.7128328680992126,
            "count": 50
        },
        "Dodge.Environment.CumulativeReward.mean": {
            "value": -0.13516660779714584,
            "min": -0.3971555100546943,
            "max": 0.1071724953322575,
            "count": 50
        },
        "Dodge.Environment.CumulativeReward.sum": {
            "value": -4.86599788069725,
            "min": -17.871997952461243,
            "max": 3.1080023646354675,
            "count": 50
        },
        "Dodge.Policy.ExtrinsicReward.mean": {
            "value": -0.13516660779714584,
            "min": -0.3971555100546943,
            "max": 0.1071724953322575,
            "count": 50
        },
        "Dodge.Policy.ExtrinsicReward.sum": {
            "value": -4.86599788069725,
            "min": -17.871997952461243,
            "max": 3.1080023646354675,
            "count": 50
        },
        "Dodge.IsTraining.mean": {
            "value": 1.0,
            "min": 1.0,
            "max": 1.0,
            "count": 50
        },
        "Dodge.IsTraining.sum": {
            "value": 1.0,
            "min": 1.0,
            "max": 1.0,
            "count": 50
        },
        "Dodge.Losses.PolicyLoss.mean": {
            "value": 0.01140245522396981,
            "min": 0.01140245522396981,
            "max": 0.01140245522396981,
            "count": 1
        },
        "Dodge.Losses.PolicyLoss.sum": {
            "value": 0.01140245522396981,
            "min": 0.01140245522396981,
            "max": 0.01140245522396981,
            "count": 1
        },
        "Dodge.Losses.ValueLoss.mean": {
            "value": 0.025026540114777163,
            "min": 0.025026540114777163,
            "max": 0.025026540114777163,
            "count": 1
        },
        "Dodge.Losses.ValueLoss.sum": {
            "value": 0.025026540114777163,
            "min": 0.025026540114777163,
            "max": 0.025026540114777163,
            "count": 1
        },
        "Dodge.Policy.LearningRate.mean": {
            "value": 0.000177069040977,
            "min": 0.000177069040977,
            "max": 0.000177069040977,
            "count": 1
        },
        "Dodge.Policy.LearningRate.sum": {
            "value": 0.000177069040977,
            "min": 0.000177069040977,
            "max": 0.000177069040977,
            "count": 1
        },
        "Dodge.Policy.Epsilon.mean": {
            "value": 0.159023,
            "min": 0.159023,
            "max": 0.159023,
            "count": 1
        },
        "Dodge.Policy.Epsilon.sum": {
            "value": 0.159023,
            "min": 0.159023,
            "max": 0.159023,
            "count": 1
        },
        "Dodge.Policy.Beta.mean": {
            "value": 0.004999999999999999,
            "min": 0.004999999999999999,
            "max": 0.004999999999999999,
            "count": 1
        },
        "Dodge.Policy.Beta.sum": {
            "value": 0.004999999999999999,
            "min": 0.004999999999999999,
            "max": 0.004999999999999999,
            "count": 1
        }
    },
    "metadata": {
        "timer_format_version": "0.1.0",
        "start_time_seconds": "1709425618",
        "python_version": "3.10.12 | packaged by Anaconda, Inc. | (main, Jul  5 2023, 19:01:18) [MSC v.1916 64 bit (AMD64)]",
        "command_line_arguments": "C:\\Users\\sjasr\\anaconda3\\envs\\mlagents\\Scripts\\mlagents-learn config/dodge_config.yaml --run-id=dodge_59",
        "mlagents_version": "1.0.0",
        "mlagents_envs_version": "1.0.0",
        "communication_protocol_version": "1.5.0",
        "pytorch_version": "1.13.1+cu117",
        "numpy_version": "1.23.1",
        "end_time_seconds": "1709426177"
    },
    "total": 558.7927677999978,
    "count": 1,
    "self": 0.007641599993803538,
    "children": {
        "run_training.setup": {
            "total": 0.09902839999995194,
            "count": 1,
            "self": 0.09902839999995194
        },
        "TrainerController.start_learning": {
            "total": 558.6860978000041,
            "count": 1,
            "self": 0.464096200397762,
            "children": {
                "TrainerController._reset_env": {
                    "total": 41.7071178000042,
                    "count": 1,
                    "self": 41.7071178000042
                },
                "TrainerController.advance": {
                    "total": 516.2658890996099,
                    "count": 21034,
                    "self": 0.3893586996564409,
                    "children": {
                        "env_step": {
                            "total": 218.15555399991717,
                            "count": 21034,
                            "self": 148.8574161994693,
                            "children": {
                                "SubprocessEnvManager._take_step": {
                                    "total": 68.99856800019188,
                                    "count": 21034,
                                    "self": 1.7145970009005396,
                                    "children": {
                                        "TorchPolicy.evaluate": {
                                            "total": 67.28397099929134,
                                            "count": 21034,
                                            "self": 67.28397099929134
                                        }
                                    }
                                },
                                "workers": {
                                    "total": 0.2995698002559948,
                                    "count": 21033,
                                    "self": 0.0,
                                    "children": {
                                        "worker_root": {
                                            "total": 515.8012341010035,
                                            "count": 21033,
                                            "is_parallel": true,
                                            "self": 405.88846060154174,
                                            "children": {
                                                "steps_from_proto": {
                                                    "total": 0.0005965999953332357,
                                                    "count": 1,
                                                    "is_parallel": true,
                                                    "self": 0.00013329998910194263,