{
    "name": "root",
    "gauges": {
        "em_dense_rewards__curiosity__self_play.Policy.Entropy.mean": {
            "value": 2.3484082221984863,
            "min": 2.3159003257751465,
            "max": 2.5173556804656982,
            "count": 100
        },
        "em_dense_rewards__curiosity__self_play.Policy.Entropy.sum": {
            "value": 48095.40234375,
            "min": 42514.48046875,
            "max": 55398.06640625,
            "count": 100
        },
        "em_dense_rewards__curiosity__self_play.Step.mean": {
            "value": 999948.0,
            "min": 9984.0,
            "max": 999948.0,
            "count": 100
        },
        "em_dense_rewards__curiosity__self_play.Step.sum": {
            "value": 999948.0,
            "min": 9984.0,
            "max": 999948.0,
            "count": 100
        },
        "em_dense_rewards__curiosity__self_play.Policy.ExtrinsicValueEstimate.mean": {
            "value": 0.05217329412698746,
            "min": -0.11456933617591858,
            "max": 0.11180919408798218,
            "count": 100
        },
        "em_dense_rewards__curiosity__self_play.Policy.ExtrinsicValueEstimate.sum": {
            "value": 8.399900436401367,
            "min": -18.789371490478516,
            "max": 17.44223403930664,
            "count": 100
        },
        "em_dense_rewards__curiosity__self_play.Policy.CuriosityValueEstimate.mean": {
            "value": 0.056795429438352585,
            "min": -0.02439378947019577,
            "max": 0.1429976224899292,
            "count": 100
        },
        "em_dense_rewards__curiosity__self_play.Policy.CuriosityValueEstimate.sum": {
            "value": 9.144063949584961,
            "min": -3.8054311275482178,
            "max": 22.307628631591797,
            "count": 100
        },
        "em_dense_rewards__curiosity__self_play.Losses.PolicyLoss.mean": {
            "value": 0.0362273204967399,
            "min": 0.026200580155002137,
            "max": 0.04211518299759037,
            "count": 100
        },
        "em_dense_rewards__curiosity__self_play.Losses.PolicyLoss.sum": {
            "value": 0.0362273204967399,
            "min": 0.026200580155002137,
            "max": 0.07569886247659394,
            "count": 100
        },
        "em_dense_rewards__curiosity__self_play.Losses.ValueLoss.mean": {
            "value": 0.007857601701592406,
            "min": 0.0011962805326808902,
            "max": 0.03285901512329777,
            "count": 100
        },
        "em_dense_rewards__curiosity__self_play.Losses.ValueLoss.sum": {
            "value": 0.007857601701592406,
            "min": 0.0011962805326808902,
            "max": 0.03285901512329777,
            "count": 100
        },
        "em_dense_rewards__curiosity__self_play.Policy.LearningRate.mean": {
            "value": 9.180996939999854e-07,
            "min": 9.180996939999854e-07,
            "max": 0.00029731200089599995,
            "count": 100
        },
        "em_dense_rewards__curiosity__self_play.Policy.LearningRate.sum": {
            "value": 9.180996939999854e-07,
            "min": 9.180996939999854e-07,
            "max": 0.000555204014932,
            "count": 100
        },
        "em_dense_rewards__curiosity__self_play.Policy.Epsilon.mean": {
            "value": 0.100306,
            "min": 0.100306,
            "max": 0.199104,
            "count": 100
        },
        "em_dense_rewards__curiosity__self_play.Policy.Epsilon.sum": {
            "value": 0.100306,
            "min": 0.100306,
            "max": 0.3850680000000001,
            "count": 100
        },
        "em_dense_rewards__curiosity__self_play.Policy.Beta.mean": {
            "value": 0.005,
            "min": 0.005,
            "max": 0.005,
            "count": 100
        },
        "em_dense_rewards__curiosity__self_play.Policy.Beta.sum": {
            "value": 0.005,
            "min": 0.005,
            "max": 0.01,
            "count": 100
        },
        "em_dense_rewards__curiosity__self_play.Losses.CuriosityForwardLoss.mean": {
            "value": 0.05385419672044615,
            "min": 0.05385419672044615,
            "max": 0.4685112100605871,
            "count": 100
        },
        "em_dense_rewards__curiosity__self_play.Losses.CuriosityForwardLoss.sum": {
            "value": 0.05385419672044615,
            "min": 0.05385419672044615,
            "max": 0.4685112100605871,
            "count": 100
        },
        "em_dense_rewards__curiosity__self_play.Losses.CuriosityInverseLoss.mean": {
            "value": 2.4345536877711615,
            "min": 2.3430258343909305,
            "max": 3.100286221971699,
            "count": 100
        },
        "em_dense_rewards__curiosity__self_play.Losses.CuriosityInverseLoss.sum": {
            "value": 2.4345536877711615,
            "min": 2.351560781399409,
            "max": 5.792520186480354,
            "count": 100
        },
        "em_dense_rewards__curiosity__self_play.IsTraining.mean": {
            "value": 1.0,
            "min": 1.0,
            "max": 1.0,
            "count": 100
        },
        "em_dense_rewards__curiosity__self_play.IsTraining.sum": {
            "value": 1.0,
            "min": 1.0,
            "max": 1.0,
            "count": 100
        },
        "em_dense_rewards__curiosity__self_play.Environment.EpisodeLength.mean": {
            "value": 998.0,
            "min": 998.0,
            "max": 998.0,
            "count": 49
        },
        "em_dense_rewards__curiosity__self_play.Environment.EpisodeLength.sum": {
            "value": 39920.0,
            "min": 39920.0,
            "max": 39920.0,
            "count": 49
        },
        "em_dense_rewards__curiosity__self_play.Self-play.ELO.mean": {
            "value": 980.4355239446262,
            "min": 980.4355239446262,
            "max": 1200.0,
            "count": 49
        },
        "em_dense_rewards__curiosity__self_play.Self-play.ELO.sum": {
            "value": 19608.710478892524,
            "min": 19608.710478892524,
            "max": 24000.0,
            "count": 49
        },
        "em_dense_rewards__curiosity__self_play.Environment.CumulativeReward.mean": {
            "value": 2.348445244931749,
            "min": -5.0217766560614105,
            "max": 4.059940977860242,
            "count": 53
        },
        "em_dense_rewards__curiosity__self_play.Environment.CumulativeReward.sum": {
            "value": 32.878233429044485,
            "min": -100.43553312122822,
            "max": 81.19881955720484,
            "count": 53
        },
        "em_dense_rewards__curiosity__self_play.Policy.ExtrinsicReward.mean": {
            "value": 2.348445244931749,
            "min": -5.0217766560614105,
            "max": 4.059940977860242,
            "count": 53
        },
        "em_dense_rewards__curiosity__self_play.Policy.ExtrinsicReward.sum": {
            "value": 32.878233429044485,
            "min": -100.43553312122822,
            "max": 81.19881955720484,
            "count": 53
        },
        "em_dense_rewards__curiosity__self_play.Policy.CuriosityReward.mean": {
            "value": 2.810542735670294,
            "min": 2.7284087538719177,
            "max": 7.112406262010336,
            "count": 53
        },
        "em_dense_rewards__curiosity__self_play.Policy.CuriosityReward.sum": {
            "value": 39.34759829938412,
            "min": 11.294873259961605,
            "max": 142.24812524020672,
            "count": 53
        }
    },
    "metadata": {
        "timer_format_version": "0.1.0",
        "start_time_seconds": "1711819794",
        "python_version": "3.10.12 | packaged by Anaconda, Inc. | (main, Jul  5 2023, 19:01:18) [MSC v.1916 64 bit (AMD64)]",