{
    "name": "root",
    "gauges": {
        "Bullet.Policy.Entropy.mean": {
            "value": 1.6412601470947266,
            "min": 1.600866675376892,
            "max": 1.8045430183410645,
            "count": 69
        },
        "Bullet.Policy.Entropy.sum": {
            "value": 16379.7763671875,
            "min": 15938.1689453125,
            "max": 18153.703125,
            "count": 69
        },
        "Bullet.Step.mean": {
            "value": 689997.0,
            "min": 9981.0,
            "max": 689997.0,
            "count": 69
        },
        "Bullet.Step.sum": {
            "value": 689997.0,
            "min": 9981.0,
            "max": 689997.0,
            "count": 69
        },
        "Bullet.Policy.ExtrinsicValueEstimate.mean": {
            "value": 0.07703949511051178,
            "min": -0.05585673823952675,
            "max": 0.14771214127540588,
            "count": 69
        },
        "Bullet.Policy.ExtrinsicValueEstimate.sum": {
            "value": 24.883756637573242,
            "min": -18.097583770751953,
            "max": 47.56330871582031,
            "count": 69
        },
        "Bullet.Policy.CuriosityValueEstimate.mean": {
            "value": 0.011477656662464142,
            "min": 0.010885408148169518,
            "max": 0.038427215069532394,
            "count": 69
        },
        "Bullet.Policy.CuriosityValueEstimate.sum": {
            "value": 3.7072830200195312,
            "min": 3.505101442337036,
            "max": 12.373563766479492,
            "count": 69
        },
        "Bullet.Losses.PolicyLoss.mean": {
            "value": 0.02357171047090863,
            "min": 0.01504198566847966,
            "max": 0.031078249478014186,
            "count": 69
        },
        "Bullet.Losses.PolicyLoss.sum": {
            "value": 0.02357171047090863,
            "min": 0.01504198566847966,
            "max": 0.05578254557622131,
            "count": 69
        },
        "Bullet.Losses.ValueLoss.mean": {
            "value": 0.0005545501511126835,
            "min": 0.00022410443216358544,
            "max": 0.008942997083067894,
            "count": 69
        },
        "Bullet.Losses.ValueLoss.sum": {
            "value": 0.0005545501511126835,
            "min": 0.00022410443216358544,
            "max": 0.012987765289532643,
            "count": 69
        },
        "Bullet.Policy.LearningRate.mean": {
            "value": 0.0001976367341211,
            "min": 0.0001976367341211,
            "max": 0.000298752000416,
            "count": 69
        },
        "Bullet.Policy.LearningRate.sum": {
            "value": 0.0001976367341211,
            "min": 0.0001976367341211,
            "max": 0.00058632825455725,
            "count": 69
        },
        "Bullet.Policy.Epsilon.mean": {
            "value": 0.20000000000000004,
            "min": 0.20000000000000004,
            "max": 0.20000000000000004,
            "count": 69
        },
        "Bullet.Policy.Epsilon.sum": {
            "value": 0.20000000000000004,
            "min": 0.20000000000000004,
            "max": 0.4000000000000001,
            "count": 69
        },
        "Bullet.Policy.Beta.mean": {
            "value": 0.005,
            "min": 0.005,
            "max": 0.005,
            "count": 69
        },
        "Bullet.Policy.Beta.sum": {
            "value": 0.005,
            "min": 0.005,
            "max": 0.01,
            "count": 69
        },
        "Bullet.Losses.CuriosityForwardLoss.mean": {
            "value": 0.012589877316107353,
            "min": 0.012589877316107353,
            "max": 0.03514184337109327,
            "count": 69
        },
        "Bullet.Losses.CuriosityForwardLoss.sum": {
            "value": 0.012589877316107353,
            "min": 0.012589877316107353,
            "max": 0.0667925082768003,
            "count": 69
        },
        "Bullet.Losses.CuriosityInverseLoss.mean": {
            "value": 1.519589235385259,
            "min": 1.3579969207445781,
            "max": 1.5810736964146295,
            "count": 69
        },
        "Bullet.Losses.CuriosityInverseLoss.sum": {
            "value": 1.519589235385259,
            "min": 1.3579969207445781,
            "max": 3.162147392829259,
            "count": 69
        },
        "Bullet.Environment.EpisodeLength.mean": {
            "value": 691.2941176470588,
            "min": 478.5,
            "max": 979.0714285714286,
            "count": 69
        },
        "Bullet.Environment.EpisodeLength.sum": {
            "value": 11752.0,
            "min": 2871.0,
            "max": 15753.0,
            "count": 69
        },
        "Bullet.Environment.CumulativeReward.mean": {
            "value": 0.013588167206548592,
            "min": -1.250547673852582,
            "max": 0.9049443757782379,
            "count": 69
        },
        "Bullet.Environment.CumulativeReward.sum": {
            "value": 0.23099884251132607,
            "min": -17.50766743393615,
            "max": 13.444331270176917,
            "count": 69
        },
        "Bullet.Policy.ExtrinsicReward.mean": {
            "value": 0.013588167206548592,
            "min": -1.250547673852582,
            "max": 0.9049443757782379,
            "count": 69
        },
        "Bullet.Policy.ExtrinsicReward.sum": {
            "value": 0.23099884251132607,
            "min": -17.50766743393615,
            "max": 13.444331270176917,
            "count": 69
        },
        "Bullet.Policy.CuriosityReward.mean": {
            "value": 0.09692734137934167,
            "min": 0.019239026708722424,
            "max": 0.2988698724885277,
            "count": 69
        },
        "Bullet.Policy.CuriosityReward.sum": {
            "value": 1.6477648034488084,
            "min": 0.11543416025233455,
            "max": 4.579836534074275,
            "count": 69
        },
        "Bullet.IsTraining.mean": {
            "value": 1.0,
            "min": 1.0,
            "max": 1.0,
            "count": 69
        },
        "Bullet.IsTraining.sum": {
            "value": 1.0,
            "min": 1.0,
            "max": 1.0,
            "count": 69
        }
    },
    "metadata": {
        "timer_format_version": "0.1.0",
        "start_time_seconds": "1711378435",
        "python_version": "3.10.12 | packaged by Anaconda, Inc. | (main, Jul  5 2023, 19:01:18) [MSC v.1916 64 bit (AMD64)]",
        "command_line_arguments": "C:\\Users\\sjasr\\anaconda3\\envs\\mlagents\\Scripts\\mlagents-learn config/bullet_config.yaml --run-id=bullet_arena_final_general_04 --initialize-from=bullet_arena_final_general_03_self_play_01 --time-scale=1",
        "mlagents_version": "1.0.0",
        "mlagents_envs_version": "1.0.0",
        "communication_protocol_version": "1.5.0",
        "pytorch_version": "1.13.1+cu117",
        "numpy_version": "1.23.1",
        "end_time_seconds": "1711379594"
    },
    "total": 1158.737397500001,
    "count": 1,
    "self": 0.00897850000001199,
    "children": {
        "run_training.setup": {
            "total": 0.08632100000068021,
            "count": 1,
            "self": 0.08632100000068021
        },
        "TrainerController.start_learning": {
            "total": 1158.6420980000003,
            "count": 1,
            "self": 0.9064982000254531,
            "children": {
                "TrainerController._reset_env": {
                    "total": 8.066454400001021,
                    "count": 1,
                    "self": 8.066454400001021
                },
                "TrainerController.advance": {
                    "total": 1149.3778646999726,
                    "count": 34960,
                    "self": 0.7302028000176506,
                    "children": {
                        "env_step": {
                            "total": 610.8154856999809,
                            "count": 34960,
                            "self": 469.1238108999969,