{
    "name": "root",
    "gauges": {
        "Dodge.Policy.Entropy.mean": {
            "value": 1.376115322113037,
            "min": 1.376115322113037,
            "max": 1.4228954315185547,
            "count": 35
        },
        "Dodge.Policy.Entropy.sum": {
            "value": 13827.20703125,
            "min": 10019.4736328125,
            "max": 14320.01953125,
            "count": 35
        },
        "Dodge.Environment.EpisodeLength.mean": {
            "value": 72.28148148148148,
            "min": 29.25679758308157,
            "max": 73.36363636363636,
            "count": 35
        },
        "Dodge.Environment.EpisodeLength.sum": {
            "value": 9758.0,
            "min": 6557.0,
            "max": 10143.0,
            "count": 35
        },
        "Dodge.Step.mean": {
            "value": 499989.0,
            "min": 159992.0,
            "max": 499989.0,
            "count": 35
        },
        "Dodge.Step.sum": {
            "value": 499989.0,
            "min": 159992.0,
            "max": 499989.0,
            "count": 35
        },
        "Dodge.Policy.ExtrinsicValueEstimate.mean": {
            "value": 4.608137130737305,
            "min": -1.6504484415054321,
            "max": 14.090131759643555,
            "count": 35
        },
        "Dodge.Policy.ExtrinsicValueEstimate.sum": {
            "value": 1050.6552734375,
            "min": -509.98858642578125,
            "max": 3339.361328125,
            "count": 35
        },
        "Dodge.Environment.CumulativeReward.mean": {
            "value": 6.470588235294118,
            "min": -3.5377643504531724,
            "max": 7.099236641221374,
            "count": 35
        },
        "Dodge.Environment.CumulativeReward.sum": {
            "value": 880.0,
            "min": -1171.0,
            "max": 930.0,
            "count": 35
        },
        "Dodge.Policy.ExtrinsicReward.mean": {
            "value": 6.470588235294118,
            "min": -3.5377643504531724,
            "max": 7.099236641221374,
            "count": 35
        },
        "Dodge.Policy.ExtrinsicReward.sum": {
            "value": 880.0,
            "min": -1171.0,
            "max": 930.0,
            "count": 35
        },
        "Dodge.IsTraining.mean": {
            "value": 1.0,
            "min": 1.0,
            "max": 1.0,
            "count": 35
        },
        "Dodge.IsTraining.sum": {
            "value": 1.0,
            "min": 1.0,
            "max": 1.0,
            "count": 35
        },
        "Dodge.Losses.PolicyLoss.mean": {
            "value": 0.10186072853206006,
            "min": 0.0943087551356731,
            "max": 0.10672549202711855,
            "count": 34
        },
        "Dodge.Losses.PolicyLoss.sum": {
            "value": 0.10186072853206006,
            "min": 0.0943087551356731,
            "max": 0.10672549202711855,
            "count": 34
        },
        "Dodge.Losses.ValueLoss.mean": {
            "value": 4.557524255380002,
            "min": 2.8203476351550503,
            "max": 26.791676533527863,
            "count": 34
        },
        "Dodge.Losses.ValueLoss.sum": {
            "value": 4.557524255380002,
            "min": 2.8203476351550503,
            "max": 26.791676533527863,
            "count": 34
        },
        "Dodge.Policy.LearningRate.mean": {
            "value": 3.467498844199988e-06,
            "min": 3.467498844199988e-06,
            "max": 0.0002020386326538,
            "count": 34
        },
        "Dodge.Policy.LearningRate.sum": {
            "value": 3.467498844199988e-06,
            "min": 3.467498844199988e-06,
            "max": 0.0002020386326538,
            "count": 34
        },
        "Dodge.Policy.Epsilon.mean": {
            "value": 0.10115579999999998,
            "min": 0.10115579999999998,
            "max": 0.16734619999999994,
            "count": 34
        },
        "Dodge.Policy.Epsilon.sum": {
            "value": 0.10115579999999998,
            "min": 0.10115579999999998,
            "max": 0.16734619999999994,
            "count": 34
        },
        "Dodge.Policy.Beta.mean": {
            "value": 0.004999999999999999,
            "min": 0.004999999999999999,
            "max": 0.005,
            "count": 34
        },
        "Dodge.Policy.Beta.sum": {
            "value": 0.004999999999999999,
            "min": 0.004999999999999999,
            "max": 0.005,
            "count": 34
        }
    },
    "metadata": {
        "timer_format_version": "0.1.0",
        "start_time_seconds": "1708897670",
        "python_version": "3.10.12 | packaged by Anaconda, Inc. | (main, Jul  5 2023, 19:01:18) [MSC v.1916 64 bit (AMD64)]",
        "command_line_arguments": "C:\\Users\\sjasr\\anaconda3\\envs\\mlagents\\Scripts\\mlagents-learn config/dodge_config.yaml --resume --run-id=dodge_29",
        "mlagents_version": "1.0.0",
        "mlagents_envs_version": "1.0.0",
        "communication_protocol_version": "1.5.0",
        "pytorch_version": "1.13.1+cu117",
        "numpy_version": "1.23.1",
        "end_time_seconds": "1708898465"
    },
    "total": 795.4465495000004,
    "count": 1,
    "self": 0.009293500002968358,
    "children": {
        "run_training.setup": {
            "total": 0.09364859999914188,
            "count": 1,
            "self": 0.09364859999914188
        },
        "TrainerController.start_learning": {
            "total": 795.3436073999983,
            "count": 1,
            "self": 0.671352600431419,
            "children": {
                "TrainerController._reset_env": {
                    "total": 9.915861900000891,
                    "count": 1,
                    "self": 9.915861900000891
                },
                "TrainerController.advance": {
                    "total": 784.5599788995642,
                    "count": 26932,
                    "self": 0.5008425997766608,
                    "children": {
                        "env_step": {
                            "total": 351.4456563997701,
                            "count": 26932,
                            "self": 282.09546790000604,
                            "children": {
                                "SubprocessEnvManager._take_step": {
                                    "total": 68.945057599758,
                                    "count": 26932,
                                    "self": 1.734699099946738,
                                    "children": {
                                        "TorchPolicy.evaluate": {
                                            "total": 67.21035849981126,
                                            "count": 21706,
                                            "self": 67.21035849981126
                                        }
                                    }
                                },
                                "workers": {
                                    "total": 0.4051309000060428,
                                    "count": 26932,
                                    "self": 0.0,
                                    "children": {
                                        "worker_root": {
                                            "total": 785.4544679999017,
                                            "count": 26932,
                                            "is_parallel": true,
                                            "self": 542.3882256995093,
                                            "children": {
                                                "steps_from_proto": {
                                                    "total": 0.0004907000002276618,
                                                    "count": 1,
                                                    "is_parallel": true,
                                                    "self": 0.00011580000136746094,