{
    "name": "root",
    "gauges": {
        "Dodge.Policy.Entropy.mean": {
            "value": 2.0363881587982178,
            "min": 1.9918845891952515,
            "max": 2.1922121047973633,
            "count": 18
        },
        "Dodge.Policy.Entropy.sum": {
            "value": 20380.171875,
            "min": 19799.083984375,
            "max": 22728.85546875,
            "count": 18
        },
        "Dodge.Environment.EpisodeLength.mean": {
            "value": 151.88709677419354,
            "min": 122.13725490196079,
            "max": 214.06382978723406,
            "count": 18
        },
        "Dodge.Environment.EpisodeLength.sum": {
            "value": 9417.0,
            "min": 6229.0,
            "max": 11875.0,
            "count": 18
        },
        "Dodge.Step.mean": {
            "value": 179979.0,
            "min": 9992.0,
            "max": 179979.0,
            "count": 18
        },
        "Dodge.Step.sum": {
            "value": 179979.0,
            "min": 9992.0,
            "max": 179979.0,
            "count": 18
        },
        "Dodge.Policy.ExtrinsicValueEstimate.mean": {
            "value": 0.1837688535451889,
            "min": -0.016240546479821205,
            "max": 0.24591882526874542,
            "count": 18
        },
        "Dodge.Policy.ExtrinsicValueEstimate.sum": {
            "value": 62.66518020629883,
            "min": -5.456823348999023,
            "max": 84.35015869140625,
            "count": 18
        },
        "Dodge.Policy.CuriosityValueEstimate.mean": {
            "value": 0.004599437583237886,
            "min": -0.019433755427598953,
            "max": 0.015242377296090126,
            "count": 18
        },
        "Dodge.Policy.CuriosityValueEstimate.sum": {
            "value": 1.5684082508087158,
            "min": -6.5297417640686035,
            "max": 5.258620262145996,
            "count": 18
        },
        "Dodge.Environment.CumulativeReward.mean": {
            "value": 0.4974193673040117,
            "min": 0.24427452158438517,
            "max": 0.7751320905605648,
            "count": 18
        },
        "Dodge.Environment.CumulativeReward.sum": {
            "value": 30.840000772848725,
            "min": 12.458000600803643,
            "max": 45.93400080408901,
            "count": 18
        },
        "Dodge.Policy.ExtrinsicReward.mean": {
            "value": 0.4974193673040117,
            "min": 0.24427452158438517,
            "max": 0.7751320905605648,
            "count": 18
        },
        "Dodge.Policy.ExtrinsicReward.sum": {
            "value": 30.840000772848725,
            "min": 12.458000600803643,
            "max": 45.93400080408901,
            "count": 18
        },
        "Dodge.Policy.CuriosityReward.mean": {
            "value": 0.0016637159673072962,
            "min": 0.001645896439059157,
            "max": 0.014947216849031974,
            "count": 18
        },
        "Dodge.Policy.CuriosityReward.sum": {
            "value": 0.10315038997305237,
            "min": 0.09632531996544458,
            "max": 0.8968330109419185,
            "count": 18
        },
        "Dodge.Losses.PolicyLoss.mean": {
            "value": 0.03286501764281032,
            "min": 0.027011859250099707,
            "max": 0.04357288496491189,
            "count": 18
        },
        "Dodge.Losses.PolicyLoss.sum": {
            "value": 0.06573003528562064,
            "min": 0.05955707361378397,
            "max": 0.1037356509671857,
            "count": 18
        },
        "Dodge.Losses.ValueLoss.mean": {
            "value": 0.02316828097779459,
            "min": 0.0018715212111904596,
            "max": 0.045628273869321376,
            "count": 18
        },
        "Dodge.Losses.ValueLoss.sum": {
            "value": 0.04633656195558918,
            "min": 0.003743042422380919,
            "max": 0.09125654773864275,
            "count": 18
        },
        "Dodge.Policy.LearningRate.mean": {
            "value": 0.0002473671175443,
            "min": 0.0002473671175443,
            "max": 0.00029807355064215,
            "count": 18
        },
        "Dodge.Policy.LearningRate.sum": {
            "value": 0.0004947342350886,
            "min": 0.0004947342350886,
            "max": 0.0008775237074920999,
            "count": 18
        },
        "Dodge.Policy.Epsilon.mean": {
            "value": 0.1824557,
            "min": 0.1824557,
            "max": 0.19935785,
            "count": 18
        },
        "Dodge.Policy.Epsilon.sum": {
            "value": 0.3649114,
            "min": 0.3649114,
            "max": 0.5925079,
            "count": 18
        },
        "Dodge.Policy.Beta.mean": {
            "value": 0.005,
            "min": 0.005,
            "max": 0.005,
            "count": 18
        },
        "Dodge.Policy.Beta.sum": {
            "value": 0.01,
            "min": 0.01,
            "max": 0.015,
            "count": 18
        },
        "Dodge.Losses.CuriosityForwardLoss.mean": {
            "value": 0.010647807609833155,
            "min": 0.009232748771965919,
            "max": 0.5124033393027883,
            "count": 18
        },
        "Dodge.Losses.CuriosityForwardLoss.sum": {
            "value": 0.02129561521966631,
            "min": 0.01981359541726609,
            "max": 1.0248066786055765,
            "count": 18
        },
        "Dodge.Losses.CuriosityInverseLoss.mean": {
            "value": 2.0557964593172073,
            "min": 1.9785931035876274,
            "max": 2.1976481328407926,
            "count": 18
        },
        "Dodge.Losses.CuriosityInverseLoss.sum": {
            "value": 4.111592918634415,
            "min": 3.957186207175255,
            "max": 6.44561830163002,
            "count": 18
        },
        "Dodge.IsTraining.mean": {
            "value": 1.0,
            "min": 1.0,
            "max": 1.0,
            "count": 18
        },
        "Dodge.IsTraining.sum": {
            "value": 1.0,
            "min": 1.0,
            "max": 1.0,
            "count": 18
        }
    },
    "metadata": {
        "timer_format_version": "0.1.0",
        "start_time_seconds": "1709491215",
        "python_version": "3.10.12 | packaged by Anaconda, Inc. | (main, Jul  5 2023, 19:01:18) [MSC v.1916 64 bit (AMD64)]",
        "command_line_arguments": "C:\\Users\\sjasr\\anaconda3\\envs\\mlagents\\Scripts\\mlagents-learn config/dodge_config.yaml --run-id=dodge_discrete_18",
        "mlagents_version": "1.0.0",
        "mlagents_envs_version": "1.0.0",
        "communication_protocol_version": "1.5.0",
        "pytorch_version": "1.13.1+cu117",
        "numpy_version": "1.23.1",
        "end_time_seconds": "1709491501"
    },
    "total": 286.1107097999993,
    "count": 1,
    "self": 0.00812719999885303,
    "children": {
        "run_training.setup": {
            "total": 0.09019590000025346,
            "count": 1,
            "self": 0.09019590000025346
        },
        "TrainerController.start_learning": {
            "total": 286.0123867000002,
            "count": 1,
            "self": 0.1557048000395298,
            "children": {
                "TrainerController._reset_env": {
                    "total": 30.064142100000026,
                    "count": 1,
                    "self": 30.064142100000026
                },
                "TrainerController.advance": {
                    "total": 255.5170672999593,
                    "count": 7601,
                    "self": 0.12456820031729876,
                    "children": {
                        "env_step": {
                            "total": 129.0510498998301,
                            "count": 7601,
                            "self": 105.90353759977734,
                            "children": {
                                "SubprocessEnvManager._take_step": {
                                    "total": 23.06016640008602,
                                    "count": 7601,