{
    "name": "root",
    "gauges": {
        "Dodge.Policy.Entropy.mean": {
            "value": 0.7802804112434387,
            "min": 0.7802804112434387,
            "max": 1.3897291421890259,
            "count": 24
        },
        "Dodge.Policy.Entropy.sum": {
            "value": 7727.89697265625,
            "min": 7727.89697265625,
            "max": 14497.654296875,
            "count": 24
        },
        "Dodge.Environment.EpisodeLength.mean": {
            "value": 32.80201342281879,
            "min": 27.80169971671388,
            "max": 41.82627118644068,
            "count": 24
        },
        "Dodge.Environment.EpisodeLength.sum": {
            "value": 9775.0,
            "min": 9328.0,
            "max": 9975.0,
            "count": 24
        },
        "Dodge.Step.mean": {
            "value": 239984.0,
            "min": 9938.0,
            "max": 239984.0,
            "count": 24
        },
        "Dodge.Step.sum": {
            "value": 239984.0,
            "min": 9938.0,
            "max": 239984.0,
            "count": 24
        },
        "Dodge.Policy.ExtrinsicValueEstimate.mean": {
            "value": -0.040444619953632355,
            "min": -0.20765727758407593,
            "max": -0.005965267773717642,
            "count": 24
        },
        "Dodge.Policy.ExtrinsicValueEstimate.sum": {
            "value": -13.589391708374023,
            "min": -72.26473236083984,
            "max": -1.8373024463653564,
            "count": 24
        },
        "Dodge.Environment.CumulativeReward.mean": {
            "value": -0.03691275167785235,
            "min": -0.22468354430379747,
            "max": -0.012396694214876033,
            "count": 24
        },
        "Dodge.Environment.CumulativeReward.sum": {
            "value": -11.0,
            "min": -71.0,
            "max": -3.0,
            "count": 24
        },
        "Dodge.Policy.ExtrinsicReward.mean": {
            "value": -0.03691275167785235,
            "min": -0.22468354430379747,
            "max": -0.012396694214876033,
            "count": 24
        },
        "Dodge.Policy.ExtrinsicReward.sum": {
            "value": -11.0,
            "min": -71.0,
            "max": -3.0,
            "count": 24
        },
        "Dodge.Losses.PolicyLoss.mean": {
            "value": 0.24300733205883282,
            "min": 0.2382677325784285,
            "max": 0.2541289637970421,
            "count": 24
        },
        "Dodge.Losses.PolicyLoss.sum": {
            "value": 20.169608560883123,
            "min": 18.584883141117423,
            "max": 21.346832958951534,
            "count": 24
        },
        "Dodge.Losses.ValueLoss.mean": {
            "value": 0.016636854545584504,
            "min": 0.0028477870048875067,
            "max": 0.05395159509039765,
            "count": 24
        },
        "Dodge.Losses.ValueLoss.sum": {
            "value": 1.380858927283514,
            "min": 0.22497517338611303,
            "max": 4.37007920232221,
            "count": 24
        },
        "Dodge.Policy.LearningRate.mean": {
            "value": 0.00015896530484290602,
            "min": 0.00015896530484290602,
            "max": 0.00029691535487436923,
            "count": 24
        },
        "Dodge.Policy.LearningRate.sum": {
            "value": 0.013194120301961201,
            "min": 0.013194120301961201,
            "max": 0.023575002241665997,
            "count": 24
        },
        "Dodge.Policy.Epsilon.mean": {
            "value": 0.25896525783132535,
            "min": 0.25896525783132535,
            "max": 0.39691535384615395,
            "count": 24
        },
        "Dodge.Policy.Epsilon.sum": {
            "value": 21.494116400000003,
            "min": 21.139362600000005,
            "max": 31.675002000000003,
            "count": 24
        },
        "Dodge.Policy.Beta.mean": {
            "value": 0.0005000000000000001,
            "min": 0.0005000000000000001,
            "max": 0.0005000000000000001,
            "count": 24
        },
        "Dodge.Policy.Beta.sum": {
            "value": 0.04150000000000001,
            "min": 0.038500000000000006,
            "max": 0.04200000000000001,
            "count": 24
        },
        "Dodge.IsTraining.mean": {
            "value": 1.0,
            "min": 1.0,
            "max": 1.0,
            "count": 24
        },
        "Dodge.IsTraining.sum": {
            "value": 1.0,
            "min": 1.0,
            "max": 1.0,
            "count": 24
        }
    },
    "metadata": {
        "timer_format_version": "0.1.0",
        "start_time_seconds": "1708879623",
        "python_version": "3.10.12 | packaged by Anaconda, Inc. | (main, Jul  5 2023, 19:01:18) [MSC v.1916 64 bit (AMD64)]",
        "command_line_arguments": "C:\\Users\\sjasr\\anaconda3\\envs\\mlagents\\Scripts\\mlagents-learn config/dodge_config.yaml --run-id=dodge_22",
        "mlagents_version": "1.0.0",
        "mlagents_envs_version": "1.0.0",
        "communication_protocol_version": "1.5.0",
        "pytorch_version": "1.13.1+cu117",
        "numpy_version": "1.23.1",
        "end_time_seconds": "1708881113"
    },
    "total": 1489.4950212000003,
    "count": 1,
    "self": 0.006984800000282121,
    "children": {
        "run_training.setup": {
            "total": 0.0854498999997304,
            "count": 1,
            "self": 0.0854498999997304
        },
        "TrainerController.start_learning": {
            "total": 1489.4025865000003,
            "count": 1,
            "self": 0.3702882999805297,
            "children": {
                "TrainerController._reset_env": {
                    "total": 9.417371999999887,
                    "count": 1,
                    "self": 9.417371999999887
                },
                "TrainerController.advance": {
                    "total": 1479.335237200019,
                    "count": 20097,
                    "self": 0.31459569979051594,
                    "children": {
                        "env_step": {
                            "total": 209.1715413001566,
                            "count": 20097,
                            "self": 171.27769349983464,
                            "children": {
                                "SubprocessEnvManager._take_step": {
                                    "total": 37.67147330024636,
                                    "count": 20097,
                                    "self": 0.9442161000461056,
                                    "children": {
                                        "TorchPolicy.evaluate": {
                                            "total": 36.727257200200256,
                                            "count": 15064,
                                            "self": 36.727257200200256
                                        }
                                    }
                                },
                                "workers": {
                                    "total": 0.22237450007560255,
                                    "count": 20096,
                                    "self": 0.0,
                                    "children": {
                                        "worker_root": {
                                            "total": 1478.9040792001942,
                                            "count": 20096,
                                            "is_parallel": true,
                                            "self": 1329.9497278002073,
                                            "children": {
                                                "steps_from_proto": {
                                                    "total": 0.0005416999993030913,
                                                    "count": 1,
                                                    "is_parallel": true,
                                                    "self": 0.00011839999933727086,