{
    "name": "root",
    "gauges": {
        "Bullet.Policy.Entropy.mean": {
            "value": 0.7258802652359009,
            "min": 0.6581888794898987,
            "max": 0.9526509046554565,
            "count": 157
        },
        "Bullet.Policy.Entropy.sum": {
            "value": 7215.25,
            "min": 6555.5615234375,
            "max": 9627.9794921875,
            "count": 157
        },
        "Bullet.Step.mean": {
            "value": 1569957.0,
            "min": 9950.0,
            "max": 1569957.0,
            "count": 157
        },
        "Bullet.Step.sum": {
            "value": 1569957.0,
            "min": 9950.0,
            "max": 1569957.0,
            "count": 157
        },
        "Bullet.Policy.ExtrinsicValueEstimate.mean": {
            "value": 0.1575118452310562,
            "min": -0.12016618996858597,
            "max": 0.18507163226604462,
            "count": 157
        },
        "Bullet.Policy.ExtrinsicValueEstimate.sum": {
            "value": 25.359407424926758,
            "min": -19.58708953857422,
            "max": 30.166675567626953,
            "count": 157
        },
        "Bullet.Policy.GailValueEstimate.mean": {
            "value": 24.198009490966797,
            "min": 20.899341583251953,
            "max": 29.031414031982422,
            "count": 157
        },
        "Bullet.Policy.GailValueEstimate.sum": {
            "value": 3895.87939453125,
            "min": 3343.89453125,
            "max": 4674.0576171875,
            "count": 157
        },
        "Bullet.Environment.EpisodeLength.mean": {
            "value": 746.8181818181819,
            "min": 406.5,
            "max": 977.7272727272727,
            "count": 157
        },
        "Bullet.Environment.EpisodeLength.sum": {
            "value": 8215.0,
            "min": 1626.0,
            "max": 15261.0,
            "count": 157
        },
        "Bullet.Environment.CumulativeReward.mean": {
            "value": 0.9855147092179819,
            "min": -2.1085151637142356,
            "max": 1.842583280056715,
            "count": 157
        },
        "Bullet.Environment.CumulativeReward.sum": {
            "value": 10.8406618013978,
            "min": -23.19366680085659,
            "max": 23.163335241377354,
            "count": 157
        },
        "Bullet.Policy.ExtrinsicReward.mean": {
            "value": 0.9855147092179819,
            "min": -2.1085151637142356,
            "max": 1.842583280056715,
            "count": 157
        },
        "Bullet.Policy.ExtrinsicReward.sum": {
            "value": 10.8406618013978,
            "min": -23.19366680085659,
            "max": 23.163335241377354,
            "count": 157
        },
        "Bullet.Policy.GailReward.mean": {
            "value": 228.62272607738322,
            "min": 118.87836116552353,
            "max": 345.43453111973673,
            "count": 157
        },
        "Bullet.Policy.GailReward.sum": {
            "value": 2514.8499868512154,
            "min": 475.5134446620941,
            "max": 5507.905871391296,
            "count": 157
        },
        "Bullet.Losses.PolicyLoss.mean": {
            "value": 0.018732552372966893,
            "min": 0.014321749343556197,
            "max": 0.03503566392312981,
            "count": 157
        },
        "Bullet.Losses.PolicyLoss.sum": {
            "value": 0.018732552372966893,
            "min": 0.014321749343556197,
            "max": 0.05849702419618552,
            "count": 157
        },
        "Bullet.Losses.ValueLoss.mean": {
            "value": 10.664219498634338,
            "min": 4.8371133009592695,
            "max": 19.879963159561157,
            "count": 157
        },
        "Bullet.Losses.ValueLoss.sum": {
            "value": 10.664219498634338,
            "min": 4.8371133009592695,
            "max": 26.03191820780436,
            "count": 157
        },
        "Bullet.Policy.LearningRate.mean": {
            "value": 1.0857753284650002e-05,
            "min": 1.0857753284650002e-05,
            "max": 4.97779504441e-05,
            "count": 157
        },
        "Bullet.Policy.LearningRate.sum": {
            "value": 1.0857753284650002e-05,
            "min": 1.0857753284650002e-05,
            "max": 9.726443047115e-05,
            "count": 157
        },
        "Bullet.Policy.Epsilon.mean": {
            "value": 0.12171535,
            "min": 0.12171535,
            "max": 0.1995559,
            "count": 157
        },
        "Bullet.Policy.Epsilon.sum": {
            "value": 0.12171535,
            "min": 0.12171535,
            "max": 0.39452885000000004,
            "count": 157
        },
        "Bullet.Policy.Beta.mean": {
            "value": 0.005,
            "min": 0.005,
            "max": 0.005,
            "count": 157
        },
        "Bullet.Policy.Beta.sum": {
            "value": 0.005,
            "min": 0.005,
            "max": 0.01,
            "count": 157
        },
        "Bullet.Policy.GAILPolicyEstimate.mean": {
            "value": 0.2769242487847805,
            "min": 0.22577637682358423,
            "max": 0.4708355243007342,
            "count": 157
        },
        "Bullet.Policy.GAILPolicyEstimate.sum": {
            "value": 0.2769242487847805,
            "min": 0.22577637682358423,
            "max": 0.8279992217818896,
            "count": 157
        },
        "Bullet.Policy.GAILExpertEstimate.mean": {
            "value": 0.7434791301687559,
            "min": 0.46767334764202434,
            "max": 0.7743239104747772,
            "count": 157
        },
        "Bullet.Policy.GAILExpertEstimate.sum": {
            "value": 0.7434791301687559,
            "min": 0.46767334764202434,
            "max": 1.5006037205457687,
            "count": 157
        },
        "Bullet.Losses.GAILLoss.mean": {
            "value": 0.8029989625016848,
            "min": 0.6688199490308762,
            "max": 1.5223742773135502,
            "count": 157
        },
        "Bullet.Losses.GAILLoss.sum": {
            "value": 0.8029989625016848,
            "min": 0.6688199490308762,
            "max": 2.4194750140110655,
            "count": 157
        },
        "Bullet.Policy.GAILGradMagLoss.mean": {
            "value": 1.784449890255928,
            "min": 1.4651460697253544,
            "max": 3.644171198209127,
            "count": 157
        },
        "Bullet.Policy.GAILGradMagLoss.sum": {
            "value": 1.784449890255928,
            "min": 1.4651460697253544,
            "max": 4.682689974705378,
            "count": 157
        },
        "Bullet.IsTraining.mean": {
            "value": 1.0,
            "min": 1.0,
            "max": 1.0,
            "count": 157
        },
        "Bullet.IsTraining.sum": {
            "value": 1.0,
            "min": 1.0,
            "max": 1.0,
            "count": 157
        }
    },
    "metadata": {
        "timer_format_version": "0.1.0",
        "start_time_seconds": "1711407162",
        "python_version": "3.10.12 | packaged by Anaconda, Inc. | (main, Jul  5 2023, 19:01:18) [MSC v.1916 64 bit (AMD64)]",
        "command_line_arguments": "C:\\Users\\sjasr\\anaconda3\\envs\\mlagents\\Scripts\\mlagents-learn config/bullet_config.yaml --run-id=bullet_arena_final_general_08 --time-scale=1 --initialize-from=bullet_arena_final_general_06",
        "mlagents_version": "1.0.0",
        "mlagents_envs_version": "1.0.0",
        "communication_protocol_version": "1.5.0",
        "pytorch_version": "1.13.1+cu117",
        "numpy_version": "1.23.1",
        "end_time_seconds": "1711409607"
    },
    "total": 2444.4715166000024,
    "count": 1,
    "self": 0.008737600001040846,
    "children": {
        "run_training.setup": {
            "total": 0.08461589999933494,
            "count": 1,
            "self": 0.08461589999933494
        },
        "TrainerController.start_learning": {
            "total": 2444.378163100002,
            "count": 1,