{
    "name": "root",
    "gauges": {
        "Chase.Policy.Entropy.mean": {
            "value": 1.2807854413986206,
            "min": 1.2605630159378052,
            "max": 1.3289134502410889,
            "count": 15
        },
        "Chase.Policy.Entropy.sum": {
            "value": 12710.5146484375,
            "min": 11322.05078125,
            "max": 13243.796875,
            "count": 15
        },
        "Chase.Environment.EpisodeLength.mean": {
            "value": 27.793413173652695,
            "min": 7.211538461538462,
            "max": 176.9047619047619,
            "count": 15
        },
        "Chase.Environment.EpisodeLength.sum": {
            "value": 9283.0,
            "min": 375.0,
            "max": 22910.0,
            "count": 15
        },
        "Chase.Step.mean": {
            "value": 179976.0,
            "min": 39978.0,
            "max": 179976.0,
            "count": 15
        },
        "Chase.Step.sum": {
            "value": 179976.0,
            "min": 39978.0,
            "max": 179976.0,
            "count": 15
        },
        "Chase.Policy.ExtrinsicValueEstimate.mean": {
            "value": 0.8177217245101929,
            "min": 0.007726170122623444,
            "max": 0.8177217245101929,
            "count": 15
        },
        "Chase.Policy.ExtrinsicValueEstimate.sum": {
            "value": 312.36968994140625,
            "min": 1.3211750984191895,
            "max": 312.36968994140625,
            "count": 15
        },
        "Chase.Environment.CumulativeReward.mean": {
            "value": 0.9880239520958084,
            "min": 0.019230769230769232,
            "max": 0.9880239520958084,
            "count": 15
        },
        "Chase.Environment.CumulativeReward.sum": {
            "value": 330.0,
            "min": 1.0,
            "max": 330.0,
            "count": 15
        },
        "Chase.Policy.ExtrinsicReward.mean": {
            "value": 0.9880239520958084,
            "min": 0.019230769230769232,
            "max": 0.9880239520958084,
            "count": 15
        },
        "Chase.Policy.ExtrinsicReward.sum": {
            "value": 330.0,
            "min": 1.0,
            "max": 330.0,
            "count": 15
        },
        "Chase.Losses.PolicyLoss.mean": {
            "value": 0.24066231533684185,
            "min": 0.2403234420409565,
            "max": 0.2486607943929706,
            "count": 15
        },
        "Chase.Losses.PolicyLoss.sum": {
            "value": 20.456296803631556,
            "min": 12.474813241439982,
            "max": 20.456296803631556,
            "count": 15
        },
        "Chase.Losses.ValueLoss.mean": {
            "value": 0.01239212754288067,
            "min": 0.006206772743449003,
            "max": 0.02153455142540038,
            "count": 15
        },
        "Chase.Losses.ValueLoss.sum": {
            "value": 1.053330841144857,
            "min": 0.43726202218500815,
            "max": 1.6796950111812297,
            "count": 15
        },
        "Chase.Policy.LearningRate.mean": {
            "value": 0.00019499731029502584,
            "min": 0.00019499731029502584,
            "max": 0.0002783754777964118,
            "count": 15
        },
        "Chase.Policy.LearningRate.sum": {
            "value": 0.016574771375077197,
            "min": 0.014197149367617,
            "max": 0.020910327029891398,
            "count": 15
        },
        "Chase.Policy.Epsilon.mean": {
            "value": 0.1649990917647059,
            "min": 0.1649990917647059,
            "max": 0.19279182352941177,
            "count": 15
        },
        "Chase.Policy.Epsilon.sum": {
            "value": 14.0249228,
            "min": 9.832383,
            "max": 15.170108600000002,
            "count": 15
        },
        "Chase.Policy.Beta.mean": {
            "value": 0.0005000000000000001,
            "min": 0.0005,
            "max": 0.0005000000000000001,
            "count": 15
        },
        "Chase.Policy.Beta.sum": {
            "value": 0.04250000000000001,
            "min": 0.025500000000000002,
            "max": 0.04250000000000001,
            "count": 15
        },
        "Chase.IsTraining.mean": {
            "value": 1.0,
            "min": 1.0,
            "max": 1.0,
            "count": 15
        },
        "Chase.IsTraining.sum": {
            "value": 1.0,
            "min": 1.0,
            "max": 1.0,
            "count": 15
        }
    },
    "metadata": {
        "timer_format_version": "0.1.0",
        "start_time_seconds": "1703443051",
        "python_version": "3.10.12 | packaged by Anaconda, Inc. | (main, Jul  5 2023, 19:01:18) [MSC v.1916 64 bit (AMD64)]",
        "command_line_arguments": "C:\\Users\\sjasr\\anaconda3\\envs\\mlagents\\Scripts\\mlagents-learn config/chase_config.yaml --resume --run-id=Chase",
        "mlagents_version": "1.0.0",
        "mlagents_envs_version": "1.0.0",
        "communication_protocol_version": "1.5.0",
        "pytorch_version": "1.13.1+cu117",
        "numpy_version": "1.23.1",
        "end_time_seconds": "1703443591"
    },
    "total": 539.6804405999992,
    "count": 1,
    "self": 0.00707219999821973,
    "children": {
        "run_training.setup": {
            "total": 0.08524030000080529,
            "count": 1,
            "self": 0.08524030000080529
        },
        "TrainerController.start_learning": {
            "total": 539.5881281000002,
            "count": 1,
            "self": 0.2929777001045295,
            "children": {
                "TrainerController._reset_env": {
                    "total": 15.974599899998793,
                    "count": 1,
                    "self": 15.974599899998793
                },
                "TrainerController.advance": {
                    "total": 523.2123809998975,
                    "count": 15570,
                    "self": 0.250538999804121,
                    "children": {
                        "env_step": {
                            "total": 147.07309420001548,
                            "count": 15570,
                            "self": 120.2574684998799,
                            "children": {
                                "SubprocessEnvManager._take_step": {
                                    "total": 26.635825500217834,
                                    "count": 15570,
                                    "self": 0.7541359002498211,
                                    "children": {
                                        "TorchPolicy.evaluate": {
                                            "total": 25.881689599968013,
                                            "count": 12686,
                                            "self": 25.881689599968013
                                        }
                                    }
                                },
                                "workers": {
                                    "total": 0.17980019991773588,
                                    "count": 15569,
                                    "self": 0.0,
                                    "children": {
                                        "worker_root": {
                                            "total": 517.8512342000249,
                                            "count": 15569,
                                            "is_parallel": true,
                                            "self": 419.82840050004415,
                                            "children": {
                                                "steps_from_proto": {
                                                    "total": 0.0006018000003678026,
                                                    "count": 1,
                                                    "is_parallel": true,
                                                    "self": 0.00015919999896141235,