{
    "name": "root",
    "gauges": {
        "Dodge.Policy.Entropy.mean": {
            "value": 1.4216821193695068,
            "min": 1.414594292640686,
            "max": 1.4228419065475464,
            "count": 65
        },
        "Dodge.Policy.Entropy.sum": {
            "value": 15149.4443359375,
            "min": 13048.1728515625,
            "max": 16989.80859375,
            "count": 65
        },
        "Dodge.Environment.EpisodeLength.mean": {
            "value": 425.4166666666667,
            "min": 322.1034482758621,
            "max": 453.4166666666667,
            "count": 65
        },
        "Dodge.Environment.EpisodeLength.sum": {
            "value": 10210.0,
            "min": 5309.0,
            "max": 12061.0,
            "count": 65
        },
        "Dodge.Step.mean": {
            "value": 649976.0,
            "min": 9901.0,
            "max": 649976.0,
            "count": 65
        },
        "Dodge.Step.sum": {
            "value": 649976.0,
            "min": 9901.0,
            "max": 649976.0,
            "count": 65
        },
        "Dodge.Policy.ExtrinsicValueEstimate.mean": {
            "value": 0.1744743138551712,
            "min": 0.1646905243396759,
            "max": 0.1782504916191101,
            "count": 65
        },
        "Dodge.Policy.ExtrinsicValueEstimate.sum": {
            "value": 14.655841827392578,
            "min": 13.97376537322998,
            "max": 16.37696075439453,
            "count": 65
        },
        "Dodge.Environment.CumulativeReward.mean": {
            "value": 0.8521667270979378,
            "min": 0.472555592811356,
            "max": 0.9085000675792495,
            "count": 65
        },
        "Dodge.Environment.CumulativeReward.sum": {
            "value": 20.452001450350508,
            "min": 8.506000670604408,
            "max": 24.13800166454166,
            "count": 65
        },
        "Dodge.Policy.ExtrinsicReward.mean": {
            "value": 0.8521667270979378,
            "min": 0.472555592811356,
            "max": 0.9085000675792495,
            "count": 65
        },
        "Dodge.Policy.ExtrinsicReward.sum": {
            "value": 20.452001450350508,
            "min": 8.506000670604408,
            "max": 24.13800166454166,
            "count": 65
        },
        "Dodge.IsTraining.mean": {
            "value": 1.0,
            "min": 1.0,
            "max": 1.0,
            "count": 65
        },
        "Dodge.IsTraining.sum": {
            "value": 1.0,
            "min": 1.0,
            "max": 1.0,
            "count": 65
        },
        "Dodge.Losses.PolicyLoss.mean": {
            "value": 0.007775953634336474,
            "min": 0.005848464694281574,
            "max": 0.008098850610622321,
            "count": 16
        },
        "Dodge.Losses.PolicyLoss.sum": {
            "value": 0.007775953634336474,
            "min": 0.005848464694281574,
            "max": 0.008098850610622321,
            "count": 16
        },
        "Dodge.Losses.ValueLoss.mean": {
            "value": 0.00024404076521022944,
            "min": 0.00023129913734010188,
            "max": 0.00040460816398990573,
            "count": 16
        },
        "Dodge.Losses.ValueLoss.sum": {
            "value": 0.00024404076521022944,
            "min": 0.00023129913734010188,
            "max": 0.00040460816398990573,
            "count": 16
        },
        "Dodge.Policy.LearningRate.mean": {
            "value": 0.00010765446411519998,
            "min": 0.00010765446411519998,
            "max": 0.00028799010400329996,
            "count": 16
        },
        "Dodge.Policy.LearningRate.sum": {
            "value": 0.00010765446411519998,
            "min": 0.00010765446411519998,
            "max": 0.00028799010400329996,
            "count": 16
        },
        "Dodge.Policy.Epsilon.mean": {
            "value": 0.1358848,
            "min": 0.1358848,
            "max": 0.19599670000000002,
            "count": 16
        },
        "Dodge.Policy.Epsilon.sum": {
            "value": 0.1358848,
            "min": 0.1358848,
            "max": 0.19599670000000002,
            "count": 16
        },
        "Dodge.Policy.Beta.mean": {
            "value": 0.005,
            "min": 0.005,
            "max": 0.005,
            "count": 16
        },
        "Dodge.Policy.Beta.sum": {
            "value": 0.005,
            "min": 0.005,
            "max": 0.005,
            "count": 16
        }
    },
    "metadata": {
        "timer_format_version": "0.1.0",
        "start_time_seconds": "1709422524",
        "python_version": "3.10.12 | packaged by Anaconda, Inc. | (main, Jul  5 2023, 19:01:18) [MSC v.1916 64 bit (AMD64)]",
        "command_line_arguments": "C:\\Users\\sjasr\\anaconda3\\envs\\mlagents\\Scripts\\mlagents-learn config/dodge_config.yaml --initialize-from=dodge_58 --run-id=dodge_58.1",
        "mlagents_version": "1.0.0",
        "mlagents_envs_version": "1.0.0",
        "communication_protocol_version": "1.5.0",
        "pytorch_version": "1.13.1+cu117",
        "numpy_version": "1.23.1",
        "end_time_seconds": "1709423268"
    },
    "total": 741.0845140999954,
    "count": 1,
    "self": 0.00737759999174159,
    "children": {
        "run_training.setup": {
            "total": 0.09458409999933792,
            "count": 1,
            "self": 0.09458409999933792
        },
        "TrainerController.start_learning": {
            "total": 740.9825524000044,
            "count": 1,
            "self": 0.6214156995920348,
            "children": {
                "TrainerController._reset_env": {
                    "total": 15.151002300000982,
                    "count": 1,
                    "self": 15.151002300000982
                },
                "TrainerController.advance": {
                    "total": 724.9881354004101,
                    "count": 27451,
                    "self": 0.4846387995785335,
                    "children": {
                        "env_step": {
                            "total": 274.6656928007651,
                            "count": 27451,
                            "self": 190.31821050066355,
                            "children": {
                                "SubprocessEnvManager._take_step": {
                                    "total": 83.98045159994217,
                                    "count": 27451,
                                    "self": 2.280280400525953,
                                    "children": {
                                        "TorchPolicy.evaluate": {
                                            "total": 81.70017119941622,
                                            "count": 27451,
                                            "self": 81.70017119941622
                                        }
                                    }
                                },
                                "workers": {
                                    "total": 0.36703070015937556,
                                    "count": 27450,
                                    "self": 0.0,
                                    "children": {
                                        "worker_root": {
                                            "total": 725.2282333006515,
                                            "count": 27450,
                                            "is_parallel": true,
                                            "self": 582.9472433007832,
                                            "children": {
                                                "steps_from_proto": {
                                                    "total": 0.0005649000013363548,
                                                    "count": 1,
                                                    "is_parallel": true,
                                                    "self": 0.00012430000788299367,