{
    "name": "root",
    "gauges": {
        "Bullet.Policy.Entropy.mean": {
            "value": 1.5814951658248901,
            "min": 1.5191926956176758,
            "max": 1.6438865661621094,
            "count": 200
        },
        "Bullet.Policy.Entropy.sum": {
            "value": 31440.123046875,
            "min": 30585.158203125,
            "max": 33501.75,
            "count": 200
        },
        "Bullet.Step.mean": {
            "value": 1999989.0,
            "min": 9970.0,
            "max": 1999989.0,
            "count": 200
        },
        "Bullet.Step.sum": {
            "value": 1999989.0,
            "min": 9970.0,
            "max": 1999989.0,
            "count": 200
        },
        "Bullet.Policy.ExtrinsicValueEstimate.mean": {
            "value": -0.08633030951023102,
            "min": -0.2629152834415436,
            "max": 0.341013103723526,
            "count": 200
        },
        "Bullet.Policy.ExtrinsicValueEstimate.sum": {
            "value": -27.971019744873047,
            "min": -85.44747161865234,
            "max": 110.14723205566406,
            "count": 200
        },
        "Bullet.Policy.CuriosityValueEstimate.mean": {
            "value": 0.013735868036746979,
            "min": -0.44004133343696594,
            "max": 0.07564201951026917,
            "count": 200
        },
        "Bullet.Policy.CuriosityValueEstimate.sum": {
            "value": 4.450421333312988,
            "min": -139.49310302734375,
            "max": 24.35672950744629,
            "count": 200
        },
        "Bullet.Environment.EpisodeLength.mean": {
            "value": 495.76190476190476,
            "min": 224.35,
            "max": 878.0555555555555,
            "count": 200
        },
        "Bullet.Environment.EpisodeLength.sum": {
            "value": 20822.0,
            "min": 3014.0,
            "max": 31610.0,
            "count": 200
        },
        "Bullet.Self-play.ELO.mean": {
            "value": 1220.8944632294852,
            "min": 1180.8438568972404,
            "max": 1243.6672159532222,
            "count": 200
        },
        "Bullet.Self-play.ELO.sum": {
            "value": 25638.783727819187,
            "min": 4908.412870906898,
            "max": 37154.037933750784,
            "count": 200
        },
        "Bullet.Environment.CumulativeReward.mean": {
            "value": -0.600571499161777,
            "min": -2.3377620307063416,
            "max": 1.8953662928193808,
            "count": 200
        },
        "Bullet.Environment.CumulativeReward.sum": {
            "value": -12.612001482397318,
            "min": -49.09300264483318,
            "max": 40.49299471452832,
            "count": 200
        },
        "Bullet.Policy.ExtrinsicReward.mean": {
            "value": -0.600571499161777,
            "min": -2.3377620307063416,
            "max": 1.8953662928193808,
            "count": 200
        },
        "Bullet.Policy.ExtrinsicReward.sum": {
            "value": -12.612001482397318,
            "min": -49.09300264483318,
            "max": 40.49299471452832,
            "count": 200
        },
        "Bullet.Policy.CuriosityReward.mean": {
            "value": 0.15711548367454226,
            "min": 0.06654277517427545,
            "max": 1.8645973116617824,
            "count": 200
        },
        "Bullet.Policy.CuriosityReward.sum": {
            "value": 3.2994251571653876,
            "min": 0.814570358619676,
            "max": 59.66711397317704,
            "count": 200
        },
        "Bullet.Losses.PolicyLoss.mean": {
            "value": 0.020779618421026193,
            "min": 0.015317643989268012,
            "max": 0.034325962096772855,
            "count": 200
        },
        "Bullet.Losses.PolicyLoss.sum": {
            "value": 0.041559236842052386,
            "min": 0.015317643989268012,
            "max": 0.059954993250964136,
            "count": 200
        },
        "Bullet.Losses.ValueLoss.mean": {
            "value": 0.01681548721777896,
            "min": 0.006744394369889051,
            "max": 0.03356189948196212,
            "count": 200
        },
        "Bullet.Losses.ValueLoss.sum": {
            "value": 0.03363097443555792,
            "min": 0.006744394369889051,
            "max": 0.04217820366223653,
            "count": 200
        },
        "Bullet.Policy.LearningRate.mean": {
            "value": 7.026247658249927e-07,
            "min": 7.026247658249927e-07,
            "max": 0.00029875620041459997,
            "count": 200
        },
        "Bullet.Policy.LearningRate.sum": {
            "value": 1.4052495316499855e-06,
            "min": 1.4052495316499855e-06,
            "max": 0.0005863245045585,
            "count": 200
        },
        "Bullet.Policy.Epsilon.mean": {
            "value": 0.10023417500000001,
            "min": 0.10023417500000001,
            "max": 0.19958540000000002,
            "count": 200
        },
        "Bullet.Policy.Epsilon.sum": {
            "value": 0.20046835000000002,
            "min": 0.10084920000000001,
            "max": 0.39544150000000006,
            "count": 200
        },
        "Bullet.Policy.Beta.mean": {
            "value": 0.005,
            "min": 0.005,
            "max": 0.005,
            "count": 200
        },
        "Bullet.Policy.Beta.sum": {
            "value": 0.01,
            "min": 0.005,
            "max": 0.01,
            "count": 200
        },
        "Bullet.Losses.CuriosityForwardLoss.mean": {
            "value": 0.029230706432523824,
            "min": 0.021008412276084226,
            "max": 0.7589657542606195,
            "count": 200
        },
        "Bullet.Losses.CuriosityForwardLoss.sum": {
            "value": 0.05846141286504765,
            "min": 0.021008412276084226,
            "max": 0.7589657542606195,
            "count": 200
        },
        "Bullet.Losses.CuriosityInverseLoss.mean": {
            "value": 1.4199344938000042,
            "min": 1.3490457236766815,
            "max": 2.745473732550939,
            "count": 200
        },
        "Bullet.Losses.CuriosityInverseLoss.sum": {
            "value": 2.8398689876000085,
            "min": 1.3490457236766815,
            "max": 3.6161118547121687,
            "count": 200
        },
        "Bullet.IsTraining.mean": {
            "value": 1.0,
            "min": 1.0,
            "max": 1.0,
            "count": 200
        },
        "Bullet.IsTraining.sum": {
            "value": 1.0,
            "min": 1.0,
            "max": 1.0,
            "count": 200
        }
    },
    "metadata": {
        "timer_format_version": "0.1.0",
        "start_time_seconds": "1711327918",
        "python_version": "3.10.12 | packaged by Anaconda, Inc. | (main, Jul  5 2023, 19:01:18) [MSC v.1916 64 bit (AMD64)]",
        "command_line_arguments": "C:\\Users\\sjasr\\anaconda3\\envs\\mlagents\\Scripts\\mlagents-learn config/bullet_config.yaml --run-id=bullet_arena_final_general_03_self_play_01 --time-scale=1 --initialize-from=bullet_arena_final_general_03",
        "mlagents_version": "1.0.0",
        "mlagents_envs_version": "1.0.0",
        "communication_protocol_version": "1.5.0",
        "pytorch_version": "1.13.1+cu117",
        "numpy_version": "1.23.1",
        "end_time_seconds": "1711332120"
    },
    "total": 4201.477891099996,
    "count": 1,
    "self": 0.010791900000185706,
    "children": {
        "run_training.setup": {
            "total": 0.09039559999655467,
            "count": 1,
            "self": 0.09039559999655467
        },
        "TrainerController.start_learning": {
            "total": 4201.376703599999,
            "count": 1,
            "self": 2.6382863014150644,
            "children": {
                "TrainerController._reset_env": {
                    "total": 6.648392400013108,
                    "count": 20,
                    "self": 6.648392400013108
                },