{
    "name": "root",
    "metadata": {
        "timer_format_version": "0.1.0",
        "start_time_seconds": "1703478738",
        "python_version": "3.10.12 | packaged by Anaconda, Inc. | (main, Jul  5 2023, 19:01:18) [MSC v.1916 64 bit (AMD64)]",
        "command_line_arguments": "C:\\Users\\sjasr\\anaconda3\\envs\\mlagents\\Scripts\\mlagents-learn config/chase_config.yaml --run-id=Chase6",
        "mlagents_version": "1.0.0",
        "mlagents_envs_version": "1.0.0",
        "communication_protocol_version": "1.5.0",
        "pytorch_version": "1.13.1+cu117",
        "numpy_version": "1.23.1",
        "end_time_seconds": "1703478792"
    },
    "total": 54.12851120000414,
    "count": 1,
    "self": 0.010494699992705137,
    "children": {
        "run_training.setup": {
            "total": 0.09978320000664098,
            "count": 1,
            "self": 0.09978320000664098
        },
        "TrainerController.start_learning": {
            "total": 54.018233300004795,
            "count": 1,
            "self": 0.02404850001767045,
            "children": {
                "TrainerController._reset_env": {
                    "total": 12.872423500004516,
                    "count": 1,
                    "self": 12.872423500004516
                },
                "TrainerController.advance": {
                    "total": 40.88054179998289,
                    "count": 1009,
                    "self": 0.01732959994842531,
                    "children": {
                        "env_step": {
                            "total": 16.394907999980205,
                            "count": 1009,
                            "self": 13.779629099939484,
                            "children": {
                                "SubprocessEnvManager._take_step": {
                                    "total": 2.602341100013291,
                                    "count": 1009,
                                    "self": 0.04081240008963505,
                                    "children": {
                                        "TorchPolicy.evaluate": {
                                            "total": 2.561528699923656,
                                            "count": 504,
                                            "self": 2.561528699923656
                                        }
                                    }
                                },
                                "workers": {
                                    "total": 0.012937800027430058,
                                    "count": 1008,
                                    "self": 0.0,
                                    "children": {
                                        "worker_root": {
                                            "total": 36.33375669999077,
                                            "count": 1008,
                                            "is_parallel": true,
                                            "self": 30.232352899860416,
                                            "children": {
                                                "steps_from_proto": {
                                                    "total": 0.010904399998253211,
                                                    "count": 1,
                                                    "is_parallel": true,
                                                    "self": 0.00015949999942677096,
                                                    "children": {
                                                        "_process_rank_one_or_two_observation": {
                                                            "total": 0.01074489999882644,
                                                            "count": 2,
                                                            "is_parallel": true,
                                                            "self": 0.01074489999882644
                                                        }
                                                    }
                                                },
                                                "UnityEnvironment.step": {
                                                    "total": 6.090499400132103,
                                                    "count": 1008,
                                                    "is_parallel": true,
                                                    "self": 0.12301750018377788,
                                                    "children": {
                                                        "UnityEnvironment._generate_step_input": {
                                                            "total": 0.1222554999840213,
                                                            "count": 1008,
                                                            "is_parallel": true,
                                                            "self": 0.1222554999840213
                                                        },
                                                        "communicator.exchange": {
                                                            "total": 5.604245099944819,
                                                            "count": 1008,
                                                            "is_parallel": true,
                                                            "self": 5.604245099944819
                                                        },
                                                        "steps_from_proto": {
                                                            "total": 0.24098130001948448,
                                                            "count": 1008,
                                                            "is_parallel": true,
                                                            "self": 0.08847069982584799,
                                                            "children": {
                                                                "_process_rank_one_or_two_observation": {
                                                                    "total": 0.1525106001936365,
                                                                    "count": 2016,
                                                                    "is_parallel": true,
                                                                    "self": 0.1525106001936365
                                                                }
                                                            }
                                                        }
                                                    }
                                                }
                                            }
                                        }
                                    }
                                }
                            }
                        },
                        "trainer_advance": {
                            "total": 24.468304200054263,
                            "count": 1008,
                            "self": 0.020651900093071163,
                            "children": {
                                "process_trajectory": {
                                    "total": 9.698601899966889,
                                    "count": 1008,
                                    "self": 9.698601899966889
                                },
                                "_update_policy": {
                                    "total": 14.749050399994303,
                                    "count": 55,
                                    "self": 1.068004199936695,
                                    "children": {
                                        "TorchPPOOptimizer.update": {
                                            "total": 13.681046200057608,
                                            "count": 1674,