{
    "name": "root",
    "gauges": {
        "Dodge.Policy.Entropy.mean": {
            "value": 1.2877353429794312,
            "min": 1.2571309804916382,
            "max": 1.410853624343872,
            "count": 21
        },
        "Dodge.Policy.Entropy.sum": {
            "value": 12794.9384765625,
            "min": 12536.4404296875,
            "max": 14427.75,
            "count": 21
        },
        "Dodge.Environment.EpisodeLength.mean": {
            "value": 28.907738095238095,
            "min": 24.41518987341772,
            "max": 132.8227848101266,
            "count": 21
        },
        "Dodge.Environment.EpisodeLength.sum": {
            "value": 9713.0,
            "min": 8325.0,
            "max": 10493.0,
            "count": 21
        },
        "Dodge.Step.mean": {
            "value": 209973.0,
            "min": 9991.0,
            "max": 209973.0,
            "count": 21
        },
        "Dodge.Step.sum": {
            "value": 209973.0,
            "min": 9991.0,
            "max": 209973.0,
            "count": 21
        },
        "Dodge.Policy.ExtrinsicValueEstimate.mean": {
            "value": 0.0025539954658597708,
            "min": -0.015629936009645462,
            "max": 0.04195354878902435,
            "count": 21
        },
        "Dodge.Policy.ExtrinsicValueEstimate.sum": {
            "value": 0.9424242973327637,
            "min": -3.657404899597168,
            "max": 9.775177001953125,
            "count": 21
        },
        "Dodge.Environment.CumulativeReward.mean": {
            "value": 0.0,
            "min": 0.0,
            "max": 0.0,
            "count": 21
        },
        "Dodge.Environment.CumulativeReward.sum": {
            "value": 0.0,
            "min": 0.0,
            "max": 0.0,
            "count": 21
        },
        "Dodge.Policy.ExtrinsicReward.mean": {
            "value": 0.0,
            "min": 0.0,
            "max": 0.0,
            "count": 21
        },
        "Dodge.Policy.ExtrinsicReward.sum": {
            "value": 0.0,
            "min": 0.0,
            "max": 0.0,
            "count": 21
        },
        "Dodge.Losses.PolicyLoss.mean": {
            "value": 0.1819059727005358,
            "min": 0.17669523986470181,
            "max": 0.2371254036973419,
            "count": 21
        },
        "Dodge.Losses.PolicyLoss.sum": {
            "value": 14.916289761443934,
            "min": 14.916289761443934,
            "max": 17.116284691618915,
            "count": 21
        },
        "Dodge.Losses.ValueLoss.mean": {
            "value": 0.004760112747839424,
            "min": 0.004760112747839424,
            "max": 2.0873688702950126,
            "count": 21
        },
        "Dodge.Losses.ValueLoss.sum": {
            "value": 0.39032924532283275,
            "min": 0.39032924532283275,
            "max": 156.55266527212595,
            "count": 21
        },
        "Dodge.Policy.LearningRate.mean": {
            "value": 0.00017695493125893902,
            "min": 0.00017695493125893902,
            "max": 0.00029687388273218023,
            "count": 21
        },
        "Dodge.Policy.LearningRate.sum": {
            "value": 0.014510304363233001,
            "min": 0.014510304363233001,
            "max": 0.021822823425725602,
            "count": 21
        },
        "Dodge.Policy.Epsilon.mean": {
            "value": 0.15898496341463417,
            "min": 0.15898496341463417,
            "max": 0.1989579605633803,
            "count": 21
        },
        "Dodge.Policy.Epsilon.sum": {
            "value": 13.036767000000001,
            "min": 13.036767000000001,
            "max": 14.819976600000002,
            "count": 21
        },
        "Dodge.Policy.Beta.mean": {
            "value": 0.0005000000000000001,
            "min": 0.0005,
            "max": 0.0005000000000000001,
            "count": 21
        },
        "Dodge.Policy.Beta.sum": {
            "value": 0.04100000000000001,
            "min": 0.035500000000000004,
            "max": 0.04300000000000001,
            "count": 21
        },
        "Dodge.IsTraining.mean": {
            "value": 1.0,
            "min": 1.0,
            "max": 1.0,
            "count": 21
        },
        "Dodge.IsTraining.sum": {
            "value": 1.0,
            "min": 1.0,
            "max": 1.0,
            "count": 21
        }
    },
    "metadata": {
        "timer_format_version": "0.1.0",
        "start_time_seconds": "1708814177",
        "python_version": "3.10.12 | packaged by Anaconda, Inc. | (main, Jul  5 2023, 19:01:18) [MSC v.1916 64 bit (AMD64)]",
        "command_line_arguments": "C:\\Users\\sjasr\\anaconda3\\envs\\mlagents\\Scripts\\mlagents-learn config/dodge_config.yaml --run-id=dodge_11",
        "mlagents_version": "1.0.0",
        "mlagents_envs_version": "1.0.0",
        "communication_protocol_version": "1.5.0",
        "pytorch_version": "1.13.1+cu117",
        "numpy_version": "1.23.1",
        "end_time_seconds": "1708815731"
    },
    "total": 1554.398537000001,
    "count": 1,
    "self": 0.009970300001441501,
    "children": {
        "run_training.setup": {
            "total": 0.09107769999900484,
            "count": 1,
            "self": 0.09107769999900484
        },
        "TrainerController.start_learning": {
            "total": 1554.2974890000005,
            "count": 1,
            "self": 0.6128589003819798,
            "children": {
                "TrainerController._reset_env": {
                    "total": 10.572987100000319,
                    "count": 1,
                    "self": 10.572987100000319
                },
                "TrainerController.advance": {
                    "total": 1542.6258983996158,
                    "count": 29778,
                    "self": 0.5021248991979519,
                    "children": {
                        "env_step": {
                            "total": 350.5791396001114,
                            "count": 29778,
                            "self": 275.47094049991574,
                            "children": {
                                "SubprocessEnvManager._take_step": {
                                    "total": 74.73221710021244,
                                    "count": 29778,
                                    "self": 1.6394347002169525,
                                    "children": {
                                        "TorchPolicy.evaluate": {
                                            "total": 73.09278239999549,
                                            "count": 26551,
                                            "self": 73.09278239999549
                                        }
                                    }
                                },
                                "workers": {
                                    "total": 0.37598199998319615,
                                    "count": 29777,
                                    "self": 0.0,
                                    "children": {
                                        "worker_root": {
                                            "total": 1539.7377959993573,
                                            "count": 29777,
                                            "is_parallel": true,
                                            "self": 1301.6257411991392,
                                            "children": {
                                                "steps_from_proto": {
                                                    "total": 0.004006000002846122,
                                                    "count": 1,
                                                    "is_parallel": true,
                                                    "self": 0.00012660000720643438,