{
    "name": "root",
    "gauges": {
        "Dodge.Policy.Entropy.mean": {
            "value": 2.0189521312713623,
            "min": 1.6933072805404663,
            "max": 2.19716215133667,
            "count": 89
        },
        "Dodge.Policy.Entropy.sum": {
            "value": 19963.3984375,
            "min": 16905.98046875,
            "max": 23623.888671875,
            "count": 89
        },
        "Dodge.Environment.EpisodeLength.mean": {
            "value": 293.71875,
            "min": 147.0,
            "max": 476.23809523809524,
            "count": 89
        },
        "Dodge.Environment.EpisodeLength.sum": {
            "value": 9399.0,
            "min": 3675.0,
            "max": 12679.0,
            "count": 89
        },
        "Dodge.Step.mean": {
            "value": 889942.0,
            "min": 9972.0,
            "max": 889942.0,
            "count": 89
        },
        "Dodge.Step.sum": {
            "value": 889942.0,
            "min": 9972.0,
            "max": 889942.0,
            "count": 89
        },
        "Dodge.Policy.ExtrinsicValueEstimate.mean": {
            "value": 0.15470179915428162,
            "min": -1.0408990383148193,
            "max": 0.22723829746246338,
            "count": 89
        },
        "Dodge.Policy.ExtrinsicValueEstimate.sum": {
            "value": 26.454008102416992,
            "min": -181.11642456054688,
            "max": 38.17603302001953,
            "count": 89
        },
        "Dodge.Policy.CuriosityValueEstimate.mean": {
            "value": -0.00012296154454816133,
            "min": -0.00786683615297079,
            "max": 0.00945105217397213,
            "count": 89
        },
        "Dodge.Policy.CuriosityValueEstimate.sum": {
            "value": -0.021026425063610077,
            "min": -1.447497844696045,
            "max": 1.682287335395813,
            "count": 89
        },
        "Dodge.Environment.CumulativeReward.mean": {
            "value": 0.587750023631088,
            "min": 0.14700000487267972,
            "max": 0.9533809595519588,
            "count": 89
        },
        "Dodge.Environment.CumulativeReward.sum": {
            "value": 18.808000756194815,
            "min": 3.6750001218169928,
            "max": 23.700000934302807,
            "count": 89
        },
        "Dodge.Policy.ExtrinsicReward.mean": {
            "value": 0.587750023631088,
            "min": 0.14700000487267972,
            "max": 0.9533809595519588,
            "count": 89
        },
        "Dodge.Policy.ExtrinsicReward.sum": {
            "value": 18.808000756194815,
            "min": 3.6750001218169928,
            "max": 23.700000934302807,
            "count": 89
        },
        "Dodge.Policy.CuriosityReward.mean": {
            "value": 0.0012368893902490186,
            "min": 1.5670943041641295e-05,
            "max": 0.27729137816725924,
            "count": 89
        },
        "Dodge.Policy.CuriosityReward.sum": {
            "value": 0.039580460487968594,
            "min": 0.00039177357604103236,
            "max": 8.873324101352296,
            "count": 89
        },
        "Dodge.Losses.PolicyLoss.mean": {
            "value": 0.030682662637749065,
            "min": 0.02279261773219332,
            "max": 0.04064900105974327,
            "count": 89
        },
        "Dodge.Losses.PolicyLoss.sum": {
            "value": 0.06136532527549813,
            "min": 0.04558523546438664,
            "max": 0.11942750566716617,
            "count": 89
        },
        "Dodge.Losses.ValueLoss.mean": {
            "value": 0.00020366902754176408,
            "min": 3.5575182702511185e-05,
            "max": 0.056250815124561385,
            "count": 89
        },
        "Dodge.Losses.ValueLoss.sum": {
            "value": 0.00040733805508352816,
            "min": 7.115036540502237e-05,
            "max": 0.11250163024912277,
            "count": 89
        },
        "Dodge.Policy.LearningRate.mean": {
            "value": 3.4386388537900007e-05,
            "min": 3.4386388537900007e-05,
            "max": 0.0002980389006537,
            "count": 89
        },
        "Dodge.Policy.LearningRate.sum": {
            "value": 6.877277707580001e-05,
            "min": 6.877277707580001e-05,
            "max": 0.0008767302077565999,
            "count": 89
        },
        "Dodge.Policy.Epsilon.mean": {
            "value": 0.11146210000000001,
            "min": 0.11146210000000001,
            "max": 0.19934630000000003,
            "count": 89
        },
        "Dodge.Policy.Epsilon.sum": {
            "value": 0.22292420000000002,
            "min": 0.22292420000000002,
            "max": 0.5922434000000001,
            "count": 89
        },
        "Dodge.Policy.Beta.mean": {
            "value": 0.005,
            "min": 0.005,
            "max": 0.005,
            "count": 89
        },
        "Dodge.Policy.Beta.sum": {
            "value": 0.01,
            "min": 0.01,
            "max": 0.015,
            "count": 89
        },
        "Dodge.Losses.CuriosityForwardLoss.mean": {
            "value": 0.0036364398159397142,
            "min": 3.28266056612847e-05,
            "max": 0.17618595798666725,
            "count": 89
        },
        "Dodge.Losses.CuriosityForwardLoss.sum": {
            "value": 0.0072728796318794284,
            "min": 6.56532113225694e-05,
            "max": 0.5285578739600018,
            "count": 89
        },
        "Dodge.Losses.CuriosityInverseLoss.mean": {
            "value": 2.009626992046833,
            "min": 1.6718166520198188,
            "max": 2.1972440580526986,
            "count": 89
        },
        "Dodge.Losses.CuriosityInverseLoss.sum": {
            "value": 4.019253984093666,
            "min": 3.3436333040396375,
            "max": 6.591732174158096,
            "count": 89
        },
        "Dodge.IsTraining.mean": {
            "value": 1.0,
            "min": 1.0,
            "max": 1.0,
            "count": 89
        },
        "Dodge.IsTraining.sum": {
            "value": 1.0,
            "min": 1.0,
            "max": 1.0,
            "count": 89
        }
    },
    "metadata": {
        "timer_format_version": "0.1.0",
        "start_time_seconds": "1709495769",
        "python_version": "3.10.12 | packaged by Anaconda, Inc. | (main, Jul  5 2023, 19:01:18) [MSC v.1916 64 bit (AMD64)]",
        "command_line_arguments": "C:\\Users\\sjasr\\anaconda3\\envs\\mlagents\\Scripts\\mlagents-learn config/dodge_config.yaml --run-id=dodge_discrete_26",
        "mlagents_version": "1.0.0",
        "mlagents_envs_version": "1.0.0",
        "communication_protocol_version": "1.5.0",
        "pytorch_version": "1.13.1+cu117",
        "numpy_version": "1.23.1",
        "end_time_seconds": "1709496903"
    },
    "total": 1133.6829623999984,
    "count": 1,
    "self": 0.008539400001609465,
    "children": {
        "run_training.setup": {
            "total": 0.10171669999908772,
            "count": 1,
            "self": 0.10171669999908772
        },
        "TrainerController.start_learning": {
            "total": 1133.5727062999977,
            "count": 1,
            "self": 0.9099248993479705,
            "children": {
                "TrainerController._reset_env": {
                    "total": 17.183734400001413,
                    "count": 1,
                    "self": 17.183734400001413
                },
                "TrainerController.advance": {
                    "total": 1115.2432553006474,
                    "count": 37417,
                    "self": 0.7037452009499248,
                    "children": {
                        "env_step": {
                            "total": 497.4719229999682,
                            "count": 37417,
                            "self": 357.50598949992855,