{
    "name": "root",
    "gauges": {
        "Dodge.Policy.Entropy.mean": {
            "value": 1.599793791770935,
            "min": 1.5995728969573975,
            "max": 1.6090712547302246,
            "count": 24
        },
        "Dodge.Policy.Entropy.sum": {
            "value": 16356.2919921875,
            "min": 15478.48046875,
            "max": 17029.76171875,
            "count": 24
        },
        "Dodge.Environment.EpisodeLength.mean": {
            "value": 161.28571428571428,
            "min": 96.3529411764706,
            "max": 187.43103448275863,
            "count": 24
        },
        "Dodge.Environment.EpisodeLength.sum": {
            "value": 9032.0,
            "min": 6552.0,
            "max": 11773.0,
            "count": 24
        },
        "Dodge.Step.mean": {
            "value": 239981.0,
            "min": 9948.0,
            "max": 239981.0,
            "count": 24
        },
        "Dodge.Step.sum": {
            "value": 239981.0,
            "min": 9948.0,
            "max": 239981.0,
            "count": 24
        },
        "Dodge.Policy.ExtrinsicValueEstimate.mean": {
            "value": 0.21367935836315155,
            "min": 0.1623508483171463,
            "max": 0.40796148777008057,
            "count": 24
        },
        "Dodge.Policy.ExtrinsicValueEstimate.sum": {
            "value": 38.67596435546875,
            "min": 29.3855037689209,
            "max": 74.65695190429688,
            "count": 24
        },
        "Dodge.Environment.CumulativeReward.mean": {
            "value": 0.32058182999237694,
            "min": 0.19270588894826635,
            "max": 0.3750689780853432,
            "count": 24
        },
        "Dodge.Environment.CumulativeReward.sum": {
            "value": 17.632000649580732,
            "min": 13.104000448482111,
            "max": 23.55200092564337,
            "count": 24
        },
        "Dodge.Policy.ExtrinsicReward.mean": {
            "value": 0.32058182999237694,
            "min": 0.19270588894826635,
            "max": 0.3750689780853432,
            "count": 24
        },
        "Dodge.Policy.ExtrinsicReward.sum": {
            "value": 17.632000649580732,
            "min": 13.104000448482111,
            "max": 23.55200092564337,
            "count": 24
        },
        "Dodge.IsTraining.mean": {
            "value": 1.0,
            "min": 1.0,
            "max": 1.0,
            "count": 24
        },
        "Dodge.IsTraining.sum": {
            "value": 1.0,
            "min": 1.0,
            "max": 1.0,
            "count": 24
        },
        "Dodge.Losses.PolicyLoss.mean": {
            "value": 0.024128837697935522,
            "min": 0.023862780448689593,
            "max": 0.026066623906081075,
            "count": 5
        },
        "Dodge.Losses.PolicyLoss.sum": {
            "value": 0.024128837697935522,
            "min": 0.023862780448689593,
            "max": 0.026066623906081075,
            "count": 5
        },
        "Dodge.Losses.ValueLoss.mean": {
            "value": 0.0036199342139298096,
            "min": 0.0036199342139298096,
            "max": 0.03922259221435524,
            "count": 5
        },
        "Dodge.Losses.ValueLoss.sum": {
            "value": 0.0036199342139298096,
            "min": 0.0036199342139298096,
            "max": 0.03922259221435524,
            "count": 5
        },
        "Dodge.Policy.LearningRate.mean": {
            "value": 0.00023850182049940004,
            "min": 0.00023850182049940004,
            "max": 0.0002877051040983,
            "count": 5
        },
        "Dodge.Policy.LearningRate.sum": {
            "value": 0.00023850182049940004,
            "min": 0.00023850182049940004,
            "max": 0.0002877051040983,
            "count": 5
        },
        "Dodge.Policy.Epsilon.mean": {
            "value": 0.09999999999999999,
            "min": 0.09999999999999999,
            "max": 0.09999999999999999,
            "count": 5
        },
        "Dodge.Policy.Epsilon.sum": {
            "value": 0.09999999999999999,
            "min": 0.09999999999999999,
            "max": 0.09999999999999999,
            "count": 5
        },
        "Dodge.Policy.Beta.mean": {
            "value": 0.004999999999999999,
            "min": 0.004999999999999999,
            "max": 0.004999999999999999,
            "count": 5
        },
        "Dodge.Policy.Beta.sum": {
            "value": 0.004999999999999999,
            "min": 0.004999999999999999,
            "max": 0.004999999999999999,
            "count": 5
        }
    },
    "metadata": {
        "timer_format_version": "0.1.0",
        "start_time_seconds": "1709430579",
        "python_version": "3.10.12 | packaged by Anaconda, Inc. | (main, Jul  5 2023, 19:01:18) [MSC v.1916 64 bit (AMD64)]",
        "command_line_arguments": "C:\\Users\\sjasr\\anaconda3\\envs\\mlagents\\Scripts\\mlagents-learn config/dodge_config.yaml --run-id=dodge_discrete_03",
        "mlagents_version": "1.0.0",
        "mlagents_envs_version": "1.0.0",
        "communication_protocol_version": "1.5.0",
        "pytorch_version": "1.13.1+cu117",
        "numpy_version": "1.23.1",
        "end_time_seconds": "1709430864"
    },
    "total": 284.18827859999874,
    "count": 1,
    "self": 0.012518800001998898,
    "children": {
        "run_training.setup": {
            "total": 0.09399370000028284,
            "count": 1,
            "self": 0.09399370000028284
        },
        "TrainerController.start_learning": {
            "total": 284.08176609999646,
            "count": 1,
            "self": 0.21033279995754128,
            "children": {
                "TrainerController._reset_env": {
                    "total": 10.502097800002957,
                    "count": 1,
                    "self": 10.502097800002957
                },
                "TrainerController.advance": {
                    "total": 273.07131280003523,
                    "count": 10284,
                    "self": 0.1710173996980302,
                    "children": {
                        "env_step": {
                            "total": 99.97132460006833,
                            "count": 10284,
                            "self": 61.35412250054651,
                            "children": {
                                "SubprocessEnvManager._take_step": {
                                    "total": 38.491514999986975,
                                    "count": 10284,
                                    "self": 0.5937341996686882,
                                    "children": {
                                        "TorchPolicy.evaluate": {
                                            "total": 37.89778080031829,
                                            "count": 10284,
                                            "self": 37.89778080031829
                                        }
                                    }
                                },
                                "workers": {
                                    "total": 0.12568709953484358,
                                    "count": 10284,
                                    "self": 0.0,
                                    "children": {
                                        "worker_root": {
                                            "total": 272.4057566000338,
                                            "count": 10284,
                                            "is_parallel": true,
                                            "self": 228.38007499976084,
                                            "children": {
                                                "steps_from_proto": {
                                                    "total": 0.0006756000002496876,
                                                    "count": 1,
                                                    "is_parallel": true,