{
    "name": "root",
    "gauges": {
        "Dodge.Policy.Entropy.mean": {
            "value": 1.5118770599365234,
            "min": 1.472123384475708,
            "max": 1.5118770599365234,
            "count": 52
        },
        "Dodge.Policy.Entropy.sum": {
            "value": 15094.580078125,
            "min": 14521.025390625,
            "max": 15510.29296875,
            "count": 52
        },
        "Dodge.Step.mean": {
            "value": 519999.0,
            "min": 9994.0,
            "max": 519999.0,
            "count": 52
        },
        "Dodge.Step.sum": {
            "value": 519999.0,
            "min": 9994.0,
            "max": 519999.0,
            "count": 52
        },
        "Dodge.Policy.ExtrinsicValueEstimate.mean": {
            "value": 0.08072549849748611,
            "min": 0.07620106637477875,
            "max": 0.09630964696407318,
            "count": 52
        },
        "Dodge.Policy.ExtrinsicValueEstimate.sum": {
            "value": 26.0743350982666,
            "min": 24.558368682861328,
            "max": 30.898502349853516,
            "count": 52
        },
        "Dodge.Environment.EpisodeLength.mean": {
            "value": 754.5,
            "min": 214.0,
            "max": 850.5625,
            "count": 52
        },
        "Dodge.Environment.EpisodeLength.sum": {
            "value": 12072.0,
            "min": 1284.0,
            "max": 17073.0,
            "count": 52
        },
        "Dodge.Environment.CumulativeReward.mean": {
            "value": 0.630250031594187,
            "min": 0.2023333559433619,
            "max": 0.7292000382672995,
            "count": 52
        },
        "Dodge.Environment.CumulativeReward.sum": {
            "value": 10.084000505506992,
            "min": 1.2140001356601715,
            "max": 16.08900078642182,
            "count": 52
        },
        "Dodge.Policy.ExtrinsicReward.mean": {
            "value": 0.630250031594187,
            "min": 0.2023333559433619,
            "max": 0.7292000382672995,
            "count": 52
        },
        "Dodge.Policy.ExtrinsicReward.sum": {
            "value": 10.084000505506992,
            "min": 1.2140001356601715,
            "max": 16.08900078642182,
            "count": 52
        },
        "Dodge.IsTraining.mean": {
            "value": 1.0,
            "min": 1.0,
            "max": 1.0,
            "count": 52
        },
        "Dodge.IsTraining.sum": {
            "value": 1.0,
            "min": 1.0,
            "max": 1.0,
            "count": 52
        },
        "Dodge.Losses.PolicyLoss.mean": {
            "value": 0.008825146045637666,
            "min": 0.005036891538111377,
            "max": 0.008825146045637666,
            "count": 12
        },
        "Dodge.Losses.PolicyLoss.sum": {
            "value": 0.008825146045637666,
            "min": 0.005036891538111377,
            "max": 0.008825146045637666,
            "count": 12
        },
        "Dodge.Losses.ValueLoss.mean": {
            "value": 0.0009667901485954644,
            "min": 0.0006307086259766947,
            "max": 0.0010470543656992959,
            "count": 12
        },
        "Dodge.Losses.ValueLoss.sum": {
            "value": 0.0009667901485954644,
            "min": 0.0006307086259766947,
            "max": 0.0010470543656992959,
            "count": 12
        },
        "Dodge.Policy.LearningRate.mean": {
            "value": 0.00015589474803510002,
            "min": 0.00015589474803510002,
            "max": 0.00028799640400119995,
            "count": 12
        },
        "Dodge.Policy.LearningRate.sum": {
            "value": 0.00015589474803510002,
            "min": 0.00015589474803510002,
            "max": 0.00028799640400119995,
            "count": 12
        },
        "Dodge.Policy.Epsilon.mean": {
            "value": 0.1519649,
            "min": 0.1519649,
            "max": 0.1959988,
            "count": 12
        },
        "Dodge.Policy.Epsilon.sum": {
            "value": 0.1519649,
            "min": 0.1519649,
            "max": 0.1959988,
            "count": 12
        },
        "Dodge.Policy.Beta.mean": {
            "value": 0.005,
            "min": 0.005,
            "max": 0.005,
            "count": 12
        },
        "Dodge.Policy.Beta.sum": {
            "value": 0.005,
            "min": 0.005,
            "max": 0.005,
            "count": 12
        }
    },
    "metadata": {
        "timer_format_version": "0.1.0",
        "start_time_seconds": "1709396845",
        "python_version": "3.10.12 | packaged by Anaconda, Inc. | (main, Jul  5 2023, 19:01:18) [MSC v.1916 64 bit (AMD64)]",
        "command_line_arguments": "C:\\Users\\sjasr\\anaconda3\\envs\\mlagents\\Scripts\\mlagents-learn config/dodge_config.yaml --initialize-from=dodge_57.1 --run-id=dodge_57.2",
        "mlagents_version": "1.0.0",
        "mlagents_envs_version": "1.0.0",
        "communication_protocol_version": "1.5.0",
        "pytorch_version": "1.13.1+cu117",
        "numpy_version": "1.23.1",
        "end_time_seconds": "1709397434"
    },
    "total": 589.3969810999988,
    "count": 1,
    "self": 0.007245400000101654,
    "children": {
        "run_training.setup": {
            "total": 0.09644850000040606,
            "count": 1,
            "self": 0.09644850000040606
        },
        "TrainerController.start_learning": {
            "total": 589.2932871999983,
            "count": 1,
            "self": 0.4466990003493265,
            "children": {
                "TrainerController._reset_env": {
                    "total": 18.680347999998048,
                    "count": 1,
                    "self": 18.680347999998048
                },
                "TrainerController.advance": {
                    "total": 569.9250638996491,
                    "count": 21698,
                    "self": 0.364345099824277,
                    "children": {
                        "env_step": {
                            "total": 182.42865029981476,
                            "count": 21698,
                            "self": 122.72388899984071,
                            "children": {
                                "SubprocessEnvManager._take_step": {
                                    "total": 59.443286600078864,
                                    "count": 21698,
                                    "self": 1.370252000146138,
                                    "children": {
                                        "TorchPolicy.evaluate": {
                                            "total": 58.073034599932726,
                                            "count": 21698,
                                            "self": 58.073034599932726
                                        }
                                    }
                                },
                                "workers": {
                                    "total": 0.2614746998951887,
                                    "count": 21698,
                                    "self": 0.0,
                                    "children": {
                                        "worker_root": {
                                            "total": 570.9165119001846,
                                            "count": 21698,
                                            "is_parallel": true,
                                            "self": 481.1274967004174,
                                            "children": {
                                                "steps_from_proto": {
                                                    "total": 0.004190999999991618,
                                                    "count": 1,
                                                    "is_parallel": true,
                                                    "self": 0.00014229999942472205,