{
    "name": "root",
    "gauges": {
        "Dodge.Policy.Entropy.mean": {
            "value": 1.8520760536193848,
            "min": 1.7744721174240112,
            "max": 2.1904067993164062,
            "count": 50
        },
        "Dodge.Policy.Entropy.sum": {
            "value": 18580.02734375,
            "min": 17503.392578125,
            "max": 23551.25390625,
            "count": 50
        },
        "Dodge.Environment.EpisodeLength.mean": {
            "value": 274.5833333333333,
            "min": 146.1492537313433,
            "max": 336.6333333333333,
            "count": 50
        },
        "Dodge.Environment.EpisodeLength.sum": {
            "value": 9885.0,
            "min": 6410.0,
            "max": 11836.0,
            "count": 50
        },
        "Dodge.Step.mean": {
            "value": 499970.0,
            "min": 9973.0,
            "max": 499970.0,
            "count": 50
        },
        "Dodge.Step.sum": {
            "value": 499970.0,
            "min": 9973.0,
            "max": 499970.0,
            "count": 50
        },
        "Dodge.Policy.ExtrinsicValueEstimate.mean": {
            "value": 0.11393754184246063,
            "min": -0.01900767721235752,
            "max": 0.14053471386432648,
            "count": 50
        },
        "Dodge.Policy.ExtrinsicValueEstimate.sum": {
            "value": 19.825132369995117,
            "min": -3.402374267578125,
            "max": 24.17197036743164,
            "count": 50
        },
        "Dodge.Policy.CuriosityValueEstimate.mean": {
            "value": -0.0019517733016982675,
            "min": -0.008328724652528763,
            "max": 0.07539823651313782,
            "count": 50
        },
        "Dodge.Policy.CuriosityValueEstimate.sum": {
            "value": -0.3396085500717163,
            "min": -1.4408693313598633,
            "max": 13.324861526489258,
            "count": 50
        },
        "Dodge.Environment.CumulativeReward.mean": {
            "value": 0.3302500099590462,
            "min": 0.14906977335543392,
            "max": 0.5196451708757048,
            "count": 50
        },
        "Dodge.Environment.CumulativeReward.sum": {
            "value": 11.889000358525664,
            "min": 6.410000254283659,
            "max": 16.10900029714685,
            "count": 50
        },
        "Dodge.Policy.ExtrinsicReward.mean": {
            "value": 0.3302500099590462,
            "min": 0.14906977335543392,
            "max": 0.5196451708757048,
            "count": 50
        },
        "Dodge.Policy.ExtrinsicReward.sum": {
            "value": 11.889000358525664,
            "min": 6.410000254283659,
            "max": 16.10900029714685,
            "count": 50
        },
        "Dodge.Policy.CuriosityReward.mean": {
            "value": 0.0013917735474883051,
            "min": 0.0012317558130630262,
            "max": 0.028596910693251747,
            "count": 50
        },
        "Dodge.Policy.CuriosityReward.sum": {
            "value": 0.050103847709578986,
            "min": 0.04691844776425569,
            "max": 1.344054802582832,
            "count": 50
        },
        "Dodge.Losses.PolicyLoss.mean": {
            "value": 0.03307099120380978,
            "min": 0.025385424320120364,
            "max": 0.037900182496135436,
            "count": 50
        },
        "Dodge.Losses.PolicyLoss.sum": {
            "value": 0.06614198240761957,
            "min": 0.05077084864024073,
            "max": 0.11343267051658282,
            "count": 50
        },
        "Dodge.Losses.ValueLoss.mean": {
            "value": 0.0008758342646615347,
            "min": 0.00019234951256900482,
            "max": 0.0048943236567235236,
            "count": 50
        },
        "Dodge.Losses.ValueLoss.sum": {
            "value": 0.0017516685293230694,
            "min": 0.00038469902513800963,
            "max": 0.009788647313447047,
            "count": 50
        },
        "Dodge.Policy.LearningRate.mean": {
            "value": 0.0001514517495161,
            "min": 0.0001514517495161,
            "max": 0.00029809050063649996,
            "count": 50
        },
        "Dodge.Policy.LearningRate.sum": {
            "value": 0.0003029034990322,
            "min": 0.0003029034990322,
            "max": 0.0008774484075171999,
            "count": 50
        },
        "Dodge.Policy.Epsilon.mean": {
            "value": 0.1504839,
            "min": 0.1504839,
            "max": 0.19936350000000003,
            "count": 50
        },
        "Dodge.Policy.Epsilon.sum": {
            "value": 0.3009678,
            "min": 0.3009678,
            "max": 0.5924828,
            "count": 50
        },
        "Dodge.Policy.Beta.mean": {
            "value": 0.005,
            "min": 0.005,
            "max": 0.005,
            "count": 50
        },
        "Dodge.Policy.Beta.sum": {
            "value": 0.01,
            "min": 0.01,
            "max": 0.015,
            "count": 50
        },
        "Dodge.Losses.CuriosityForwardLoss.mean": {
            "value": 0.004551566700683907,
            "min": 0.004186740615599168,
            "max": 0.6447213483043015,
            "count": 50
        },
        "Dodge.Losses.CuriosityForwardLoss.sum": {
            "value": 0.009103133401367813,
            "min": 0.008373481231198337,
            "max": 1.289442696608603,
            "count": 50
        },
        "Dodge.Losses.CuriosityInverseLoss.mean": {
            "value": 1.851869915922483,
            "min": 1.768200965391265,
            "max": 2.197173411647479,
            "count": 50
        },
        "Dodge.Losses.CuriosityInverseLoss.sum": {
            "value": 3.703739831844966,
            "min": 3.6198314825693765,
            "max": 6.497031529744466,
            "count": 50
        },
        "Dodge.IsTraining.mean": {
            "value": 1.0,
            "min": 1.0,
            "max": 1.0,
            "count": 50
        },
        "Dodge.IsTraining.sum": {
            "value": 1.0,
            "min": 1.0,
            "max": 1.0,
            "count": 50
        }
    },
    "metadata": {
        "timer_format_version": "0.1.0",
        "start_time_seconds": "1709494915",
        "python_version": "3.10.12 | packaged by Anaconda, Inc. | (main, Jul  5 2023, 19:01:18) [MSC v.1916 64 bit (AMD64)]",
        "command_line_arguments": "C:\\Users\\sjasr\\anaconda3\\envs\\mlagents\\Scripts\\mlagents-learn config/dodge_config.yaml --run-id=dodge_discrete_25",
        "mlagents_version": "1.0.0",
        "mlagents_envs_version": "1.0.0",
        "communication_protocol_version": "1.5.0",
        "pytorch_version": "1.13.1+cu117",
        "numpy_version": "1.23.1",
        "end_time_seconds": "1709495513"
    },
    "total": 598.4462149999999,
    "count": 1,
    "self": 0.008883000005880604,
    "children": {
        "run_training.setup": {
            "total": 0.09919569999692612,
            "count": 1,
            "self": 0.09919569999692612
        },
        "TrainerController.start_learning": {
            "total": 598.3381362999971,
            "count": 1,
            "self": 0.516430700005003,
            "children": {
                "TrainerController._reset_env": {
                    "total": 9.732247700001608,
                    "count": 1,
                    "self": 9.732247700001608
                },
                "TrainerController.advance": {
                    "total": 587.844185899994,
                    "count": 21090,
                    "self": 0.404626900482981,
                    "children": {
                        "env_step": {
                            "total": 234.34853509960158,
                            "count": 21090,
                            "self": 153.60697719941163,
                            "children": {
                                "SubprocessEnvManager._take_step": {
                                    "total": 80.44834449993505,