{
    "name": "root",
    "gauges": {
        "Dodge.Policy.Entropy.mean": {
            "value": 1.415817379951477,
            "min": 1.4135056734085083,
            "max": 1.4158483743667603,
            "count": 50
        },
        "Dodge.Policy.Entropy.sum": {
            "value": 14101.541015625,
            "min": 6518.5732421875,
            "max": 14338.626953125,
            "count": 50
        },
        "Dodge.Step.mean": {
            "value": 999995.0,
            "min": 509979.0,
            "max": 999995.0,
            "count": 50
        },
        "Dodge.Step.sum": {
            "value": 999995.0,
            "min": 509979.0,
            "max": 999995.0,
            "count": 50
        },
        "Dodge.Policy.ExtrinsicValueEstimate.mean": {
            "value": 0.1673462688922882,
            "min": 0.1627231240272522,
            "max": 0.18495075404644012,
            "count": 50
        },
        "Dodge.Policy.ExtrinsicValueEstimate.sum": {
            "value": 54.55488204956055,
            "min": 25.169326782226562,
            "max": 61.21870040893555,
            "count": 50
        },
        "Dodge.Environment.EpisodeLength.mean": {
            "value": 324.0344827586207,
            "min": 76.5,
            "max": 385.84,
            "count": 50
        },
        "Dodge.Environment.EpisodeLength.sum": {
            "value": 9397.0,
            "min": 306.0,
            "max": 12267.0,
            "count": 50
        },
        "Dodge.Environment.CumulativeReward.mean": {
            "value": 0.6488276175062718,
            "min": 0.15300000726711005,
            "max": 0.7726400371734052,
            "count": 50
        },
        "Dodge.Environment.CumulativeReward.sum": {
            "value": 18.816000907681882,
            "min": 0.6120000290684402,
            "max": 24.5620011780411,
            "count": 50
        },
        "Dodge.Policy.ExtrinsicReward.mean": {
            "value": 0.6488276175062718,
            "min": 0.15300000726711005,
            "max": 0.7726400371734052,
            "count": 50
        },
        "Dodge.Policy.ExtrinsicReward.sum": {
            "value": 18.816000907681882,
            "min": 0.6120000290684402,
            "max": 24.5620011780411,
            "count": 50
        },
        "Dodge.IsTraining.mean": {
            "value": 1.0,
            "min": 1.0,
            "max": 1.0,
            "count": 50
        },
        "Dodge.IsTraining.sum": {
            "value": 1.0,
            "min": 1.0,
            "max": 1.0,
            "count": 50
        },
        "Dodge.Losses.PolicyLoss.mean": {
            "value": 0.0066445430675230455,
            "min": 0.005106303842694615,
            "max": 0.008868949562383932,
            "count": 12
        },
        "Dodge.Losses.PolicyLoss.sum": {
            "value": 0.0066445430675230455,
            "min": 0.005106303842694615,
            "max": 0.008868949562383932,
            "count": 12
        },
        "Dodge.Losses.ValueLoss.mean": {
            "value": 0.0002916859775723424,
            "min": 0.00023551891172246542,
            "max": 0.00040500737759430194,
            "count": 12
        },
        "Dodge.Losses.ValueLoss.sum": {
            "value": 0.0002916859775723424,
            "min": 0.00023551891172246542,
            "max": 0.00040500737759430194,
            "count": 12
        },
        "Dodge.Policy.LearningRate.mean": {
            "value": 4.1940986019999975e-06,
            "min": 4.1940986019999975e-06,
            "max": 0.0001363023545659,
            "count": 12
        },
        "Dodge.Policy.LearningRate.sum": {
            "value": 4.1940986019999975e-06,
            "min": 4.1940986019999975e-06,
            "max": 0.0001363023545659,
            "count": 12
        },
        "Dodge.Policy.Epsilon.mean": {
            "value": 0.101398,
            "min": 0.101398,
            "max": 0.1454341,
            "count": 12
        },
        "Dodge.Policy.Epsilon.sum": {
            "value": 0.101398,
            "min": 0.101398,
            "max": 0.1454341,
            "count": 12
        },
        "Dodge.Policy.Beta.mean": {
            "value": 0.005,
            "min": 0.005,
            "max": 0.005,
            "count": 12
        },
        "Dodge.Policy.Beta.sum": {
            "value": 0.005,
            "min": 0.005,
            "max": 0.005,
            "count": 12
        }
    },
    "metadata": {
        "timer_format_version": "0.1.0",
        "start_time_seconds": "1709421570",
        "python_version": "3.10.12 | packaged by Anaconda, Inc. | (main, Jul  5 2023, 19:01:18) [MSC v.1916 64 bit (AMD64)]",
        "command_line_arguments": "C:\\Users\\sjasr\\anaconda3\\envs\\mlagents\\Scripts\\mlagents-learn config/dodge_config.yaml --resume --run-id=dodge_58",
        "mlagents_version": "1.0.0",
        "mlagents_envs_version": "1.0.0",
        "communication_protocol_version": "1.5.0",
        "pytorch_version": "1.13.1+cu117",
        "numpy_version": "1.23.1",
        "end_time_seconds": "1709422189"
    },
    "total": 618.7359359000038,
    "count": 1,
    "self": 0.019503600007737987,
    "children": {
        "run_training.setup": {
            "total": 0.08958729999721982,
            "count": 1,
            "self": 0.08958729999721982
        },
        "TrainerController.start_learning": {
            "total": 618.6268449999989,
            "count": 1,
            "self": 0.5004188000384602,
            "children": {
                "TrainerController._reset_env": {
                    "total": 13.726603900002374,
                    "count": 1,
                    "self": 13.726603900002374
                },
                "TrainerController.advance": {
                    "total": 604.2095357999569,
                    "count": 20612,
                    "self": 0.3876941002672538,
                    "children": {
                        "env_step": {
                            "total": 207.77375859992026,
                            "count": 20612,
                            "self": 148.57290479978838,
                            "children": {
                                "SubprocessEnvManager._take_step": {
                                    "total": 58.91761709981074,
                                    "count": 20612,
                                    "self": 1.4451031002608943,
                                    "children": {
                                        "TorchPolicy.evaluate": {
                                            "total": 57.47251399954985,
                                            "count": 20612,
                                            "self": 57.47251399954985
                                        }
                                    }
                                },
                                "workers": {
                                    "total": 0.28323670032114023,
                                    "count": 20612,
                                    "self": 0.0,
                                    "children": {
                                        "worker_root": {
                                            "total": 605.8138291005307,
                                            "count": 20612,
                                            "is_parallel": true,
                                            "self": 492.3744056006617,
                                            "children": {
                                                "steps_from_proto": {
                                                    "total": 0.004134399998292793,
                                                    "count": 1,
                                                    "is_parallel": true,
                                                    "self": 0.0001446999958716333,