{
    "name": "root",
    "gauges": {
        "Dodge.Policy.Entropy.mean": {
            "value": 1.1661593914031982,
            "min": 1.1661593914031982,
            "max": 1.4307438135147095,
            "count": 28
        },
        "Dodge.Policy.Entropy.sum": {
            "value": 11754.88671875,
            "min": 11639.03515625,
            "max": 14513.46484375,
            "count": 28
        },
        "Dodge.Step.mean": {
            "value": 279996.0,
            "min": 9941.0,
            "max": 279996.0,
            "count": 28
        },
        "Dodge.Step.sum": {
            "value": 279996.0,
            "min": 9941.0,
            "max": 279996.0,
            "count": 28
        },
        "Dodge.Policy.ExtrinsicValueEstimate.mean": {
            "value": 0.3929130434989929,
            "min": 0.28770726919174194,
            "max": 0.43188533186912537,
            "count": 28
        },
        "Dodge.Policy.ExtrinsicValueEstimate.sum": {
            "value": 65.22356414794922,
            "min": 48.44609069824219,
            "max": 69.96542358398438,
            "count": 28
        },
        "Dodge.Losses.PolicyLoss.mean": {
            "value": 0.2348370951798317,
            "min": 0.23072420096671173,
            "max": 0.24787575809334186,
            "count": 28
        },
        "Dodge.Losses.PolicyLoss.sum": {
            "value": 18.31729342402687,
            "min": 16.72958448903322,
            "max": 19.334309131280666,
            "count": 28
        },
        "Dodge.Losses.ValueLoss.mean": {
            "value": 0.01032987387322082,
            "min": 0.003083150421239278,
            "max": 1.5500025062587173,
            "count": 28
        },
        "Dodge.Losses.ValueLoss.sum": {
            "value": 0.805730162111224,
            "min": 0.24356888327790296,
            "max": 119.35019298192123,
            "count": 28
        },
        "Dodge.Policy.LearningRate.mean": {
            "value": 0.00013498892423447948,
            "min": 0.00013498892423447948,
            "max": 0.0002967431496570457,
            "count": 28
        },
        "Dodge.Policy.LearningRate.sum": {
            "value": 0.010529136090289399,
            "min": 0.010529136090289399,
            "max": 0.022405524231492,
            "count": 28
        },
        "Dodge.Policy.Epsilon.mean": {
            "value": 0.14499628974358975,
            "min": 0.14499628974358975,
            "max": 0.19891438285714286,
            "count": 28
        },
        "Dodge.Policy.Epsilon.sum": {
            "value": 11.3097106,
            "min": 11.029318800000002,
            "max": 15.168508,
            "count": 28
        },
        "Dodge.Policy.Beta.mean": {
            "value": 0.0005000000000000001,
            "min": 0.0005,
            "max": 0.0005000000000000001,
            "count": 28
        },
        "Dodge.Policy.Beta.sum": {
            "value": 0.03900000000000001,
            "min": 0.035,
            "max": 0.03950000000000001,
            "count": 28
        },
        "Dodge.Environment.EpisodeLength.mean": {
            "value": 552.8947368421053,
            "min": 220.1315789473684,
            "max": 955.6,
            "count": 28
        },
        "Dodge.Environment.EpisodeLength.sum": {
            "value": 10505.0,
            "min": 7681.0,
            "max": 12897.0,
            "count": 28
        },
        "Dodge.Environment.CumulativeReward.mean": {
            "value": 2.3768949104767096,
            "min": 0.8907369086028714,
            "max": 4.08100028783083,
            "count": 28
        },
        "Dodge.Environment.CumulativeReward.sum": {
            "value": 45.161003299057484,
            "min": 29.83000211371109,
            "max": 55.71800411865115,
            "count": 28
        },
        "Dodge.Policy.ExtrinsicReward.mean": {
            "value": 2.3768949104767096,
            "min": 0.8907369086028714,
            "max": 4.08100028783083,
            "count": 28
        },
        "Dodge.Policy.ExtrinsicReward.sum": {
            "value": 45.161003299057484,
            "min": 29.83000211371109,
            "max": 55.71800411865115,
            "count": 28
        },
        "Dodge.IsTraining.mean": {
            "value": 1.0,
            "min": 1.0,
            "max": 1.0,
            "count": 28
        },
        "Dodge.IsTraining.sum": {
            "value": 1.0,
            "min": 1.0,
            "max": 1.0,
            "count": 28
        }
    },
    "metadata": {
        "timer_format_version": "0.1.0",
        "start_time_seconds": "1708797075",
        "python_version": "3.10.12 | packaged by Anaconda, Inc. | (main, Jul  5 2023, 19:01:18) [MSC v.1916 64 bit (AMD64)]",
        "command_line_arguments": "C:\\Users\\sjasr\\anaconda3\\envs\\mlagents\\Scripts\\mlagents-learn config/dodge_config.yaml --run-id=dodge_10",
        "mlagents_version": "1.0.0",
        "mlagents_envs_version": "1.0.0",
        "communication_protocol_version": "1.5.0",
        "pytorch_version": "1.13.1+cu117",
        "numpy_version": "1.23.1",
        "end_time_seconds": "1708798895"
    },
    "total": 1819.9438111,
    "count": 1,
    "self": 0.008450999999695341,
    "children": {
        "run_training.setup": {
            "total": 0.08956750000106695,
            "count": 1,
            "self": 0.08956750000106695
        },
        "TrainerController.start_learning": {
            "total": 1819.8457925999992,
            "count": 1,
            "self": 0.6502899998631619,
            "children": {
                "TrainerController._reset_env": {
                    "total": 10.778297499999098,
                    "count": 1,
                    "self": 10.778297499999098
                },
                "TrainerController.advance": {
                    "total": 1808.0398798001352,
                    "count": 36324,
                    "self": 0.5510693000414904,
                    "children": {
                        "env_step": {
                            "total": 346.2566650001263,
                            "count": 36324,
                            "self": 239.1329040003202,
                            "children": {
                                "SubprocessEnvManager._take_step": {
                                    "total": 106.71977810000499,
                                    "count": 36324,
                                    "self": 1.9652538998398086,
                                    "children": {
                                        "TorchPolicy.evaluate": {
                                            "total": 104.75452420016518,
                                            "count": 35954,
                                            "self": 104.75452420016518
                                        }
                                    }
                                },
                                "workers": {
                                    "total": 0.4039828998011217,
                                    "count": 36323,
                                    "self": 0.0,
                                    "children": {
                                        "worker_root": {
                                            "total": 1807.56554399991,
                                            "count": 36323,
                                            "is_parallel": true,
                                            "self": 1606.4462299998413,
                                            "children": {
                                                "steps_from_proto": {
                                                    "total": 0.0019191000010323478,
                                                    "count": 1,
                                                    "is_parallel": true,
                                                    "self": 0.00012830000196117908,