{
    "name": "root",
    "gauges": {
        "em_dense_rewards__self_play__gail.Policy.Entropy.mean": {
            "value": 2.2426259517669678,
            "min": 1.9468748569488525,
            "max": 2.517362117767334,
            "count": 100
        },
        "em_dense_rewards__self_play__gail.Policy.Entropy.sum": {
            "value": 45928.98046875,
            "min": 37181.078125,
            "max": 55461.671875,
            "count": 100
        },
        "em_dense_rewards__self_play__gail.Step.mean": {
            "value": 999992.0,
            "min": 9984.0,
            "max": 999992.0,
            "count": 100
        },
        "em_dense_rewards__self_play__gail.Step.sum": {
            "value": 999992.0,
            "min": 9984.0,
            "max": 999992.0,
            "count": 100
        },
        "em_dense_rewards__self_play__gail.Policy.ExtrinsicValueEstimate.mean": {
            "value": -0.02234189584851265,
            "min": -0.09946899861097336,
            "max": 0.11003752052783966,
            "count": 100
        },
        "em_dense_rewards__self_play__gail.Policy.ExtrinsicValueEstimate.sum": {
            "value": -3.5076775550842285,
            "min": -16.312915802001953,
            "max": 17.16585350036621,
            "count": 100
        },
        "em_dense_rewards__self_play__gail.Policy.GailValueEstimate.mean": {
            "value": 3.506417989730835,
            "min": 0.20791657269001007,
            "max": 8.311541557312012,
            "count": 100
        },
        "em_dense_rewards__self_play__gail.Policy.GailValueEstimate.sum": {
            "value": 550.5076293945312,
            "min": 32.43498611450195,
            "max": 1363.0927734375,
            "count": 100
        },
        "em_dense_rewards__self_play__gail.Losses.PolicyLoss.mean": {
            "value": 0.03937200393799382,
            "min": 0.025590706227073195,
            "max": 0.042316056235565565,
            "count": 100
        },
        "em_dense_rewards__self_play__gail.Losses.PolicyLoss.sum": {
            "value": 0.03937200393799382,
            "min": 0.025590706227073195,
            "max": 0.07344903291075253,
            "count": 100
        },
        "em_dense_rewards__self_play__gail.Losses.ValueLoss.mean": {
            "value": 3.3666584144035974,
            "min": 0.13700816079097636,
            "max": 20.738123416900635,
            "count": 100
        },
        "em_dense_rewards__self_play__gail.Losses.ValueLoss.sum": {
            "value": 3.3666584144035974,
            "min": 0.13700816079097636,
            "max": 20.738123416900635,
            "count": 100
        },
        "em_dense_rewards__self_play__gail.Policy.LearningRate.mean": {
            "value": 8.856997047999863e-07,
            "min": 8.856997047999863e-07,
            "max": 0.00029731200089599995,
            "count": 100
        },
        "em_dense_rewards__self_play__gail.Policy.LearningRate.sum": {
            "value": 8.856997047999863e-07,
            "min": 8.856997047999863e-07,
            "max": 0.000555204014932,
            "count": 100
        },
        "em_dense_rewards__self_play__gail.Policy.Epsilon.mean": {
            "value": 0.10029520000000001,
            "min": 0.10029520000000001,
            "max": 0.199104,
            "count": 100
        },
        "em_dense_rewards__self_play__gail.Policy.Epsilon.sum": {
            "value": 0.10029520000000001,
            "min": 0.10029520000000001,
            "max": 0.3850680000000001,
            "count": 100
        },
        "em_dense_rewards__self_play__gail.Policy.Beta.mean": {
            "value": 0.005,
            "min": 0.005,
            "max": 0.005,
            "count": 100
        },
        "em_dense_rewards__self_play__gail.Policy.Beta.sum": {
            "value": 0.005,
            "min": 0.005,
            "max": 0.01,
            "count": 100
        },
        "em_dense_rewards__self_play__gail.Policy.GAILPolicyEstimate.mean": {
            "value": 0.11692334183802207,
            "min": 0.03768561442848295,
            "max": 0.35954322359141183,
            "count": 100
        },
        "em_dense_rewards__self_play__gail.Policy.GAILPolicyEstimate.sum": {
            "value": 0.11692334183802207,
            "min": 0.03768561442848295,
            "max": 0.35954322359141183,
            "count": 100
        },
        "em_dense_rewards__self_play__gail.Policy.GAILExpertEstimate.mean": {
            "value": 0.881846851358811,
            "min": 0.5853854184057198,
            "max": 0.974342248092095,
            "count": 100
        },
        "em_dense_rewards__self_play__gail.Policy.GAILExpertEstimate.sum": {
            "value": 0.881846851358811,
            "min": 0.5853854184057198,
            "max": 1.8713044621342538,
            "count": 100
        },
        "em_dense_rewards__self_play__gail.Losses.GAILLoss.mean": {
            "value": 0.3554526809602976,
            "min": 0.07629842489647369,
            "max": 1.0866088037397348,
            "count": 100
        },
        "em_dense_rewards__self_play__gail.Losses.GAILLoss.sum": {
            "value": 0.3554526809602976,
            "min": 0.07629842489647369,
            "max": 1.2000775314210093,
            "count": 100
        },
        "em_dense_rewards__self_play__gail.Policy.GAILGradMagLoss.mean": {
            "value": 4.809498846530914,
            "min": 3.658581850575466,
            "max": 7.01582400004069,
            "count": 100
        },
        "em_dense_rewards__self_play__gail.Policy.GAILGradMagLoss.sum": {
            "value": 4.809498846530914,
            "min": 3.658581850575466,
            "max": 12.48749806834202,
            "count": 100
        },
        "em_dense_rewards__self_play__gail.IsTraining.mean": {
            "value": 1.0,
            "min": 1.0,
            "max": 1.0,
            "count": 100
        },
        "em_dense_rewards__self_play__gail.IsTraining.sum": {
            "value": 1.0,
            "min": 1.0,
            "max": 1.0,
            "count": 100
        },
        "em_dense_rewards__self_play__gail.Environment.EpisodeLength.mean": {
            "value": 998.0,
            "min": 987.6,
            "max": 998.0,
            "count": 49
        },
        "em_dense_rewards__self_play__gail.Environment.EpisodeLength.sum": {
            "value": 39920.0,
            "min": 39504.0,
            "max": 39920.0,
            "count": 49
        },
        "em_dense_rewards__self_play__gail.Self-play.ELO.mean": {
            "value": 947.9663884548017,
            "min": 947.9663884548017,
            "max": 1194.8444439403195,
            "count": 49
        },
        "em_dense_rewards__self_play__gail.Self-play.ELO.sum": {
            "value": 18959.327769096035,
            "min": 18959.327769096035,
            "max": 23896.88887880639,
            "count": 49
        },
        "em_dense_rewards__self_play__gail.Environment.CumulativeReward.mean": {
            "value": -1.9445922248298302,
            "min": -5.1062619112432,
            "max": -0.20555968830594792,
            "count": 49
        },
        "em_dense_rewards__self_play__gail.Environment.CumulativeReward.sum": {
            "value": -38.891844496596605,
            "min": -102.125238224864,
            "max": -4.111193766118959,
            "count": 49
        },
        "em_dense_rewards__self_play__gail.Policy.ExtrinsicReward.mean": {
            "value": -1.9445922248298302,
            "min": -5.1062619112432,
            "max": -0.20555968830594792,
            "count": 49
        },
        "em_dense_rewards__self_play__gail.Policy.ExtrinsicReward.sum": {
            "value": -38.891844496596605,
            "min": -102.125238224864,
            "max": -4.111193766118959,
            "count": 49
        },
        "em_dense_rewards__self_play__gail.Policy.GailReward.mean": {
            "value": 182.22279155721193,