{
    "name": "root",
    "gauges": {
        "Dodge.Policy.Entropy.mean": {
            "value": 0.330534428358078,
            "min": 0.330534428358078,
            "max": 1.3663733005523682,
            "count": 21
        },
        "Dodge.Policy.Entropy.sum": {
            "value": 3300.0556640625,
            "min": 3300.0556640625,
            "max": 14122.8349609375,
            "count": 21
        },
        "Dodge.Environment.EpisodeLength.mean": {
            "value": 22.623222748815166,
            "min": 19.457142857142856,
            "max": 27.973837209302324,
            "count": 21
        },
        "Dodge.Environment.EpisodeLength.sum": {
            "value": 9547.0,
            "min": 9534.0,
            "max": 9679.0,
            "count": 21
        },
        "Dodge.Step.mean": {
            "value": 209969.0,
            "min": 9974.0,
            "max": 209969.0,
            "count": 21
        },
        "Dodge.Step.sum": {
            "value": 209969.0,
            "min": 9974.0,
            "max": 209969.0,
            "count": 21
        },
        "Dodge.Policy.ExtrinsicValueEstimate.mean": {
            "value": 0.34815382957458496,
            "min": 0.2323901653289795,
            "max": 0.3930579721927643,
            "count": 21
        },
        "Dodge.Policy.ExtrinsicValueEstimate.sum": {
            "value": 146.92091369628906,
            "min": 113.6387939453125,
            "max": 146.92091369628906,
            "count": 21
        },
        "Dodge.Environment.CumulativeReward.mean": {
            "value": 0.46390523462693134,
            "min": 0.39867486258357354,
            "max": 0.572075605668604,
            "count": 21
        },
        "Dodge.Environment.CumulativeReward.sum": {
            "value": 195.76800901256502,
            "min": 194.95200780336745,
            "max": 197.40600775415078,
            "count": 21
        },
        "Dodge.Policy.ExtrinsicReward.mean": {
            "value": 0.46390523462693134,
            "min": 0.39867486258357354,
            "max": 0.572075605668604,
            "count": 21
        },
        "Dodge.Policy.ExtrinsicReward.sum": {
            "value": 195.76800901256502,
            "min": 194.95200780336745,
            "max": 197.40600775415078,
            "count": 21
        },
        "Dodge.Losses.PolicyLoss.mean": {
            "value": 0.2404862083420278,
            "min": 0.23439209220303228,
            "max": 0.24741304225255334,
            "count": 21
        },
        "Dodge.Losses.PolicyLoss.sum": {
            "value": 20.68181391741439,
            "min": 19.78604429706877,
            "max": 21.195444411401468,
            "count": 21
        },
        "Dodge.Losses.ValueLoss.mean": {
            "value": 0.02544607646166597,
            "min": 0.014288112721360886,
            "max": 0.02544607646166597,
            "count": 21
        },
        "Dodge.Losses.ValueLoss.sum": {
            "value": 2.1883625757032736,
            "min": 1.1965511339099564,
            "max": 2.1883625757032736,
            "count": 21
        },
        "Dodge.Policy.LearningRate.mean": {
            "value": 0.00017695912938573024,
            "min": 0.00017695912938573024,
            "max": 0.00029702409275667523,
            "count": 21
        },
        "Dodge.Policy.LearningRate.sum": {
            "value": 0.0152184851271728,
            "min": 0.0152184851271728,
            "max": 0.025247047884317395,
            "count": 21
        },
        "Dodge.Policy.Epsilon.mean": {
            "value": 0.3949318139534884,
            "min": 0.3949318139534884,
            "max": 0.5950401529411764,
            "count": 21
        },
        "Dodge.Policy.Epsilon.sum": {
            "value": 33.964136,
            "min": 33.964136,
            "max": 50.57841299999999,
            "count": 21
        },
        "Dodge.Policy.Beta.mean": {
            "value": 0.0005000000000000001,
            "min": 0.0005000000000000001,
            "max": 0.0005000000000000001,
            "count": 21
        },
        "Dodge.Policy.Beta.sum": {
            "value": 0.04300000000000001,
            "min": 0.04100000000000001,
            "max": 0.04300000000000001,
            "count": 21
        },
        "Dodge.IsTraining.mean": {
            "value": 1.0,
            "min": 1.0,
            "max": 1.0,
            "count": 21
        },
        "Dodge.IsTraining.sum": {
            "value": 1.0,
            "min": 1.0,
            "max": 1.0,
            "count": 21
        }
    },
    "metadata": {
        "timer_format_version": "0.1.0",
        "start_time_seconds": "1708885476",
        "python_version": "3.10.12 | packaged by Anaconda, Inc. | (main, Jul  5 2023, 19:01:18) [MSC v.1916 64 bit (AMD64)]",
        "command_line_arguments": "C:\\Users\\sjasr\\anaconda3\\envs\\mlagents\\Scripts\\mlagents-learn config/dodge_config.yaml --run-id=dodge_25",
        "mlagents_version": "1.0.0",
        "mlagents_envs_version": "1.0.0",
        "communication_protocol_version": "1.5.0",
        "pytorch_version": "1.13.1+cu117",
        "numpy_version": "1.23.1",
        "end_time_seconds": "1708886873"
    },
    "total": 1396.2262674999984,
    "count": 1,
    "self": 0.006383699997968506,
    "children": {
        "run_training.setup": {
            "total": 0.08441550000134157,
            "count": 1,
            "self": 0.08441550000134157
        },
        "TrainerController.start_learning": {
            "total": 1396.135468299999,
            "count": 1,
            "self": 0.40644359982252354,
            "children": {
                "TrainerController._reset_env": {
                    "total": 10.056074399999488,
                    "count": 1,
                    "self": 10.056074399999488
                },
                "TrainerController.advance": {
                    "total": 1385.4125856001774,
                    "count": 20517,
                    "self": 0.32195240011424175,
                    "children": {
                        "env_step": {
                            "total": 247.250862200126,
                            "count": 20517,
                            "self": 211.83662519980135,
                            "children": {
                                "SubprocessEnvManager._take_step": {
                                    "total": 35.17113990028156,
                                    "count": 20517,
                                    "self": 0.853574500160903,
                                    "children": {
                                        "TorchPolicy.evaluate": {
                                            "total": 34.31756540012066,
                                            "count": 13354,
                                            "self": 34.31756540012066
                                        }
                                    }
                                },
                                "workers": {
                                    "total": 0.24309710004308727,
                                    "count": 20516,
                                    "self": 0.0,
                                    "children": {
                                        "worker_root": {
                                            "total": 1365.3737465998493,
                                            "count": 20516,
                                            "is_parallel": true,
                                            "self": 1195.490658700055,
                                            "children": {
                                                "steps_from_proto": {
                                                    "total": 0.0005445999995572492,
                                                    "count": 1,
                                                    "is_parallel": true,
                                                    "self": 0.00012830000196117908,