{
    "name": "root",
    "gauges": {
        "Mage.Policy.Entropy.mean": {
            "value": 2.3916308879852295,
            "min": 2.37926983833313,
            "max": 2.5174052715301514,
            "count": 138
        },
        "Mage.Policy.Entropy.sum": {
            "value": 48502.2734375,
            "min": 47299.8828125,
            "max": 53167.6015625,
            "count": 138
        },
        "Mage.Step.mean": {
            "value": 1379993.0,
            "min": 9976.0,
            "max": 1379993.0,
            "count": 138
        },
        "Mage.Step.sum": {
            "value": 1379993.0,
            "min": 9976.0,
            "max": 1379993.0,
            "count": 138
        },
        "Mage.Policy.ExtrinsicValueEstimate.mean": {
            "value": -0.6359377503395081,
            "min": -1.6081972122192383,
            "max": -0.06118263304233551,
            "count": 138
        },
        "Mage.Policy.ExtrinsicValueEstimate.sum": {
            "value": -134.182861328125,
            "min": -320.03125,
            "max": -11.685882568359375,
            "count": 138
        },
        "Mage.Environment.EpisodeLength.mean": {
            "value": 86.40677966101696,
            "min": 82.66666666666667,
            "max": 193.9268292682927,
            "count": 138
        },
        "Mage.Environment.EpisodeLength.sum": {
            "value": 20392.0,
            "min": 15902.0,
            "max": 23226.0,
            "count": 138
        },
        "Mage.Self-play.ELO.mean": {
            "value": 1333.5200105002418,
            "min": 1195.714900509705,
            "max": 1351.396313278726,
            "count": 138
        },
        "Mage.Self-play.ELO.sum": {
            "value": 157355.36123902854,
            "min": 2400.4985608882907,
            "max": 157355.36123902854,
            "count": 138
        },
        "Mage.Environment.CumulativeReward.mean": {
            "value": -1.9020082889977148,
            "min": -4.010294395631978,
            "max": -1.2877497859299183,
            "count": 138
        },
        "Mage.Environment.CumulativeReward.sum": {
            "value": -224.43697810173035,
            "min": -254.8194832354784,
            "max": -103.01998287439346,
            "count": 138
        },
        "Mage.Policy.ExtrinsicReward.mean": {
            "value": -1.9020082889977148,
            "min": -4.010294395631978,
            "max": -1.2877497859299183,
            "count": 138
        },
        "Mage.Policy.ExtrinsicReward.sum": {
            "value": -224.43697810173035,
            "min": -254.8194832354784,
            "max": -103.01998287439346,
            "count": 138
        },
        "Mage.IsTraining.mean": {
            "value": 1.0,
            "min": 1.0,
            "max": 1.0,
            "count": 138
        },
        "Mage.IsTraining.sum": {
            "value": 1.0,
            "min": 1.0,
            "max": 1.0,
            "count": 138
        },
        "Mage.Losses.PolicyLoss.mean": {
            "value": 0.015872762542858253,
            "min": 0.012462020863677026,
            "max": 0.02382438682834618,
            "count": 67
        },
        "Mage.Losses.PolicyLoss.sum": {
            "value": 0.015872762542858253,
            "min": 0.012462020863677026,
            "max": 0.02382438682834618,
            "count": 67
        },
        "Mage.Losses.ValueLoss.mean": {
            "value": 0.22928936928510665,
            "min": 0.013151898654177785,
            "max": 0.22928936928510665,
            "count": 67
        },
        "Mage.Losses.ValueLoss.sum": {
            "value": 0.22928936928510665,
            "min": 0.013151898654177785,
            "max": 0.22928936928510665,
            "count": 67
        },
        "Mage.Policy.LearningRate.mean": {
            "value": 9.35418688194e-05,
            "min": 9.35418688194e-05,
            "max": 0.00029684835105055,
            "count": 67
        },
        "Mage.Policy.LearningRate.sum": {
            "value": 9.35418688194e-05,
            "min": 9.35418688194e-05,
            "max": 0.00029684835105055,
            "count": 67
        },
        "Mage.Policy.Epsilon.mean": {
            "value": 0.1311806,
            "min": 0.1311806,
            "max": 0.19894945000000003,
            "count": 67
        },
        "Mage.Policy.Epsilon.sum": {
            "value": 0.1311806,
            "min": 0.1311806,
            "max": 0.19894945000000003,
            "count": 67
        },
        "Mage.Policy.Beta.mean": {
            "value": 0.005,
            "min": 0.005,
            "max": 0.005,
            "count": 67
        },
        "Mage.Policy.Beta.sum": {
            "value": 0.005,
            "min": 0.005,
            "max": 0.005,
            "count": 67
        }
    },
    "metadata": {
        "timer_format_version": "0.1.0",
        "start_time_seconds": "1710684492",
        "python_version": "3.10.12 | packaged by Anaconda, Inc. | (main, Jul  5 2023, 19:01:18) [MSC v.1916 64 bit (AMD64)]",
        "command_line_arguments": "C:\\Users\\sjasr\\anaconda3\\envs\\mlagents\\Scripts\\mlagents-learn config/mage_config.yaml --run-id=mage_self_play_relative_bullet_04 --time-scale=1",
        "mlagents_version": "1.0.0",
        "mlagents_envs_version": "1.0.0",
        "communication_protocol_version": "1.5.0",
        "pytorch_version": "1.13.1+cu117",
        "numpy_version": "1.23.1",
        "end_time_seconds": "1710687081"
    },
    "total": 2589.253330399999,
    "count": 1,
    "self": 10.00873319999846,
    "children": {
        "run_training.setup": {
            "total": 0.10668440000154078,
            "count": 1,
            "self": 0.10668440000154078
        },
        "TrainerController.start_learning": {
            "total": 2579.137912799999,
            "count": 1,
            "self": 1.6951479002837004,
            "children": {
                "TrainerController._reset_env": {
                    "total": 8.21435389999715,
                    "count": 14,
                    "self": 8.21435389999715
                },
                "TrainerController.advance": {
                    "total": 2568.9543692997177,
                    "count": 69477,
                    "self": 1.3310835000902443,
                    "children": {
                        "env_step": {
                            "total": 1943.850567999827,
                            "count": 69477,
                            "self": 1431.989560700431,
                            "children": {
                                "SubprocessEnvManager._take_step": {
                                    "total": 510.7795131994462,
                                    "count": 69477,
                                    "self": 8.398766099258864,
                                    "children": {
                                        "TorchPolicy.evaluate": {
                                            "total": 502.38074710018736,
                                            "count": 138954,
                                            "self": 502.38074710018736
                                        }
                                    }
                                },
                                "workers": {
                                    "total": 1.0814940999498504,
                                    "count": 69476,
                                    "self": 0.0,
                                    "children": {
                                        "worker_root": {
                                            "total": 2569.900779200232,
                                            "count": 69476,
                                            "is_parallel": true,
                                            "self": 1321.2788838999531,