{
    "name": "root",
    "gauges": {
        "Dodge.Policy.Entropy.mean": {
            "value": 0.6702466011047363,
            "min": 0.6702466011047363,
            "max": 1.3940401077270508,
            "count": 50
        },
        "Dodge.Policy.Entropy.sum": {
            "value": 6734.6376953125,
            "min": 6651.8583984375,
            "max": 14475.7119140625,
            "count": 50
        },
        "Dodge.Environment.EpisodeLength.mean": {
            "value": 54.94915254237288,
            "min": 33.02739726027397,
            "max": 61.82608695652174,
            "count": 50
        },
        "Dodge.Environment.EpisodeLength.sum": {
            "value": 9726.0,
            "min": 9493.0,
            "max": 10217.0,
            "count": 50
        },
        "Dodge.Step.mean": {
            "value": 499991.0,
            "min": 9981.0,
            "max": 499991.0,
            "count": 50
        },
        "Dodge.Step.sum": {
            "value": 499991.0,
            "min": 9981.0,
            "max": 499991.0,
            "count": 50
        },
        "Dodge.Policy.ExtrinsicValueEstimate.mean": {
            "value": -0.6909683346748352,
            "min": -0.8355739116668701,
            "max": -0.6776707768440247,
            "count": 50
        },
        "Dodge.Policy.ExtrinsicValueEstimate.sum": {
            "value": -171.3601531982422,
            "min": -274.7232971191406,
            "max": -159.9302978515625,
            "count": 50
        },
        "Dodge.Environment.CumulativeReward.mean": {
            "value": -0.9831460674157303,
            "min": -1.0,
            "max": -0.9668508287292817,
            "count": 50
        },
        "Dodge.Environment.CumulativeReward.sum": {
            "value": -175.0,
            "min": -292.0,
            "max": -155.5,
            "count": 50
        },
        "Dodge.Policy.ExtrinsicReward.mean": {
            "value": -0.9831460674157303,
            "min": -1.0,
            "max": -0.9668508287292817,
            "count": 50
        },
        "Dodge.Policy.ExtrinsicReward.sum": {
            "value": -175.0,
            "min": -292.0,
            "max": -155.5,
            "count": 50
        },
        "Dodge.Losses.PolicyLoss.mean": {
            "value": 0.23748264699084945,
            "min": 0.23456240115148644,
            "max": 0.25139614778831965,
            "count": 50
        },
        "Dodge.Losses.PolicyLoss.sum": {
            "value": 18.761129112277107,
            "min": 18.051498738974843,
            "max": 20.05924423700419,
            "count": 50
        },
        "Dodge.Losses.ValueLoss.mean": {
            "value": 0.0238329488249027,
            "min": 0.011331560579824002,
            "max": 0.02495727751639531,
            "count": 50
        },
        "Dodge.Losses.ValueLoss.sum": {
            "value": 1.8828029571673133,
            "min": 0.8838617252262722,
            "max": 1.8828029571673133,
            "count": 50
        },
        "Dodge.Policy.LearningRate.mean": {
            "value": 2.998405329678482e-06,
            "min": 2.998405329678482e-06,
            "max": 0.0002970234961141195,
            "count": 50
        },
        "Dodge.Policy.LearningRate.sum": {
            "value": 0.00023687402104460007,
            "min": 0.00023687402104460007,
            "max": 0.0243559266813578,
            "count": 50
        },
        "Dodge.Policy.Epsilon.mean": {
            "value": 0.100999435443038,
            "min": 0.100999435443038,
            "max": 0.19900783170731706,
            "count": 50
        },
        "Dodge.Policy.Epsilon.sum": {
            "value": 7.978955400000001,
            "min": 7.918031,
            "max": 16.351721200000004,
            "count": 50
        },
        "Dodge.Policy.Beta.mean": {
            "value": 0.0005000000000000001,
            "min": 0.0005000000000000001,
            "max": 0.0005000000000000001,
            "count": 50
        },
        "Dodge.Policy.Beta.sum": {
            "value": 0.03950000000000001,
            "min": 0.037000000000000005,
            "max": 0.04150000000000001,
            "count": 50
        },
        "Dodge.IsTraining.mean": {
            "value": 1.0,
            "min": 1.0,
            "max": 1.0,
            "count": 50
        },
        "Dodge.IsTraining.sum": {
            "value": 1.0,
            "min": 1.0,
            "max": 1.0,
            "count": 50
        }
    },
    "metadata": {
        "timer_format_version": "0.1.0",
        "start_time_seconds": "1708870171",
        "python_version": "3.10.12 | packaged by Anaconda, Inc. | (main, Jul  5 2023, 19:01:18) [MSC v.1916 64 bit (AMD64)]",
        "command_line_arguments": "C:\\Users\\sjasr\\anaconda3\\envs\\mlagents\\Scripts\\mlagents-learn config/dodge_config.yaml --run-id=dodge_17",
        "mlagents_version": "1.0.0",
        "mlagents_envs_version": "1.0.0",
        "communication_protocol_version": "1.5.0",
        "pytorch_version": "1.13.1+cu117",
        "numpy_version": "1.23.1",
        "end_time_seconds": "1708873233"
    },
    "total": 3062.4475084,
    "count": 1,
    "self": 0.015791900000294845,
    "children": {
        "run_training.setup": {
            "total": 0.09137710000004517,
            "count": 1,
            "self": 0.09137710000004517
        },
        "TrainerController.start_learning": {
            "total": 3062.3403393999997,
            "count": 1,
            "self": 0.739792299963483,
            "children": {
                "TrainerController._reset_env": {
                    "total": 9.406424900000047,
                    "count": 1,
                    "self": 9.406424900000047
                },
                "TrainerController.advance": {
                    "total": 3052.0108955000373,
                    "count": 38917,
                    "self": 0.6033063000199945,
                    "children": {
                        "env_step": {
                            "total": 414.6457293000524,
                            "count": 38917,
                            "self": 332.01225529999215,
                            "children": {
                                "SubprocessEnvManager._take_step": {
                                    "total": 82.17816570004538,
                                    "count": 38917,
                                    "self": 1.9203975000000355,
                                    "children": {
                                        "TorchPolicy.evaluate": {
                                            "total": 80.25776820004535,
                                            "count": 31276,
                                            "self": 80.25776820004535
                                        }
                                    }
                                },
                                "workers": {
                                    "total": 0.455308300014849,
                                    "count": 38917,
                                    "self": 0.0,
                                    "children": {
                                        "worker_root": {
                                            "total": 3053.6349036000383,
                                            "count": 38917,
                                            "is_parallel": true,
                                            "self": 2764.177881700055,
                                            "children": {
                                                "steps_from_proto": {
                                                    "total": 0.0019217999999909807,
                                                    "count": 1,
                                                    "is_parallel": true,
                                                    "self": 0.00013710000007449707,