{
    "name": "root",
    "gauges": {
        "Bullet.Policy.Entropy.mean": {
            "value": 0.9610183835029602,
            "min": 0.8799083828926086,
            "max": 1.2924787998199463,
            "count": 200
        },
        "Bullet.Policy.Entropy.sum": {
            "value": 8553.0634765625,
            "min": 7688.8486328125,
            "max": 17780.2578125,
            "count": 200
        },
        "Bullet.Environment.EpisodeLength.mean": {
            "value": 425.6521739130435,
            "min": 351.2083333333333,
            "max": 550.6086956521739,
            "count": 200
        },
        "Bullet.Environment.EpisodeLength.sum": {
            "value": 9790.0,
            "min": 7083.0,
            "max": 12881.0,
            "count": 200
        },
        "Bullet.Step.mean": {
            "value": 1999836.0,
            "min": 9699.0,
            "max": 1999836.0,
            "count": 200
        },
        "Bullet.Step.sum": {
            "value": 1999836.0,
            "min": 9699.0,
            "max": 1999836.0,
            "count": 200
        },
        "Bullet.Policy.ExtrinsicValueEstimate.mean": {
            "value": -0.0025577933993190527,
            "min": -0.016005733981728554,
            "max": 0.018279146403074265,
            "count": 200
        },
        "Bullet.Policy.ExtrinsicValueEstimate.sum": {
            "value": -0.07417600601911545,
            "min": -0.46006056666374207,
            "max": 0.5666535496711731,
            "count": 200
        },
        "Bullet.Policy.GailValueEstimate.mean": {
            "value": 0.5342001914978027,
            "min": 0.4194571077823639,
            "max": 2.598252296447754,
            "count": 200
        },
        "Bullet.Policy.GailValueEstimate.sum": {
            "value": 15.491806030273438,
            "min": 11.74479866027832,
            "max": 75.34931945800781,
            "count": 200
        },
        "Bullet.Environment.CumulativeReward.mean": {
            "value": -0.1734694116141485,
            "min": -1.6923997282981873,
            "max": 1.5804499546065927,
            "count": 200
        },
        "Bullet.Environment.CumulativeReward.sum": {
            "value": -3.989796467125416,
            "min": -39.12579479813576,
            "max": 37.930798910558224,
            "count": 200
        },
        "Bullet.Policy.ExtrinsicReward.mean": {
            "value": -0.12142861051403958,
            "min": -1.184679925441742,
            "max": 1.1063151300574343,
            "count": 200
        },
        "Bullet.Policy.ExtrinsicReward.sum": {
            "value": -2.7928580418229103,
            "min": -27.38805903494358,
            "max": 26.551563121378422,
            "count": 200
        },
        "Bullet.Policy.GailReward.mean": {
            "value": 49.53872817106869,
            "min": 34.68976720174154,
            "max": 101.1391097617646,
            "count": 200
        },
        "Bullet.Policy.GailReward.sum": {
            "value": 1139.3907479345798,
            "min": 728.4851112365723,
            "max": 2427.3386342823505,
            "count": 200
        },
        "Bullet.IsTraining.mean": {
            "value": 1.0,
            "min": 1.0,
            "max": 1.0,
            "count": 200
        },
        "Bullet.IsTraining.sum": {
            "value": 1.0,
            "min": 1.0,
            "max": 1.0,
            "count": 200
        },
        "Bullet.Losses.PolicyLoss.mean": {
            "value": 0.016662692722456997,
            "min": 0.012670133463689125,
            "max": 0.02270723419787828,
            "count": 96
        },
        "Bullet.Losses.PolicyLoss.sum": {
            "value": 0.016662692722456997,
            "min": 0.012670133463689125,
            "max": 0.02270723419787828,
            "count": 96
        },
        "Bullet.Losses.ValueLoss.mean": {
            "value": 0.10341580417007208,
            "min": 0.05853552026674151,
            "max": 0.443721541762352,
            "count": 96
        },
        "Bullet.Losses.ValueLoss.sum": {
            "value": 0.10341580417007208,
            "min": 0.05853552026674151,
            "max": 0.443721541762352,
            "count": 96
        },
        "Bullet.Policy.LearningRate.mean": {
            "value": 1.901949366050016e-06,
            "min": 1.901949366050016e-06,
            "max": 0.0002968902010366,
            "count": 96
        },
        "Bullet.Policy.LearningRate.sum": {
            "value": 1.901949366050016e-06,
            "min": 1.901949366050016e-06,
            "max": 0.0002968902010366,
            "count": 96
        },
        "Bullet.Policy.Epsilon.mean": {
            "value": 0.10126790000000004,
            "min": 0.10126790000000004,
            "max": 0.2979268,
            "count": 96
        },
        "Bullet.Policy.Epsilon.sum": {
            "value": 0.10126790000000004,
            "min": 0.10126790000000004,
            "max": 0.2979268,
            "count": 96
        },
        "Bullet.Policy.Beta.mean": {
            "value": 0.005,
            "min": 0.005,
            "max": 0.005,
            "count": 96
        },
        "Bullet.Policy.Beta.sum": {
            "value": 0.005,
            "min": 0.005,
            "max": 0.005,
            "count": 96
        },
        "Bullet.Policy.GAILPolicyEstimate.mean": {
            "value": 0.2543016891926527,
            "min": 0.22408517375588416,
            "max": 0.3025382854044437,
            "count": 96
        },
        "Bullet.Policy.GAILPolicyEstimate.sum": {
            "value": 0.2543016891926527,
            "min": 0.22408517375588416,
            "max": 0.3025382854044437,
            "count": 96
        },
        "Bullet.Policy.GAILExpertEstimate.mean": {
            "value": 0.7489457949995995,
            "min": 0.7081728503108025,
            "max": 0.7717251166701317,
            "count": 96
        },
        "Bullet.Policy.GAILExpertEstimate.sum": {
            "value": 0.7489457949995995,
            "min": 0.7081728503108025,
            "max": 0.7717251166701317,
            "count": 96
        },
        "Bullet.Losses.GAILLoss.mean": {
            "value": 0.7554376542568206,
            "min": 0.6747470587491989,
            "max": 0.9102035880088806,
            "count": 96
        },
        "Bullet.Losses.GAILLoss.sum": {
            "value": 0.7554376542568206,
            "min": 0.6747470587491989,
            "max": 0.9102035880088806,
            "count": 96
        },
        "Bullet.Policy.GAILGradMagLoss.mean": {
            "value": 4.676341426372528,
            "min": 4.53568663597107,
            "max": 5.345549750328064,
            "count": 96
        },
        "Bullet.Policy.GAILGradMagLoss.sum": {
            "value": 4.676341426372528,
            "min": 4.53568663597107,
            "max": 5.345549750328064,
            "count": 96
        }
    },
    "metadata": {
        "timer_format_version": "0.1.0",
        "start_time_seconds": "1710957495",
        "python_version": "3.10.12 | packaged by Anaconda, Inc. | (main, Jul  5 2023, 19:01:18) [MSC v.1916 64 bit (AMD64)]",
        "command_line_arguments": "C:\\Users\\sjasr\\anaconda3\\envs\\mlagents\\Scripts\\mlagents-learn config/bullet_config.yaml --initialize-from=bullet_arena_gail_final_02 --run-id=bullet_arena_gail_final_03 --time-scale=1",
        "mlagents_version": "1.0.0",
        "mlagents_envs_version": "1.0.0",
        "communication_protocol_version": "1.5.0",
        "pytorch_version": "1.13.1+cu117",
        "numpy_version": "1.23.1",
        "end_time_seconds": "1710960753"
    },
    "total": 3258.0088579000003,
    "count": 1,
    "self": 0.026044099999126047,
    "children": {
        "run_training.setup": {
            "total": 0.0873637000004237,
            "count": 1,
            "self": 0.0873637000004237
        },
        "TrainerController.start_learning": {
            "total": 3257.8954501000007,