{
    "name": "root",
    "gauges": {
        "Bullet.Policy.Entropy.mean": {
            "value": 0.7347750663757324,
            "min": 0.4806137681007385,
            "max": 0.7611466646194458,
            "count": 44
        },
        "Bullet.Policy.Entropy.sum": {
            "value": 6245.587890625,
            "min": 5001.9873046875,
            "max": 8555.802734375,
            "count": 44
        },
        "Bullet.Environment.EpisodeLength.mean": {
            "value": 578.9333333333333,
            "min": 428.8235294117647,
            "max": 744.7894736842105,
            "count": 44
        },
        "Bullet.Environment.EpisodeLength.sum": {
            "value": 8684.0,
            "min": 5626.0,
            "max": 14200.0,
            "count": 44
        },
        "Bullet.Step.mean": {
            "value": 439596.0,
            "min": 9918.0,
            "max": 439596.0,
            "count": 44
        },
        "Bullet.Step.sum": {
            "value": 439596.0,
            "min": 9918.0,
            "max": 439596.0,
            "count": 44
        },
        "Bullet.Policy.ExtrinsicValueEstimate.mean": {
            "value": 0.0961977168917656,
            "min": 0.02332678623497486,
            "max": 0.17737245559692383,
            "count": 44
        },
        "Bullet.Policy.ExtrinsicValueEstimate.sum": {
            "value": 2.5973384380340576,
            "min": 0.5921228528022766,
            "max": 4.966428756713867,
            "count": 44
        },
        "Bullet.Policy.CuriosityValueEstimate.mean": {
            "value": 0.00216602417640388,
            "min": -0.003962376154959202,
            "max": 0.006861429195851088,
            "count": 44
        },
        "Bullet.Policy.CuriosityValueEstimate.sum": {
            "value": 0.05848265439271927,
            "min": -0.1030217781662941,
            "max": 0.17153573036193848,
            "count": 44
        },
        "Bullet.Environment.CumulativeReward.mean": {
            "value": 2.32006680170695,
            "min": 1.3912777966923184,
            "max": 2.3577693964426336,
            "count": 44
        },
        "Bullet.Environment.CumulativeReward.sum": {
            "value": 34.80100202560425,
            "min": 18.59000138938427,
            "max": 48.275002390146255,
            "count": 44
        },
        "Bullet.Policy.ExtrinsicReward.mean": {
            "value": 2.32006680170695,
            "min": 1.3912777966923184,
            "max": 2.3577693964426336,
            "count": 44
        },
        "Bullet.Policy.ExtrinsicReward.sum": {
            "value": 34.80100202560425,
            "min": 18.59000138938427,
            "max": 48.275002390146255,
            "count": 44
        },
        "Bullet.Policy.CuriosityReward.mean": {
            "value": 0.13694279426708816,
            "min": 0.0,
            "max": 0.20451128180138767,
            "count": 44
        },
        "Bullet.Policy.CuriosityReward.sum": {
            "value": 2.0541419140063226,
            "min": 0.0,
            "max": 4.020279637770727,
            "count": 44
        },
        "Bullet.IsTraining.mean": {
            "value": 1.0,
            "min": 1.0,
            "max": 1.0,
            "count": 44
        },
        "Bullet.IsTraining.sum": {
            "value": 1.0,
            "min": 1.0,
            "max": 1.0,
            "count": 44
        },
        "Bullet.Losses.PolicyLoss.mean": {
            "value": 0.01794281659531407,
            "min": 0.011501728419898428,
            "max": 0.020026250370938213,
            "count": 21
        },
        "Bullet.Losses.PolicyLoss.sum": {
            "value": 0.01794281659531407,
            "min": 0.011501728419898428,
            "max": 0.020026250370938213,
            "count": 21
        },
        "Bullet.Losses.ValueLoss.mean": {
            "value": 0.0019219448644435034,
            "min": 0.0018143430788768455,
            "max": 0.0051659399177879095,
            "count": 21
        },
        "Bullet.Losses.ValueLoss.sum": {
            "value": 0.0019219448644435034,
            "min": 0.0018143430788768455,
            "max": 0.0051659399177879095,
            "count": 21
        },
        "Bullet.Policy.LearningRate.mean": {
            "value": 0.00023499617166795,
            "min": 0.00023499617166795,
            "max": 0.00029692035102654995,
            "count": 21
        },
        "Bullet.Policy.LearningRate.sum": {
            "value": 0.00023499617166795,
            "min": 0.00023499617166795,
            "max": 0.00029692035102654995,
            "count": 21
        },
        "Bullet.Policy.Epsilon.mean": {
            "value": 0.139166025,
            "min": 0.139166025,
            "max": 0.149486725,
            "count": 21
        },
        "Bullet.Policy.Epsilon.sum": {
            "value": 0.139166025,
            "min": 0.139166025,
            "max": 0.149486725,
            "count": 21
        },
        "Bullet.Policy.Beta.mean": {
            "value": 0.005,
            "min": 0.005,
            "max": 0.005,
            "count": 21
        },
        "Bullet.Policy.Beta.sum": {
            "value": 0.005,
            "min": 0.005,
            "max": 0.005,
            "count": 21
        },
        "Bullet.Losses.CuriosityForwardLoss.mean": {
            "value": 0.023476103879511358,
            "min": 0.01893152608536184,
            "max": 0.02672087517566979,
            "count": 21
        },
        "Bullet.Losses.CuriosityForwardLoss.sum": {
            "value": 0.023476103879511358,
            "min": 0.01893152608536184,
            "max": 0.02672087517566979,
            "count": 21
        },
        "Bullet.Losses.CuriosityInverseLoss.mean": {
            "value": 0.7612869501113891,
            "min": 0.5557802096009254,
            "max": 0.7639177873730659,
            "count": 21
        },
        "Bullet.Losses.CuriosityInverseLoss.sum": {
            "value": 0.7612869501113891,
            "min": 0.5557802096009254,
            "max": 0.7639177873730659,
            "count": 21
        }
    },
    "metadata": {
        "timer_format_version": "0.1.0",
        "start_time_seconds": "1711034883",
        "python_version": "3.10.12 | packaged by Anaconda, Inc. | (main, Jul  5 2023, 19:01:18) [MSC v.1916 64 bit (AMD64)]",
        "command_line_arguments": "C:\\Users\\sjasr\\anaconda3\\envs\\mlagents\\Scripts\\mlagents-learn config/bullet_config.yaml --initialize-from=bullet_arena_gail_final_05 --run-id=bullet_arena_gail_final_06 --time-scale=1",
        "mlagents_version": "1.0.0",
        "mlagents_envs_version": "1.0.0",
        "communication_protocol_version": "1.5.0",
        "pytorch_version": "1.13.1+cu117",
        "numpy_version": "1.23.1",
        "end_time_seconds": "1711035627"
    },
    "total": 744.5318822999998,
    "count": 1,
    "self": 0.008433900000454742,
    "children": {
        "run_training.setup": {
            "total": 0.08979999999974098,
            "count": 1,
            "self": 0.08979999999974098
        },
        "TrainerController.start_learning": {
            "total": 744.4336483999996,
            "count": 1,
            "self": 0.4884567999642968,
            "children": {
                "TrainerController._reset_env": {
                    "total": 8.536613999999645,
                    "count": 1,
                    "self": 8.536613999999645
                },
                "TrainerController.advance": {
                    "total": 735.1623123000354,
                    "count": 22317,
                    "self": 0.4205109000458833,
                    "children": {
                        "env_step": {
                            "total": 506.5434998000019,
                            "count": 22317,
                            "self": 414.95536019990504,