{
    "name": "root",
    "gauges": {
        "Bullet.Policy.Entropy.mean": {
            "value": 2.5152668952941895,
            "min": 2.5152668952941895,
            "max": 2.5175416469573975,
            "count": 7
        },
        "Bullet.Policy.Entropy.sum": {
            "value": 25756.33203125,
            "min": 24468.3828125,
            "max": 28295.73046875,
            "count": 7
        },
        "Bullet.Step.mean": {
            "value": 69994.0,
            "min": 9984.0,
            "max": 69994.0,
            "count": 7
        },
        "Bullet.Step.sum": {
            "value": 69994.0,
            "min": 9984.0,
            "max": 69994.0,
            "count": 7
        },
        "Bullet.Policy.ExtrinsicValueEstimate.mean": {
            "value": 0.01896164007484913,
            "min": -0.06148141622543335,
            "max": 0.024289365857839584,
            "count": 7
        },
        "Bullet.Policy.ExtrinsicValueEstimate.sum": {
            "value": 3.052824020385742,
            "min": -9.591100692749023,
            "max": 4.007745265960693,
            "count": 7
        },
        "Bullet.Policy.CuriosityValueEstimate.mean": {
            "value": 0.04589260369539261,
            "min": -0.08749184012413025,
            "max": 0.08131389319896698,
            "count": 7
        },
        "Bullet.Policy.CuriosityValueEstimate.sum": {
            "value": 7.38870906829834,
            "min": -13.648727416992188,
            "max": 13.416791915893555,
            "count": 7
        },
        "Bullet.IsTraining.mean": {
            "value": 1.0,
            "min": 1.0,
            "max": 1.0,
            "count": 7
        },
        "Bullet.IsTraining.sum": {
            "value": 1.0,
            "min": 1.0,
            "max": 1.0,
            "count": 7
        },
        "Bullet.Environment.EpisodeLength.mean": {
            "value": 784.4,
            "min": 560.0,
            "max": 963.7,
            "count": 5
        },
        "Bullet.Environment.EpisodeLength.sum": {
            "value": 7844.0,
            "min": 560.0,
            "max": 19274.0,
            "count": 5
        },
        "Bullet.Environment.CumulativeReward.mean": {
            "value": 3.214599810540676,
            "min": -0.09845009748823941,
            "max": 7.438000181806274,
            "count": 5
        },
        "Bullet.Environment.CumulativeReward.sum": {
            "value": 32.14599810540676,
            "min": -1.9690019497647882,
            "max": 38.073998644948006,
            "count": 5
        },
        "Bullet.Policy.ExtrinsicReward.mean": {
            "value": 3.214599810540676,
            "min": -0.09845009748823941,
            "max": 7.438000181806274,
            "count": 5
        },
        "Bullet.Policy.ExtrinsicReward.sum": {
            "value": 32.14599810540676,
            "min": -1.9690019497647882,
            "max": 38.073998644948006,
            "count": 5
        },
        "Bullet.Policy.CuriosityReward.mean": {
            "value": 9.244413635134697,
            "min": 0.0,
            "max": 9.244413635134697,
            "count": 5
        },
        "Bullet.Policy.CuriosityReward.sum": {
            "value": 92.44413635134697,
            "min": 0.0,
            "max": 105.76168631017208,
            "count": 5
        },
        "Bullet.Losses.PolicyLoss.mean": {
            "value": 0.015335870994022116,
            "min": 0.015335870994022116,
            "max": 0.015335870994022116,
            "count": 1
        },
        "Bullet.Losses.PolicyLoss.sum": {
            "value": 0.015335870994022116,
            "min": 0.015335870994022116,
            "max": 0.015335870994022116,
            "count": 1
        },
        "Bullet.Losses.ValueLoss.mean": {
            "value": 0.010079486883478239,
            "min": 0.010079486883478239,
            "max": 0.010079486883478239,
            "count": 1
        },
        "Bullet.Losses.ValueLoss.sum": {
            "value": 0.010079486883478239,
            "min": 0.010079486883478239,
            "max": 0.010079486883478239,
            "count": 1
        },
        "Bullet.Policy.LearningRate.mean": {
            "value": 0.00029376105207964997,
            "min": 0.00029376105207964997,
            "max": 0.00029376105207964997,
            "count": 1
        },
        "Bullet.Policy.LearningRate.sum": {
            "value": 0.00029376105207964997,
            "min": 0.00029376105207964997,
            "max": 0.00029376105207964997,
            "count": 1
        },
        "Bullet.Policy.Epsilon.mean": {
            "value": 0.19792035000000002,
            "min": 0.19792035000000002,
            "max": 0.19792035000000002,
            "count": 1
        },
        "Bullet.Policy.Epsilon.sum": {
            "value": 0.19792035000000002,
            "min": 0.19792035000000002,
            "max": 0.19792035000000002,
            "count": 1
        },
        "Bullet.Policy.Beta.mean": {
            "value": 0.005,
            "min": 0.005,
            "max": 0.005,
            "count": 1
        },
        "Bullet.Policy.Beta.sum": {
            "value": 0.005,
            "min": 0.005,
            "max": 0.005,
            "count": 1
        },
        "Bullet.Losses.CuriosityForwardLoss.mean": {
            "value": 0.5225163398310542,
            "min": 0.5225163398310542,
            "max": 0.5225163398310542,
            "count": 1
        },
        "Bullet.Losses.CuriosityForwardLoss.sum": {
            "value": 0.5225163398310542,
            "min": 0.5225163398310542,
            "max": 0.5225163398310542,
            "count": 1
        },
        "Bullet.Losses.CuriosityInverseLoss.mean": {
            "value": 3.112278711795807,
            "min": 3.112278711795807,
            "max": 3.112278711795807,
            "count": 1
        },
        "Bullet.Losses.CuriosityInverseLoss.sum": {
            "value": 3.112278711795807,
            "min": 3.112278711795807,
            "max": 3.112278711795807,
            "count": 1
        }
    },
    "metadata": {
        "timer_format_version": "0.1.0",
        "start_time_seconds": "1711064810",
        "python_version": "3.10.12 | packaged by Anaconda, Inc. | (main, Jul  5 2023, 19:01:18) [MSC v.1916 64 bit (AMD64)]",
        "command_line_arguments": "C:\\Users\\sjasr\\anaconda3\\envs\\mlagents\\Scripts\\mlagents-learn config/bullet_config.yaml --run-id=bullet_dodge_01 --time-scale=1",
        "mlagents_version": "1.0.0",
        "mlagents_envs_version": "1.0.0",
        "communication_protocol_version": "1.5.0",
        "pytorch_version": "1.13.1+cu117",
        "numpy_version": "1.23.1",
        "end_time_seconds": "1711064947"
    },
    "total": 137.15690560000075,
    "count": 1,
    "self": 0.06428900000173599,
    "children": {
        "run_training.setup": {
            "total": 0.08611300000484334,
            "count": 1,
            "self": 0.08611300000484334
        },
        "TrainerController.start_learning": {
            "total": 137.00650359999418,
            "count": 1,
            "self": 0.0792618999548722,
            "children": {
                "TrainerController._reset_env": {
                    "total": 8.987107300003117,
                    "count": 1,
                    "self": 8.987107300003117
                },
                "TrainerController.advance": {
                    "total": 127.70136900003854,
                    "count": 3802,
                    "self": 0.06992399984301301,
                    "children": {
                        "env_step": {
                            "total": 99.09220760005701,
                            "count": 3802,
                            "self": 83.07075340004667,
                            "children": {
                                "SubprocessEnvManager._take_step": {
                                    "total": 15.966592600023432,
                                    "count": 3803,