{
    "name": "root",
    "gauges": {
        "Dodge.Policy.Entropy.mean": {
            "value": 1.3634096384048462,
            "min": 1.1978678703308105,
            "max": 1.5961096286773682,
            "count": 50
        },
        "Dodge.Policy.Entropy.sum": {
            "value": 13874.056640625,
            "min": 11902.015625,
            "max": 17161.37109375,
            "count": 50
        },
        "Dodge.Environment.EpisodeLength.mean": {
            "value": 295.35483870967744,
            "min": 119.125,
            "max": 384.3703703703704,
            "count": 50
        },
        "Dodge.Environment.EpisodeLength.sum": {
            "value": 9156.0,
            "min": 4765.0,
            "max": 11626.0,
            "count": 50
        },
        "Dodge.Step.mean": {
            "value": 499965.0,
            "min": 9989.0,
            "max": 499965.0,
            "count": 50
        },
        "Dodge.Step.sum": {
            "value": 499965.0,
            "min": 9989.0,
            "max": 499965.0,
            "count": 50
        },
        "Dodge.Policy.ExtrinsicValueEstimate.mean": {
            "value": 0.14812596142292023,
            "min": 0.011836177669465542,
            "max": 0.17046339809894562,
            "count": 50
        },
        "Dodge.Policy.ExtrinsicValueEstimate.sum": {
            "value": 24.885162353515625,
            "min": 2.106839656829834,
            "max": 28.404020309448242,
            "count": 50
        },
        "Dodge.Environment.CumulativeReward.mean": {
            "value": 0.5778666879671316,
            "min": 0.23825000926735812,
            "max": 0.8124000320831934,
            "count": 50
        },
        "Dodge.Environment.CumulativeReward.sum": {
            "value": 17.336000639013946,
            "min": 9.530000370694324,
            "max": 24.372000962495804,
            "count": 50
        },
        "Dodge.Policy.ExtrinsicReward.mean": {
            "value": 0.5778666879671316,
            "min": 0.23825000926735812,
            "max": 0.8124000320831934,
            "count": 50
        },
        "Dodge.Policy.ExtrinsicReward.sum": {
            "value": 17.336000639013946,
            "min": 9.530000370694324,
            "max": 24.372000962495804,
            "count": 50
        },
        "Dodge.Losses.PolicyLoss.mean": {
            "value": 0.03180747345322743,
            "min": 0.028631208328685414,
            "max": 0.035609767563679874,
            "count": 50
        },
        "Dodge.Losses.PolicyLoss.sum": {
            "value": 0.12722989381290972,
            "min": 0.11567124140371259,
            "max": 0.1775244290571815,
            "count": 50
        },
        "Dodge.Losses.ValueLoss.mean": {
            "value": 0.0002826516905164075,
            "min": 0.00013363293011631563,
            "max": 0.0019744942655961495,
            "count": 50
        },
        "Dodge.Losses.ValueLoss.sum": {
            "value": 0.00113060676206563,
            "min": 0.0006681646505815781,
            "max": 0.007897977062384598,
            "count": 50
        },
        "Dodge.Policy.LearningRate.mean": {
            "value": 0.00015158479947175,
            "min": 0.00015158479947175,
            "max": 0.00029823922558692496,
            "count": 50
        },
        "Dodge.Policy.LearningRate.sum": {
            "value": 0.000606339197887,
            "min": 0.000606339197887,
            "max": 0.0014766246077918,
            "count": 50
        },
        "Dodge.Policy.Epsilon.mean": {
            "value": 0.15052825000000003,
            "min": 0.15052825000000003,
            "max": 0.19941307500000002,
            "count": 50
        },
        "Dodge.Policy.Epsilon.sum": {
            "value": 0.6021130000000001,
            "min": 0.6021130000000001,
            "max": 0.9922082,
            "count": 50
        },
        "Dodge.Policy.Beta.mean": {
            "value": 0.005,
            "min": 0.005,
            "max": 0.005000000000000001,
            "count": 50
        },
        "Dodge.Policy.Beta.sum": {
            "value": 0.02,
            "min": 0.02,
            "max": 0.025000000000000005,
            "count": 50
        },
        "Dodge.IsTraining.mean": {
            "value": 1.0,
            "min": 1.0,
            "max": 1.0,
            "count": 50
        },
        "Dodge.IsTraining.sum": {
            "value": 1.0,
            "min": 1.0,
            "max": 1.0,
            "count": 50
        }
    },
    "metadata": {
        "timer_format_version": "0.1.0",
        "start_time_seconds": "1709432951",
        "python_version": "3.10.12 | packaged by Anaconda, Inc. | (main, Jul  5 2023, 19:01:18) [MSC v.1916 64 bit (AMD64)]",
        "command_line_arguments": "C:\\Users\\sjasr\\anaconda3\\envs\\mlagents\\Scripts\\mlagents-learn config/dodge_config.yaml --run-id=dodge_discrete_06",
        "mlagents_version": "1.0.0",
        "mlagents_envs_version": "1.0.0",
        "communication_protocol_version": "1.5.0",
        "pytorch_version": "1.13.1+cu117",
        "numpy_version": "1.23.1",
        "end_time_seconds": "1709433951"
    },
    "total": 1000.0324596999999,
    "count": 1,
    "self": 0.007358200004091486,
    "children": {
        "run_training.setup": {
            "total": 0.09527939999679802,
            "count": 1,
            "self": 0.09527939999679802
        },
        "TrainerController.start_learning": {
            "total": 999.929822099999,
            "count": 1,
            "self": 0.48664099964662455,
            "children": {
                "TrainerController._reset_env": {
                    "total": 15.037330199993448,
                    "count": 1,
                    "self": 15.037330199993448
                },
                "TrainerController.advance": {
                    "total": 984.1996265003618,
                    "count": 20983,
                    "self": 0.3806131008968805,
                    "children": {
                        "env_step": {
                            "total": 278.28390750013205,
                            "count": 20983,
                            "self": 209.07060150067264,
                            "children": {
                                "SubprocessEnvManager._take_step": {
                                    "total": 68.93596820004313,
                                    "count": 20985,
                                    "self": 1.2843849006821983,
                                    "children": {
                                        "TorchPolicy.evaluate": {
                                            "total": 67.65158329936094,
                                            "count": 20985,
                                            "self": 67.65158329936094
                                        }
                                    }
                                },
                                "workers": {
                                    "total": 0.2773377994162729,
                                    "count": 20982,
                                    "self": 0.0,
                                    "children": {
                                        "worker_root": {
                                            "total": 929.3166424999654,
                                            "count": 20982,
                                            "is_parallel": true,
                                            "self": 812.6033099002088,
                                            "children": {
                                                "steps_from_proto": {
                                                    "total": 0.002398900003754534,
                                                    "count": 3,
                                                    "is_parallel": true,
                                                    "self": 0.0008245000062743202,