{
    "name": "root",
    "gauges": {
        "Chase.Policy.Entropy.mean": {
            "value": 1.418721079826355,
            "min": 1.1098742485046387,
            "max": 1.431981086730957,
            "count": 50
        },
        "Chase.Policy.Entropy.sum": {
            "value": 14164.51171875,
            "min": 11264.404296875,
            "max": 14370.408203125,
            "count": 50
        },
        "Chase.Environment.EpisodeLength.mean": {
            "value": 1136.0,
            "min": 32.43835616438356,
            "max": 2576.3636363636365,
            "count": 44
        },
        "Chase.Environment.EpisodeLength.sum": {
            "value": 1136.0,
            "min": 618.0,
            "max": 28340.0,
            "count": 44
        },
        "Chase.Step.mean": {
            "value": 499965.0,
            "min": 9956.0,
            "max": 499965.0,
            "count": 50
        },
        "Chase.Step.sum": {
            "value": 499965.0,
            "min": 9956.0,
            "max": 499965.0,
            "count": 50
        },
        "Chase.Policy.ExtrinsicValueEstimate.mean": {
            "value": 0.0014425283297896385,
            "min": -0.13630899786949158,
            "max": 0.1541634500026703,
            "count": 50
        },
        "Chase.Policy.ExtrinsicValueEstimate.sum": {
            "value": 0.2250344157218933,
            "min": -26.878700256347656,
            "max": 53.64888000488281,
            "count": 50
        },
        "Chase.Environment.CumulativeReward.mean": {
            "value": 1.0,
            "min": -0.4888888888888889,
            "max": 1.0,
            "count": 44
        },
        "Chase.Environment.CumulativeReward.sum": {
            "value": 1.0,
            "min": -22.0,
            "max": 56.0,
            "count": 44
        },
        "Chase.Policy.ExtrinsicReward.mean": {
            "value": 1.0,
            "min": -0.4888888888888889,
            "max": 1.0,
            "count": 44
        },
        "Chase.Policy.ExtrinsicReward.sum": {
            "value": 1.0,
            "min": -22.0,
            "max": 56.0,
            "count": 44
        },
        "Chase.Losses.PolicyLoss.mean": {
            "value": 0.24166581754124222,
            "min": 0.23639707636562535,
            "max": 0.25259612024771944,
            "count": 50
        },
        "Chase.Losses.PolicyLoss.sum": {
            "value": 18.849933768216893,
            "min": 16.115923341730845,
            "max": 20.11890188829775,
            "count": 50
        },
        "Chase.Losses.ValueLoss.mean": {
            "value": 3.465524566155117e-05,
            "min": 3.4889556754424384e-07,
            "max": 0.14936878960231623,
            "count": 50
        },
        "Chase.Losses.ValueLoss.sum": {
            "value": 0.0027031091616009917,
            "min": 2.756274983599526e-05,
            "max": 12.098871957787614,
            "count": 50
        },
        "Chase.Policy.LearningRate.mean": {
            "value": 3.0162989946e-06,
            "min": 3.0162989946e-06,
            "max": 0.0002969752625467077,
            "count": 50
        },
        "Chase.Policy.LearningRate.sum": {
            "value": 0.00023527132157879997,
            "min": 0.00023527132157879997,
            "max": 0.0235685366438212,
            "count": 50
        },
        "Chase.Policy.Epsilon.mean": {
            "value": 0.10100540000000001,
            "min": 0.10100540000000001,
            "max": 0.19899175384615386,
            "count": 50
        },
        "Chase.Policy.Epsilon.sum": {
            "value": 7.878421200000001,
            "min": 7.0021956,
            "max": 15.9561788,
            "count": 50
        },
        "Chase.Policy.Beta.mean": {
            "value": 0.0005000000000000001,
            "min": 0.0005,
            "max": 0.0005000000000000001,
            "count": 50
        },
        "Chase.Policy.Beta.sum": {
            "value": 0.03900000000000001,
            "min": 0.033,
            "max": 0.04050000000000001,
            "count": 50
        },
        "Chase.IsTraining.mean": {
            "value": 1.0,
            "min": 1.0,
            "max": 1.0,
            "count": 50
        },
        "Chase.IsTraining.sum": {
            "value": 1.0,
            "min": 1.0,
            "max": 1.0,
            "count": 50
        }
    },
    "metadata": {
        "timer_format_version": "0.1.0",
        "start_time_seconds": "1703542709",
        "python_version": "3.10.12 | packaged by Anaconda, Inc. | (main, Jul  5 2023, 19:01:18) [MSC v.1916 64 bit (AMD64)]",
        "command_line_arguments": "C:\\Users\\sjasr\\anaconda3\\envs\\mlagents\\Scripts\\mlagents-learn config/chase_config.yaml --initialize-from=Chase4 --run-id=Chase9",
        "mlagents_version": "1.0.0",
        "mlagents_envs_version": "1.0.0",
        "communication_protocol_version": "1.5.0",
        "pytorch_version": "1.13.1+cu117",
        "numpy_version": "1.23.1",
        "end_time_seconds": "1703544317"
    },
    "total": 1607.847683,
    "count": 1,
    "self": 0.017376099996909034,
    "children": {
        "run_training.setup": {
            "total": 0.08836510000037379,
            "count": 1,
            "self": 0.08836510000037379
        },
        "TrainerController.start_learning": {
            "total": 1607.7419418000027,
            "count": 1,
            "self": 0.8695818998639879,
            "children": {
                "TrainerController._reset_env": {
                    "total": 16.665474699999322,
                    "count": 1,
                    "self": 16.665474699999322
                },
                "TrainerController.advance": {
                    "total": 1590.1516952001402,
                    "count": 43989,
                    "self": 0.7708079001567967,
                    "children": {
                        "env_step": {
                            "total": 429.95199930015224,
                            "count": 43989,
                            "self": 332.73802550014807,
                            "children": {
                                "SubprocessEnvManager._take_step": {
                                    "total": 96.67771369999537,
                                    "count": 43989,
                                    "self": 2.5344173004705226,
                                    "children": {
                                        "TorchPolicy.evaluate": {
                                            "total": 94.14329639952484,
                                            "count": 41691,
                                            "self": 94.14329639952484
                                        }
                                    }
                                },
                                "workers": {
                                    "total": 0.5362601000088034,
                                    "count": 43989,
                                    "self": 0.0,
                                    "children": {
                                        "worker_root": {
                                            "total": 1591.6788932995114,
                                            "count": 43989,
                                            "is_parallel": true,
                                            "self": 1307.090647199464,
                                            "children": {
                                                "steps_from_proto": {
                                                    "total": 0.004295599999750266,
                                                    "count": 1,
                                                    "is_parallel": true,
                                                    "self": 0.00012450000212993473,