{
    "name": "root",
    "gauges": {
        "Dodge.Policy.Entropy.mean": {
            "value": 1.4145666360855103,
            "min": 1.4098327159881592,
            "max": 1.4222992658615112,
            "count": 94
        },
        "Dodge.Policy.Entropy.sum": {
            "value": 13749.587890625,
            "min": 13607.3427734375,
            "max": 15188.31640625,
            "count": 94
        },
        "Dodge.Environment.EpisodeLength.mean": {
            "value": 471.72727272727275,
            "min": 78.95967741935483,
            "max": 530.125,
            "count": 94
        },
        "Dodge.Environment.EpisodeLength.sum": {
            "value": 10378.0,
            "min": 6748.0,
            "max": 13449.0,
            "count": 94
        },
        "Dodge.Step.mean": {
            "value": 939951.0,
            "min": 9979.0,
            "max": 939951.0,
            "count": 94
        },
        "Dodge.Step.sum": {
            "value": 939951.0,
            "min": 9979.0,
            "max": 939951.0,
            "count": 94
        },
        "Dodge.Policy.ExtrinsicValueEstimate.mean": {
            "value": 0.19827167689800262,
            "min": -0.016137924045324326,
            "max": 0.216946080327034,
            "count": 94
        },
        "Dodge.Policy.ExtrinsicValueEstimate.sum": {
            "value": 33.11137008666992,
            "min": -3.3566880226135254,
            "max": 37.748619079589844,
            "count": 94
        },
        "Dodge.Environment.CumulativeReward.mean": {
            "value": 1.1421818255065856,
            "min": 0.0916048412308878,
            "max": 1.4364374705110095,
            "count": 94
        },
        "Dodge.Environment.CumulativeReward.sum": {
            "value": 25.128000161144882,
            "min": 10.987000348395668,
            "max": 37.877998623414896,
            "count": 94
        },
        "Dodge.Policy.ExtrinsicReward.mean": {
            "value": 1.1421818255065856,
            "min": 0.0916048412308878,
            "max": 1.4364374705110095,
            "count": 94
        },
        "Dodge.Policy.ExtrinsicReward.sum": {
            "value": 25.128000161144882,
            "min": 10.987000348395668,
            "max": 37.877998623414896,
            "count": 94
        },
        "Dodge.IsTraining.mean": {
            "value": 1.0,
            "min": 1.0,
            "max": 1.0,
            "count": 94
        },
        "Dodge.IsTraining.sum": {
            "value": 1.0,
            "min": 1.0,
            "max": 1.0,
            "count": 94
        },
        "Dodge.Losses.PolicyLoss.mean": {
            "value": 0.020289648927886178,
            "min": 0.014367241645231843,
            "max": 0.03299123918016752,
            "count": 93
        },
        "Dodge.Losses.PolicyLoss.sum": {
            "value": 0.020289648927886178,
            "min": 0.014367241645231843,
            "max": 0.03299123918016752,
            "count": 93
        },
        "Dodge.Losses.ValueLoss.mean": {
            "value": 0.00440980135290711,
            "min": 0.0006350144868958052,
            "max": 0.02869670086160854,
            "count": 93
        },
        "Dodge.Losses.ValueLoss.sum": {
            "value": 0.00440980135290711,
            "min": 0.0006350144868958052,
            "max": 0.02869670086160854,
            "count": 93
        },
        "Dodge.Policy.LearningRate.mean": {
            "value": 1.9904193365300007e-05,
            "min": 1.9904193365300007e-05,
            "max": 0.0002969679010107,
            "count": 93
        },
        "Dodge.Policy.LearningRate.sum": {
            "value": 1.9904193365300007e-05,
            "min": 1.9904193365300007e-05,
            "max": 0.0002969679010107,
            "count": 93
        },
        "Dodge.Policy.Epsilon.mean": {
            "value": 0.10663469999999999,
            "min": 0.10663469999999999,
            "max": 0.1989893,
            "count": 93
        },
        "Dodge.Policy.Epsilon.sum": {
            "value": 0.10663469999999999,
            "min": 0.10663469999999999,
            "max": 0.1989893,
            "count": 93
        },
        "Dodge.Policy.Beta.mean": {
            "value": 0.005,
            "min": 0.005,
            "max": 0.005,
            "count": 93
        },
        "Dodge.Policy.Beta.sum": {
            "value": 0.005,
            "min": 0.005,
            "max": 0.005,
            "count": 93
        }
    },
    "metadata": {
        "timer_format_version": "0.1.0",
        "start_time_seconds": "1708970140",
        "python_version": "3.10.12 | packaged by Anaconda, Inc. | (main, Jul  5 2023, 19:01:18) [MSC v.1916 64 bit (AMD64)]",
        "command_line_arguments": "C:\\Users\\sjasr\\anaconda3\\envs\\mlagents\\Scripts\\mlagents-learn config/dodge_config.yaml --run-id=dodge_42",
        "mlagents_version": "1.0.0",
        "mlagents_envs_version": "1.0.0",
        "communication_protocol_version": "1.5.0",
        "pytorch_version": "1.13.1+cu117",
        "numpy_version": "1.23.1",
        "end_time_seconds": "1708971148"
    },
    "total": 1008.0357750000003,
    "count": 1,
    "self": 0.006958999998460058,
    "children": {
        "run_training.setup": {
            "total": 0.08952980000140087,
            "count": 1,
            "self": 0.08952980000140087
        },
        "TrainerController.start_learning": {
            "total": 1007.9392862000004,
            "count": 1,
            "self": 0.9549288997986878,
            "children": {
                "TrainerController._reset_env": {
                    "total": 24.79320479999842,
                    "count": 1,
                    "self": 24.79320479999842
                },
                "TrainerController.advance": {
                    "total": 981.928254100203,
                    "count": 39217,
                    "self": 0.7350216004633694,
                    "children": {
                        "env_step": {
                            "total": 609.2339142997407,
                            "count": 39217,
                            "self": 490.0604372996768,
                            "children": {
                                "SubprocessEnvManager._take_step": {
                                    "total": 118.61832099999629,
                                    "count": 39217,
                                    "self": 2.851025600088178,
                                    "children": {
                                        "TorchPolicy.evaluate": {
                                            "total": 115.76729539990811,
                                            "count": 39217,
                                            "self": 115.76729539990811
                                        }
                                    }
                                },
                                "workers": {
                                    "total": 0.5551560000676545,
                                    "count": 39216,
                                    "self": 0.0,
                                    "children": {
                                        "worker_root": {
                                            "total": 981.6023956997615,
                                            "count": 39216,
                                            "is_parallel": true,
                                            "self": 561.4728096997187,
                                            "children": {
                                                "steps_from_proto": {
                                                    "total": 0.000584700001127203,
                                                    "count": 1,
                                                    "is_parallel": true,
                                                    "self": 0.00012989999959245324,