{
    "name": "root",
    "gauges": {
        "Chase.Policy.Entropy.mean": {
            "value": 1.164275884628296,
            "min": 1.1636208295822144,
            "max": 1.4244061708450317,
            "count": 18
        },
        "Chase.Policy.Entropy.sum": {
            "value": 11763.84375,
            "min": 11662.4697265625,
            "max": 14603.123046875,
            "count": 18
        },
        "Chase.Environment.EpisodeLength.mean": {
            "value": 58.392265193370164,
            "min": 6.744961240310078,
            "max": 317.0238095238095,
            "count": 18
        },
        "Chase.Environment.EpisodeLength.sum": {
            "value": 10569.0,
            "min": 3291.0,
            "max": 17258.0,
            "count": 18
        },
        "Chase.Step.mean": {
            "value": 179994.0,
            "min": 9999.0,
            "max": 179994.0,
            "count": 18
        },
        "Chase.Step.sum": {
            "value": 179994.0,
            "min": 9999.0,
            "max": 179994.0,
            "count": 18
        },
        "Chase.Policy.ExtrinsicValueEstimate.mean": {
            "value": 0.536949098110199,
            "min": 0.045390453189611435,
            "max": 0.9587013125419617,
            "count": 18
        },
        "Chase.Policy.ExtrinsicValueEstimate.sum": {
            "value": 164.30642700195312,
            "min": 7.852548122406006,
            "max": 1236.1845703125,
            "count": 18
        },
        "Chase.Environment.CumulativeReward.mean": {
            "value": 0.9416666666666667,
            "min": 0.14948453608247422,
            "max": 0.9975669099756691,
            "count": 18
        },
        "Chase.Environment.CumulativeReward.sum": {
            "value": 169.5,
            "min": 7.0,
            "max": 1282.5,
            "count": 18
        },
        "Chase.Policy.ExtrinsicReward.mean": {
            "value": 0.9416666666666667,
            "min": 0.14948453608247422,
            "max": 0.9975669099756691,
            "count": 18
        },
        "Chase.Policy.ExtrinsicReward.sum": {
            "value": 169.5,
            "min": 7.0,
            "max": 1282.5,
            "count": 18
        },
        "Chase.Losses.PolicyLoss.mean": {
            "value": 0.2400531974026503,
            "min": 0.2380994415965492,
            "max": 0.2503518998691513,
            "count": 18
        },
        "Chase.Losses.PolicyLoss.sum": {
            "value": 17.28383021299082,
            "min": 17.28383021299082,
            "max": 22.381347510075624,
            "count": 18
        },
        "Chase.Losses.ValueLoss.mean": {
            "value": 0.017942182135459697,
            "min": 0.005270295501980115,
            "max": 0.12557011534133022,
            "count": 18
        },
        "Chase.Losses.ValueLoss.sum": {
            "value": 1.2918371137530982,
            "min": 0.47959689068019046,
            "max": 9.417758650599767,
            "count": 18
        },
        "Chase.Policy.LearningRate.mean": {
            "value": 0.0001949805933398139,
            "min": 0.0001949805933398139,
            "max": 0.00029693560902146397,
            "count": 18
        },
        "Chase.Policy.LearningRate.sum": {
            "value": 0.0140386027204666,
            "min": 0.0140386027204666,
            "max": 0.0229910576363142,
            "count": 18
        },
        "Chase.Policy.Epsilon.mean": {
            "value": 0.16499351944444443,
            "min": 0.16499351944444443,
            "max": 0.198978536,
            "count": 18
        },
        "Chase.Policy.Epsilon.sum": {
            "value": 11.8795334,
            "min": 11.8795334,
            "max": 16.2870028,
            "count": 18
        },
        "Chase.Policy.Beta.mean": {
            "value": 0.0005,
            "min": 0.0005,
            "max": 0.0005000000000000001,
            "count": 18
        },
        "Chase.Policy.Beta.sum": {
            "value": 0.036000000000000004,
            "min": 0.036000000000000004,
            "max": 0.047000000000000014,
            "count": 18
        },
        "Chase.IsTraining.mean": {
            "value": 1.0,
            "min": 1.0,
            "max": 1.0,
            "count": 18
        },
        "Chase.IsTraining.sum": {
            "value": 1.0,
            "min": 1.0,
            "max": 1.0,
            "count": 18
        }
    },
    "metadata": {
        "timer_format_version": "0.1.0",
        "start_time_seconds": "1703450034",
        "python_version": "3.10.12 | packaged by Anaconda, Inc. | (main, Jul  5 2023, 19:01:18) [MSC v.1916 64 bit (AMD64)]",
        "command_line_arguments": "C:\\Users\\sjasr\\anaconda3\\envs\\mlagents\\Scripts\\mlagents-learn config/chase_config.yaml --run-id=Chase3",
        "mlagents_version": "1.0.0",
        "mlagents_envs_version": "1.0.0",
        "communication_protocol_version": "1.5.0",
        "pytorch_version": "1.13.1+cu117",
        "numpy_version": "1.23.1",
        "end_time_seconds": "1703450741"
    },
    "total": 706.6957913999977,
    "count": 1,
    "self": 0.00732869999774266,
    "children": {
        "run_training.setup": {
            "total": 0.11239859999841428,
            "count": 1,
            "self": 0.11239859999841428
        },
        "TrainerController.start_learning": {
            "total": 706.5760641000015,
            "count": 1,
            "self": 0.46120500003235065,
            "children": {
                "TrainerController._reset_env": {
                    "total": 11.40699670000322,
                    "count": 1,
                    "self": 11.40699670000322
                },
                "TrainerController.advance": {
                    "total": 694.5124882999662,
                    "count": 24147,
                    "self": 0.3873105003076489,
                    "children": {
                        "env_step": {
                            "total": 207.7728748000918,
                            "count": 24147,
                            "self": 178.9156549001782,
                            "children": {
                                "SubprocessEnvManager._take_step": {
                                    "total": 28.56848150004589,
                                    "count": 24147,
                                    "self": 1.0479419999173842,
                                    "children": {
                                        "TorchPolicy.evaluate": {
                                            "total": 27.520539500128507,
                                            "count": 15444,
                                            "self": 27.520539500128507
                                        }
                                    }
                                },
                                "workers": {
                                    "total": 0.2887383998677251,
                                    "count": 24146,
                                    "self": 0.0,
                                    "children": {
                                        "worker_root": {
                                            "total": 690.3103974002515,
                                            "count": 24146,
                                            "is_parallel": true,
                                            "self": 540.8672641001904,
                                            "children": {
                                                "steps_from_proto": {
                                                    "total": 0.0003665000003820751,
                                                    "count": 1,
                                                    "is_parallel": true,
                                                    "self": 0.0001216000055137556,