{
    "name": "root",
    "gauges": {
        "Mage.Policy.Entropy.mean": {
            "value": 2.4889423847198486,
            "min": 2.4245357513427734,
            "max": 2.5174572467803955,
            "count": 50
        },
        "Mage.Policy.Entropy.sum": {
            "value": 24939.203125,
            "min": 24221.11328125,
            "max": 26131.20703125,
            "count": 50
        },
        "Mage.Step.mean": {
            "value": 499937.0,
            "min": 9940.0,
            "max": 499937.0,
            "count": 50
        },
        "Mage.Step.sum": {
            "value": 499937.0,
            "min": 9940.0,
            "max": 499937.0,
            "count": 50
        },
        "Mage.Policy.ExtrinsicValueEstimate.mean": {
            "value": 0.17724525928497314,
            "min": 0.0032862958032637835,
            "max": 0.21386004984378815,
            "count": 50
        },
        "Mage.Policy.ExtrinsicValueEstimate.sum": {
            "value": 35.62629699707031,
            "min": 0.6474002599716187,
            "max": 43.199729919433594,
            "count": 50
        },
        "Mage.Environment.EpisodeLength.mean": {
            "value": 175.75,
            "min": 167.55737704918033,
            "max": 195.15686274509804,
            "count": 50
        },
        "Mage.Environment.EpisodeLength.sum": {
            "value": 9842.0,
            "min": 9570.0,
            "max": 10406.0,
            "count": 50
        },
        "Mage.Environment.CumulativeReward.mean": {
            "value": 0.25,
            "min": 0.0392156862745098,
            "max": 0.32786885245901637,
            "count": 50
        },
        "Mage.Environment.CumulativeReward.sum": {
            "value": 14.0,
            "min": 2.0,
            "max": 20.0,
            "count": 50
        },
        "Mage.Policy.ExtrinsicReward.mean": {
            "value": 0.25,
            "min": 0.0392156862745098,
            "max": 0.32786885245901637,
            "count": 50
        },
        "Mage.Policy.ExtrinsicReward.sum": {
            "value": 14.0,
            "min": 2.0,
            "max": 20.0,
            "count": 50
        },
        "Mage.IsTraining.mean": {
            "value": 1.0,
            "min": 1.0,
            "max": 1.0,
            "count": 50
        },
        "Mage.IsTraining.sum": {
            "value": 1.0,
            "min": 1.0,
            "max": 1.0,
            "count": 50
        },
        "Mage.Losses.PolicyLoss.mean": {
            "value": 0.038449757083799344,
            "min": 0.029113546397638856,
            "max": 0.04067772400958347,
            "count": 48
        },
        "Mage.Losses.PolicyLoss.sum": {
            "value": 0.038449757083799344,
            "min": 0.029113546397638856,
            "max": 0.04067772400958347,
            "count": 48
        },
        "Mage.Losses.ValueLoss.mean": {
            "value": 0.004082267470221268,
            "min": 0.0016458964180856128,
            "max": 0.00925650144345127,
            "count": 48
        },
        "Mage.Losses.ValueLoss.sum": {
            "value": 0.004082267470221268,
            "min": 0.0016458964180856128,
            "max": 0.00925650144345127,
            "count": 48
        },
        "Mage.Policy.LearningRate.mean": {
            "value": 0.00015192724935759997,
            "min": 0.00015192724935759997,
            "max": 0.0002968236010587999,
            "count": 48
        },
        "Mage.Policy.LearningRate.sum": {
            "value": 0.00015192724935759997,
            "min": 0.00015192724935759997,
            "max": 0.0002968236010587999,
            "count": 48
        },
        "Mage.Policy.Epsilon.mean": {
            "value": 0.15064239999999998,
            "min": 0.15064239999999998,
            "max": 0.19894119999999998,
            "count": 48
        },
        "Mage.Policy.Epsilon.sum": {
            "value": 0.15064239999999998,
            "min": 0.15064239999999998,
            "max": 0.19894119999999998,
            "count": 48
        },
        "Mage.Policy.Beta.mean": {
            "value": 0.004999999999999999,
            "min": 0.004999999999999999,
            "max": 0.004999999999999999,
            "count": 48
        },
        "Mage.Policy.Beta.sum": {
            "value": 0.004999999999999999,
            "min": 0.004999999999999999,
            "max": 0.004999999999999999,
            "count": 48
        }
    },
    "metadata": {
        "timer_format_version": "0.1.0",
        "start_time_seconds": "1710269687",
        "python_version": "3.10.12 | packaged by Anaconda, Inc. | (main, Jul  5 2023, 19:01:18) [MSC v.1916 64 bit (AMD64)]",
        "command_line_arguments": "C:\\Users\\sjasr\\anaconda3\\envs\\mlagents\\Scripts\\mlagents-learn config/mage_config.yaml --run-id=mage_3_dicrete_01 --time-scale=1",
        "mlagents_version": "1.0.0",
        "mlagents_envs_version": "1.0.0",
        "communication_protocol_version": "1.5.0",
        "pytorch_version": "1.13.1+cu117",
        "numpy_version": "1.23.1",
        "end_time_seconds": "1710270677"
    },
    "total": 989.077371899999,
    "count": 1,
    "self": 0.00772799999685958,
    "children": {
        "run_training.setup": {
            "total": 0.08596560000296449,
            "count": 1,
            "self": 0.08596560000296449
        },
        "TrainerController.start_learning": {
            "total": 988.9836782999992,
            "count": 1,
            "self": 1.1399486995396728,
            "children": {
                "TrainerController._reset_env": {
                    "total": 8.093639099999564,
                    "count": 1,
                    "self": 8.093639099999564
                },
                "TrainerController.advance": {
                    "total": 979.672380300457,
                    "count": 50273,
                    "self": 0.9901668004786188,
                    "children": {
                        "env_step": {
                            "total": 642.9109272997448,
                            "count": 50273,
                            "self": 494.69624850044784,
                            "children": {
                                "SubprocessEnvManager._take_step": {
                                    "total": 147.4667048997544,
                                    "count": 50273,
                                    "self": 2.795697399709752,
                                    "children": {
                                        "TorchPolicy.evaluate": {
                                            "total": 144.67100750004465,
                                            "count": 50273,
                                            "self": 144.67100750004465
                                        }
                                    }
                                },
                                "workers": {
                                    "total": 0.7479738995425578,
                                    "count": 50272,
                                    "self": 0.0,
                                    "children": {
                                        "worker_root": {
                                            "total": 979.7574615998565,
                                            "count": 50272,
                                            "is_parallel": true,
                                            "self": 550.3830918004423,
                                            "children": {
                                                "steps_from_proto": {
                                                    "total": 0.0004212000021652784,
                                                    "count": 1,
                                                    "is_parallel": true,
                                                    "self": 0.00020230000518495217,