{
    "name": "root",
    "gauges": {
        "Dodge.Policy.Entropy.mean": {
            "value": 1.4365118741989136,
            "min": 1.4185707569122314,
            "max": 1.4375337362289429,
            "count": 86
        },
        "Dodge.Policy.Entropy.sum": {
            "value": 13238.8935546875,
            "min": 12226.107421875,
            "max": 18585.53125,
            "count": 86
        },
        "Dodge.Step.mean": {
            "value": 859989.0,
            "min": 9997.0,
            "max": 859989.0,
            "count": 86
        },
        "Dodge.Step.sum": {
            "value": 859989.0,
            "min": 9997.0,
            "max": 859989.0,
            "count": 86
        },
        "Dodge.Policy.ExtrinsicValueEstimate.mean": {
            "value": 0.10148361325263977,
            "min": 0.05119936913251877,
            "max": 0.17185527086257935,
            "count": 86
        },
        "Dodge.Policy.ExtrinsicValueEstimate.sum": {
            "value": 8.017205238342285,
            "min": 3.9935507774353027,
            "max": 16.154396057128906,
            "count": 86
        },
        "Dodge.Environment.EpisodeLength.mean": {
            "value": 999.0,
            "min": 131.33333333333334,
            "max": 999.0,
            "count": 78
        },
        "Dodge.Environment.EpisodeLength.sum": {
            "value": 23976.0,
            "min": 394.0,
            "max": 23976.0,
            "count": 78
        },
        "Dodge.Environment.CumulativeReward.mean": {
            "value": 0.9875000147148967,
            "min": 0.1313333415115873,
            "max": 1.5751667233804862,
            "count": 79
        },
        "Dodge.Environment.CumulativeReward.sum": {
            "value": 23.70000035315752,
            "min": 0.3940000245347619,
            "max": 37.80400136113167,
            "count": 79
        },
        "Dodge.Policy.ExtrinsicReward.mean": {
            "value": 0.9875000147148967,
            "min": 0.1313333415115873,
            "max": 1.5751667233804862,
            "count": 79
        },
        "Dodge.Policy.ExtrinsicReward.sum": {
            "value": 23.70000035315752,
            "min": 0.3940000245347619,
            "max": 37.80400136113167,
            "count": 79
        },
        "Dodge.IsTraining.mean": {
            "value": 1.0,
            "min": 1.0,
            "max": 1.0,
            "count": 86
        },
        "Dodge.IsTraining.sum": {
            "value": 1.0,
            "min": 1.0,
            "max": 1.0,
            "count": 86
        },
        "Dodge.Losses.PolicyLoss.mean": {
            "value": 0.01810066545343337,
            "min": 0.009668997207578892,
            "max": 0.025618885892132917,
            "count": 82
        },
        "Dodge.Losses.PolicyLoss.sum": {
            "value": 0.01810066545343337,
            "min": 0.009668997207578892,
            "max": 0.025618885892132917,
            "count": 82
        },
        "Dodge.Losses.ValueLoss.mean": {
            "value": 0.0005812329007312655,
            "min": 0.00019609283642946847,
            "max": 0.006391547077024977,
            "count": 82
        },
        "Dodge.Losses.ValueLoss.sum": {
            "value": 0.0005812329007312655,
            "min": 0.00019609283642946847,
            "max": 0.006391547077024977,
            "count": 82
        },
        "Dodge.Policy.LearningRate.mean": {
            "value": 4.538258487250001e-05,
            "min": 4.538258487250001e-05,
            "max": 0.00029696250101250005,
            "count": 82
        },
        "Dodge.Policy.LearningRate.sum": {
            "value": 4.538258487250001e-05,
            "min": 4.538258487250001e-05,
            "max": 0.00029696250101250005,
            "count": 82
        },
        "Dodge.Policy.Epsilon.mean": {
            "value": 0.16050999999999999,
            "min": 0.16050999999999999,
            "max": 0.49594999999999984,
            "count": 82
        },
        "Dodge.Policy.Epsilon.sum": {
            "value": 0.16050999999999999,
            "min": 0.16050999999999999,
            "max": 0.49594999999999984,
            "count": 82
        },
        "Dodge.Policy.Beta.mean": {
            "value": 0.005,
            "min": 0.005,
            "max": 0.005000000000000001,
            "count": 82
        },
        "Dodge.Policy.Beta.sum": {
            "value": 0.005,
            "min": 0.005,
            "max": 0.005000000000000001,
            "count": 82
        }
    },
    "metadata": {
        "timer_format_version": "0.1.0",
        "start_time_seconds": "1708982284",
        "python_version": "3.10.12 | packaged by Anaconda, Inc. | (main, Jul  5 2023, 19:01:18) [MSC v.1916 64 bit (AMD64)]",
        "command_line_arguments": "C:\\Users\\sjasr\\anaconda3\\envs\\mlagents\\Scripts\\mlagents-learn config/dodge_config.yaml --run-id=dodge_49",
        "mlagents_version": "1.0.0",
        "mlagents_envs_version": "1.0.0",
        "communication_protocol_version": "1.5.0",
        "pytorch_version": "1.13.1+cu117",
        "numpy_version": "1.23.1",
        "end_time_seconds": "1708983171"
    },
    "total": 887.3517327000009,
    "count": 1,
    "self": 0.006702400001813658,
    "children": {
        "run_training.setup": {
            "total": 0.08728459999838378,
            "count": 1,
            "self": 0.08728459999838378
        },
        "TrainerController.start_learning": {
            "total": 887.2577457000007,
            "count": 1,
            "self": 0.6512192002155643,
            "children": {
                "TrainerController._reset_env": {
                    "total": 6.9357110999990255,
                    "count": 1,
                    "self": 6.9357110999990255
                },
                "TrainerController.advance": {
                    "total": 879.4944000997821,
                    "count": 36882,
                    "self": 0.5689909990906017,
                    "children": {
                        "env_step": {
                            "total": 604.5156115004756,
                            "count": 36882,
                            "self": 511.34896149971974,
                            "children": {
                                "SubprocessEnvManager._take_step": {
                                    "total": 92.75177770067603,
                                    "count": 36885,
                                    "self": 2.4974921009270474,
                                    "children": {
                                        "TorchPolicy.evaluate": {
                                            "total": 90.25428559974898,
                                            "count": 36885,
                                            "self": 90.25428559974898
                                        }
                                    }
                                },
                                "workers": {
                                    "total": 0.4148723000798782,
                                    "count": 36881,
                                    "self": 0.0,
                                    "children": {
                                        "worker_root": {
                                            "total": 786.1129175999413,
                                            "count": 36881,
                                            "is_parallel": true,
                                            "self": 422.7458377002149,
                                            "children": {
                                                "steps_from_proto": {
                                                    "total": 0.0020845000035478733,
                                                    "count": 4,
                                                    "is_parallel": true,
                                                    "self": 0.0004831000042031519,