{
    "name": "root",
    "gauges": {
        "Dodge.Policy.Entropy.mean": {
            "value": 1.4414938688278198,
            "min": 1.4189382791519165,
            "max": 1.4416104555130005,
            "count": 42
        },
        "Dodge.Policy.Entropy.sum": {
            "value": 14322.68359375,
            "min": 14034.380859375,
            "max": 15120.20703125,
            "count": 42
        },
        "Dodge.Environment.EpisodeLength.mean": {
            "value": 184.77777777777777,
            "min": 133.27272727272728,
            "max": 224.88,
            "count": 42
        },
        "Dodge.Environment.EpisodeLength.sum": {
            "value": 8315.0,
            "min": 7330.0,
            "max": 11580.0,
            "count": 42
        },
        "Dodge.Step.mean": {
            "value": 419992.0,
            "min": 9945.0,
            "max": 419992.0,
            "count": 42
        },
        "Dodge.Step.sum": {
            "value": 419992.0,
            "min": 9945.0,
            "max": 419992.0,
            "count": 42
        },
        "Dodge.Policy.ExtrinsicValueEstimate.mean": {
            "value": 0.005654572043567896,
            "min": -0.0018587629310786724,
            "max": 0.11983747035264969,
            "count": 42
        },
        "Dodge.Policy.ExtrinsicValueEstimate.sum": {
            "value": 1.000859260559082,
            "min": -0.3382948637008667,
            "max": 21.690582275390625,
            "count": 42
        },
        "Dodge.Policy.CuriosityValueEstimate.mean": {
            "value": 0.0020995945669710636,
            "min": -0.16633889079093933,
            "max": 0.17399075627326965,
            "count": 42
        },
        "Dodge.Policy.CuriosityValueEstimate.sum": {
            "value": 0.3716282546520233,
            "min": -30.107337951660156,
            "max": 30.796363830566406,
            "count": 42
        },
        "Dodge.Environment.CumulativeReward.mean": {
            "value": 0.18263636994842355,
            "min": 0.13327273175078022,
            "max": 0.2248800087440759,
            "count": 42
        },
        "Dodge.Environment.CumulativeReward.sum": {
            "value": 8.036000277730636,
            "min": 7.3300002462929115,
            "max": 11.58000047178939,
            "count": 42
        },
        "Dodge.Policy.ExtrinsicReward.mean": {
            "value": 0.18263636994842355,
            "min": 0.13327273175078022,
            "max": 0.2248800087440759,
            "count": 42
        },
        "Dodge.Policy.ExtrinsicReward.sum": {
            "value": 8.036000277730636,
            "min": 7.3300002462929115,
            "max": 11.58000047178939,
            "count": 42
        },
        "Dodge.Policy.CuriosityReward.mean": {
            "value": 0.11086507658910705,
            "min": 0.0,
            "max": 6.7366380658215625,
            "count": 42
        },
        "Dodge.Policy.CuriosityReward.sum": {
            "value": 4.87806336992071,
            "min": 0.0,
            "max": 350.30517942272127,
            "count": 42
        },
        "Dodge.IsTraining.mean": {
            "value": 1.0,
            "min": 1.0,
            "max": 1.0,
            "count": 42
        },
        "Dodge.IsTraining.sum": {
            "value": 1.0,
            "min": 1.0,
            "max": 1.0,
            "count": 42
        },
        "Dodge.Losses.PolicyLoss.mean": {
            "value": 0.00927851467470949,
            "min": 0.006973673147148436,
            "max": 0.015812288077237707,
            "count": 20
        },
        "Dodge.Losses.PolicyLoss.sum": {
            "value": 0.00927851467470949,
            "min": 0.006973673147148436,
            "max": 0.015812288077237707,
            "count": 20
        },
        "Dodge.Losses.ValueLoss.mean": {
            "value": 5.607919926357378e-05,
            "min": 5.607919926357378e-05,
            "max": 0.02560230507515371,
            "count": 20
        },
        "Dodge.Losses.ValueLoss.sum": {
            "value": 5.607919926357378e-05,
            "min": 5.607919926357378e-05,
            "max": 0.02560230507515371,
            "count": 20
        },
        "Dodge.Policy.LearningRate.mean": {
            "value": 0.0001768311410563,
            "min": 0.0001768311410563,
            "max": 0.0002937978020674,
            "count": 20
        },
        "Dodge.Policy.LearningRate.sum": {
            "value": 0.0001768311410563,
            "min": 0.0001768311410563,
            "max": 0.0002937978020674,
            "count": 20
        },
        "Dodge.Policy.Epsilon.mean": {
            "value": 0.15894370000000002,
            "min": 0.15894370000000002,
            "max": 0.19793260000000004,
            "count": 20
        },
        "Dodge.Policy.Epsilon.sum": {
            "value": 0.15894370000000002,
            "min": 0.15894370000000002,
            "max": 0.19793260000000004,
            "count": 20
        },
        "Dodge.Policy.Beta.mean": {
            "value": 0.004999999999999999,
            "min": 0.004999999999999999,
            "max": 0.004999999999999999,
            "count": 20
        },
        "Dodge.Policy.Beta.sum": {
            "value": 0.004999999999999999,
            "min": 0.004999999999999999,
            "max": 0.004999999999999999,
            "count": 20
        },
        "Dodge.Losses.CuriosityForwardLoss.mean": {
            "value": 0.031822854497780405,
            "min": 0.031250887705634035,
            "max": 6.864275316397349,
            "count": 20
        },
        "Dodge.Losses.CuriosityForwardLoss.sum": {
            "value": 0.031822854497780405,
            "min": 0.031250887705634035,
            "max": 6.864275316397349,
            "count": 20
        },
        "Dodge.Losses.CuriosityInverseLoss.mean": {
            "value": 2.0994369983673096,
            "min": 2.001780718564987,
            "max": 2.1049734552701316,
            "count": 20
        },
        "Dodge.Losses.CuriosityInverseLoss.sum": {
            "value": 2.0994369983673096,
            "min": 2.001780718564987,
            "max": 2.1049734552701316,
            "count": 20
        }
    },
    "metadata": {
        "timer_format_version": "0.1.0",
        "start_time_seconds": "1708973972",
        "python_version": "3.10.12 | packaged by Anaconda, Inc. | (main, Jul  5 2023, 19:01:18) [MSC v.1916 64 bit (AMD64)]",
        "command_line_arguments": "C:\\Users\\sjasr\\anaconda3\\envs\\mlagents\\Scripts\\mlagents-learn config/dodge_config.yaml --run-id=dodge_44",
        "mlagents_version": "1.0.0",
        "mlagents_envs_version": "1.0.0",
        "communication_protocol_version": "1.5.0",
        "pytorch_version": "1.13.1+cu117",
        "numpy_version": "1.23.1",
        "end_time_seconds": "1708974436"
    },
    "total": 464.3185962999996,
    "count": 1,
    "self": 0.009196799999699579,
    "children": {
        "run_training.setup": {
            "total": 0.09410709999974642,
            "count": 1,
            "self": 0.09410709999974642
        },
        "TrainerController.start_learning": {
            "total": 464.2152924000002,
            "count": 1,
            "self": 0.4344619001221872,
            "children": {
                "TrainerController._reset_env": {
                    "total": 27.161889999999403,
                    "count": 1,
                    "self": 27.161889999999403
                },
                "TrainerController.advance": {
                    "total": 436.3469997998782,
                    "count": 17667,
                    "self": 0.3376752998774464,
                    "children": {
                        "env_step": {
                            "total": 202.62692799999422,
                            "count": 17667,
                            "self": 148.07238929997402,