{
    "name": "root",
    "gauges": {
        "Mage.Policy.Entropy.mean": {
            "value": 3.237647533416748,
            "min": 3.2106003761291504,
            "max": 3.237802028656006,
            "count": 100
        },
        "Mage.Policy.Entropy.sum": {
            "value": 32091.5625,
            "min": 30282.3984375,
            "max": 34520.375,
            "count": 100
        },
        "Mage.Step.mean": {
            "value": 999963.0,
            "min": 9948.0,
            "max": 999963.0,
            "count": 100
        },
        "Mage.Step.sum": {
            "value": 999963.0,
            "min": 9948.0,
            "max": 999963.0,
            "count": 100
        },
        "Mage.Policy.ExtrinsicValueEstimate.mean": {
            "value": -0.2104903757572174,
            "min": -0.22089643776416779,
            "max": -0.003391772974282503,
            "count": 100
        },
        "Mage.Policy.ExtrinsicValueEstimate.sum": {
            "value": -33.88895034790039,
            "min": -35.34342956542969,
            "max": -0.5359001159667969,
            "count": 100
        },
        "Mage.Environment.EpisodeLength.mean": {
            "value": 457.4782608695652,
            "min": 262.0,
            "max": 499.0,
            "count": 100
        },
        "Mage.Environment.EpisodeLength.sum": {
            "value": 10522.0,
            "min": 1048.0,
            "max": 11976.0,
            "count": 100
        },
        "Mage.Environment.CumulativeReward.mean": {
            "value": -0.8260869565217391,
            "min": -1.0,
            "max": 1.0,
            "count": 100
        },
        "Mage.Environment.CumulativeReward.sum": {
            "value": -19.0,
            "min": -24.0,
            "max": 4.0,
            "count": 100
        },
        "Mage.Policy.ExtrinsicReward.mean": {
            "value": -0.8260869565217391,
            "min": -1.0,
            "max": 1.0,
            "count": 100
        },
        "Mage.Policy.ExtrinsicReward.sum": {
            "value": -19.0,
            "min": -24.0,
            "max": 4.0,
            "count": 100
        },
        "Mage.IsTraining.mean": {
            "value": 1.0,
            "min": 1.0,
            "max": 1.0,
            "count": 100
        },
        "Mage.IsTraining.sum": {
            "value": 1.0,
            "min": 1.0,
            "max": 1.0,
            "count": 100
        },
        "Mage.Losses.PolicyLoss.mean": {
            "value": 0.011251337261637673,
            "min": 0.009048719935041543,
            "max": 0.01397161417407915,
            "count": 24
        },
        "Mage.Losses.PolicyLoss.sum": {
            "value": 0.011251337261637673,
            "min": 0.009048719935041543,
            "max": 0.01397161417407915,
            "count": 24
        },
        "Mage.Losses.ValueLoss.mean": {
            "value": 0.020476029751201472,
            "min": 0.017511817968140046,
            "max": 0.02123589621235927,
            "count": 24
        },
        "Mage.Losses.ValueLoss.sum": {
            "value": 0.020476029751201472,
            "min": 0.017511817968140046,
            "max": 0.02123589621235927,
            "count": 24
        },
        "Mage.Policy.LearningRate.mean": {
            "value": 4.602398465900015e-06,
            "min": 4.602398465900015e-06,
            "max": 0.0002877057040981,
            "count": 24
        },
        "Mage.Policy.LearningRate.sum": {
            "value": 4.602398465900015e-06,
            "min": 4.602398465900015e-06,
            "max": 0.0002877057040981,
            "count": 24
        },
        "Mage.Policy.Epsilon.mean": {
            "value": 0.10153409999999999,
            "min": 0.10153409999999999,
            "max": 0.19590190000000002,
            "count": 24
        },
        "Mage.Policy.Epsilon.sum": {
            "value": 0.10153409999999999,
            "min": 0.10153409999999999,
            "max": 0.19590190000000002,
            "count": 24
        },
        "Mage.Policy.Beta.mean": {
            "value": 0.005000000000000001,
            "min": 0.005000000000000001,
            "max": 0.005000000000000001,
            "count": 24
        },
        "Mage.Policy.Beta.sum": {
            "value": 0.005000000000000001,
            "min": 0.005000000000000001,
            "max": 0.005000000000000001,
            "count": 24
        }
    },
    "metadata": {
        "timer_format_version": "0.1.0",
        "start_time_seconds": "1710183943",
        "python_version": "3.10.12 | packaged by Anaconda, Inc. | (main, Jul  5 2023, 19:01:18) [MSC v.1916 64 bit (AMD64)]",
        "command_line_arguments": "C:\\Users\\sjasr\\anaconda3\\envs\\mlagents\\Scripts\\mlagents-learn config/mage_config.yaml --run-id=mage_ability1_04 --time-scale=1",
        "mlagents_version": "1.0.0",
        "mlagents_envs_version": "1.0.0",
        "communication_protocol_version": "1.5.0",
        "pytorch_version": "1.13.1+cu117",
        "numpy_version": "1.23.1",
        "end_time_seconds": "1710184831"
    },
    "total": 887.7933255999997,
    "count": 1,
    "self": 0.009085400000913069,
    "children": {
        "run_training.setup": {
            "total": 0.08644069999900239,
            "count": 1,
            "self": 0.08644069999900239
        },
        "TrainerController.start_learning": {
            "total": 887.6977994999997,
            "count": 1,
            "self": 0.9094429997621774,
            "children": {
                "TrainerController._reset_env": {
                    "total": 22.612291800000094,
                    "count": 1,
                    "self": 22.612291800000094
                },
                "TrainerController.advance": {
                    "total": 864.1091150002376,
                    "count": 41696,
                    "self": 0.7917989002326067,
                    "children": {
                        "env_step": {
                            "total": 616.3689515000715,
                            "count": 41696,
                            "self": 507.8208660999844,
                            "children": {
                                "SubprocessEnvManager._take_step": {
                                    "total": 107.93552380008259,
                                    "count": 41696,
                                    "self": 2.406108100050915,
                                    "children": {
                                        "TorchPolicy.evaluate": {
                                            "total": 105.52941570003168,
                                            "count": 41696,
                                            "self": 105.52941570003168
                                        }
                                    }
                                },
                                "workers": {
                                    "total": 0.6125616000044829,
                                    "count": 41696,
                                    "self": 0.0,
                                    "children": {
                                        "worker_root": {
                                            "total": 864.7672211000317,
                                            "count": 41696,
                                            "is_parallel": true,
                                            "self": 428.1959240999204,
                                            "children": {
                                                "steps_from_proto": {
                                                    "total": 0.0004915000008622883,
                                                    "count": 1,
                                                    "is_parallel": true,
                                                    "self": 0.00022170000011101365,