{
    "name": "root",
    "gauges": {
        "Mage.Policy.Entropy.mean": {
            "value": 2.469111204147339,
            "min": 2.4474260807037354,
            "max": 2.5201292037963867,
            "count": 41
        },
        "Mage.Policy.Entropy.sum": {
            "value": 50715.54296875,
            "min": 47689.4609375,
            "max": 56994.4921875,
            "count": 41
        },
        "Mage.Environment.EpisodeLength.mean": {
            "value": 191.6851851851852,
            "min": 161.96825396825398,
            "max": 193.35294117647058,
            "count": 41
        },
        "Mage.Environment.EpisodeLength.sum": {
            "value": 20702.0,
            "min": 19380.0,
            "max": 20702.0,
            "count": 41
        },
        "Mage.Step.mean": {
            "value": 409805.0,
            "min": 9978.0,
            "max": 409805.0,
            "count": 41
        },
        "Mage.Step.sum": {
            "value": 409805.0,
            "min": 9978.0,
            "max": 409805.0,
            "count": 41
        },
        "Mage.Policy.ExtrinsicValueEstimate.mean": {
            "value": 0.010232444852590561,
            "min": 0.010232444852590561,
            "max": 0.09401176124811172,
            "count": 41
        },
        "Mage.Policy.ExtrinsicValueEstimate.sum": {
            "value": 0.5320871472358704,
            "min": 0.5320871472358704,
            "max": 5.264658451080322,
            "count": 41
        },
        "Mage.Environment.CumulativeReward.mean": {
            "value": 0.057692307692307696,
            "min": 0.037037037037037035,
            "max": 0.19642857142857142,
            "count": 41
        },
        "Mage.Environment.CumulativeReward.sum": {
            "value": 3.0,
            "min": 2.0,
            "max": 12.0,
            "count": 41
        },
        "Mage.Policy.ExtrinsicReward.mean": {
            "value": 0.057692307692307696,
            "min": 0.037037037037037035,
            "max": 0.19642857142857142,
            "count": 41
        },
        "Mage.Policy.ExtrinsicReward.sum": {
            "value": 3.0,
            "min": 2.0,
            "max": 12.0,
            "count": 41
        },
        "Mage.Self-play.ELO.mean": {
            "value": 1267.641817369792,
            "min": 1201.1794412259114,
            "max": 1267.641817369792,
            "count": 41
        },
        "Mage.Self-play.ELO.sum": {
            "value": 6338.20908684896,
            "min": 6338.20908684896,
            "max": 29074.85208519566,
            "count": 41
        },
        "Mage.IsTraining.mean": {
            "value": 1.0,
            "min": 1.0,
            "max": 1.0,
            "count": 41
        },
        "Mage.IsTraining.sum": {
            "value": 1.0,
            "min": 1.0,
            "max": 1.0,
            "count": 41
        },
        "Mage.Losses.PolicyLoss.mean": {
            "value": 0.02007842895873182,
            "min": 0.013967883348232134,
            "max": 0.021581254494958558,
            "count": 19
        },
        "Mage.Losses.PolicyLoss.sum": {
            "value": 0.02007842895873182,
            "min": 0.013967883348232134,
            "max": 0.021581254494958558,
            "count": 19
        },
        "Mage.Losses.ValueLoss.mean": {
            "value": 0.003565578573034145,
            "min": 0.002017891316791065,
            "max": 0.011006481084041297,
            "count": 19
        },
        "Mage.Losses.ValueLoss.sum": {
            "value": 0.003565578573034145,
            "min": 0.002017891316791065,
            "max": 0.011006481084041297,
            "count": 19
        },
        "Mage.Policy.LearningRate.mean": {
            "value": 0.00018237003921,
            "min": 0.00018237003921,
            "max": 0.0002938554020482,
            "count": 19
        },
        "Mage.Policy.LearningRate.sum": {
            "value": 0.00018237003921,
            "min": 0.00018237003921,
            "max": 0.0002938554020482,
            "count": 19
        },
        "Mage.Policy.Epsilon.mean": {
            "value": 0.22157999999999997,
            "min": 0.22157999999999997,
            "max": 0.2959036,
            "count": 19
        },
        "Mage.Policy.Epsilon.sum": {
            "value": 0.22157999999999997,
            "min": 0.22157999999999997,
            "max": 0.2959036,
            "count": 19
        },
        "Mage.Policy.Beta.mean": {
            "value": 0.005,
            "min": 0.005,
            "max": 0.005,
            "count": 19
        },
        "Mage.Policy.Beta.sum": {
            "value": 0.005,
            "min": 0.005,
            "max": 0.005,
            "count": 19
        }
    },
    "metadata": {
        "timer_format_version": "0.1.0",
        "start_time_seconds": "1710288543",
        "python_version": "3.10.12 | packaged by Anaconda, Inc. | (main, Jul  5 2023, 19:01:18) [MSC v.1916 64 bit (AMD64)]",
        "command_line_arguments": "C:\\Users\\sjasr\\anaconda3\\envs\\mlagents\\Scripts\\mlagents-learn config/mage_config.yaml --run-id=mage_self-play_02 --time-scale=1",
        "mlagents_version": "1.0.0",
        "mlagents_envs_version": "1.0.0",
        "communication_protocol_version": "1.5.0",
        "pytorch_version": "1.13.1+cu117",
        "numpy_version": "1.23.1",
        "end_time_seconds": "1710289777"
    },
    "total": 1234.495221199999,
    "count": 1,
    "self": 0.009177999992971309,
    "children": {
        "run_training.setup": {
            "total": 0.0975315000032424,
            "count": 1,
            "self": 0.0975315000032424
        },
        "TrainerController.start_learning": {
            "total": 1234.3885117000027,
            "count": 1,
            "self": 0.991027099036728,
            "children": {
                "TrainerController._reset_env": {
                    "total": 14.47673190000205,
                    "count": 5,
                    "self": 14.47673190000205
                },
                "TrainerController.advance": {
                    "total": 1218.4349553009597,
                    "count": 41632,
                    "self": 0.8132989016230567,
                    "children": {
                        "env_step": {
                            "total": 1057.3446992999598,
                            "count": 41632,
                            "self": 710.3252240995644,
                            "children": {
                                "SubprocessEnvManager._take_step": {
                                    "total": 346.3576746006147,
                                    "count": 41632,
                                    "self": 4.91719510016992,
                                    "children": {
                                        "TorchPolicy.evaluate": {
                                            "total": 341.4404795004448,
                                            "count": 83264,
                                            "self": 341.4404795004448
                                        }
                                    }
                                },
                                "workers": {
                                    "total": 0.6618005997806904,
                                    "count": 41631,
                                    "self": 0.0,
                                    "children": {
                                        "worker_root": {
                                            "total": 1218.4975278996862,
                                            "count": 41631,
                                            "is_parallel": true,
                                            "self": 591.6534336009063,
                                            "children": {
                                                "steps_from_proto": {
                                                    "total": 0.003786799992667511,