{
    "name": "root",
    "gauges": {
        "Chase.Policy.Entropy.mean": {
            "value": 1.0637010335922241,
            "min": 1.0637010335922241,
            "max": 1.106620192527771,
            "count": 4
        },
        "Chase.Policy.Entropy.sum": {
            "value": 10709.341796875,
            "min": 10709.341796875,
            "max": 11407.041015625,
            "count": 4
        },
        "Chase.Environment.EpisodeLength.mean": {
            "value": 431.8888888888889,
            "min": 84.75308641975309,
            "max": 431.8888888888889,
            "count": 4
        },
        "Chase.Environment.EpisodeLength.sum": {
            "value": 7774.0,
            "min": 6628.0,
            "max": 10239.0,
            "count": 4
        },
        "Chase.Step.mean": {
            "value": 39942.0,
            "min": 9954.0,
            "max": 39942.0,
            "count": 4
        },
        "Chase.Step.sum": {
            "value": 39942.0,
            "min": 9954.0,
            "max": 39942.0,
            "count": 4
        },
        "Chase.Policy.ExtrinsicValueEstimate.mean": {
            "value": -0.10657888650894165,
            "min": -0.3215256333351135,
            "max": -0.10657888650894165,
            "count": 4
        },
        "Chase.Policy.ExtrinsicValueEstimate.sum": {
            "value": -17.692094802856445,
            "min": -67.5203857421875,
            "max": -17.692094802856445,
            "count": 4
        },
        "Chase.Environment.CumulativeReward.mean": {
            "value": -0.7777777777777778,
            "min": -0.9753086419753086,
            "max": -0.7777777777777778,
            "count": 4
        },
        "Chase.Environment.CumulativeReward.sum": {
            "value": -14.0,
            "min": -79.0,
            "max": -14.0,
            "count": 4
        },
        "Chase.Policy.ExtrinsicReward.mean": {
            "value": -0.7777777777777778,
            "min": -0.9753086419753086,
            "max": -0.7777777777777778,
            "count": 4
        },
        "Chase.Policy.ExtrinsicReward.sum": {
            "value": -14.0,
            "min": -79.0,
            "max": -14.0,
            "count": 4
        },
        "Chase.Losses.PolicyLoss.mean": {
            "value": 0.24695967389729118,
            "min": 0.24029632582830038,
            "max": 0.24695967389729118,
            "count": 4
        },
        "Chase.Losses.PolicyLoss.sum": {
            "value": 18.76893521619413,
            "min": 17.061039133809327,
            "max": 18.76893521619413,
            "count": 4
        },
        "Chase.Losses.ValueLoss.mean": {
            "value": 0.016205218757224443,
            "min": 0.016205218757224443,
            "max": 0.04184266179436551,
            "count": 4
        },
        "Chase.Losses.ValueLoss.sum": {
            "value": 1.2315966255490578,
            "min": 1.2315966255490578,
            "max": 2.970828987399951,
            "count": 4
        },
        "Chase.Policy.LearningRate.mean": {
            "value": 0.00027898370437385526,
            "min": 0.00027898370437385526,
            "max": 0.0002970810094237014,
            "count": 4
        },
        "Chase.Policy.LearningRate.sum": {
            "value": 0.021202761532413,
            "min": 0.020953404815531797,
            "max": 0.021368636777121197,
            "count": 4
        },
        "Chase.Policy.Epsilon.mean": {
            "value": 0.1929945657894737,
            "min": 0.1929945657894737,
            "max": 0.19902700281690142,
            "count": 4
        },
        "Chase.Policy.Epsilon.sum": {
            "value": 14.667587000000001,
            "min": 14.1309172,
            "max": 14.667587000000001,
            "count": 4
        },
        "Chase.Policy.Beta.mean": {
            "value": 0.0005000000000000001,
            "min": 0.0005,
            "max": 0.0005000000000000001,
            "count": 4
        },
        "Chase.Policy.Beta.sum": {
            "value": 0.038000000000000006,
            "min": 0.035500000000000004,
            "max": 0.038000000000000006,
            "count": 4
        },
        "Chase.IsTraining.mean": {
            "value": 1.0,
            "min": 1.0,
            "max": 1.0,
            "count": 4
        },
        "Chase.IsTraining.sum": {
            "value": 1.0,
            "min": 1.0,
            "max": 1.0,
            "count": 4
        }
    },
    "metadata": {
        "timer_format_version": "0.1.0",
        "start_time_seconds": "1703545227",
        "python_version": "3.10.12 | packaged by Anaconda, Inc. | (main, Jul  5 2023, 19:01:18) [MSC v.1916 64 bit (AMD64)]",
        "command_line_arguments": "C:\\Users\\sjasr\\anaconda3\\envs\\mlagents\\Scripts\\mlagents-learn config/chase_config.yaml --initialize-from=Chase4 --run-id=Chase10",
        "mlagents_version": "1.0.0",
        "mlagents_envs_version": "1.0.0",
        "communication_protocol_version": "1.5.0",
        "pytorch_version": "1.13.1+cu117",
        "numpy_version": "1.23.1",
        "end_time_seconds": "1703545429"
    },
    "total": 202.46734549999746,
    "count": 1,
    "self": 0.01194309999482357,
    "children": {
        "run_training.setup": {
            "total": 0.0890718000009656,
            "count": 1,
            "self": 0.0890718000009656
        },
        "TrainerController.start_learning": {
            "total": 202.36633060000167,
            "count": 1,
            "self": 0.08362580014727428,
            "children": {
                "TrainerController._reset_env": {
                    "total": 10.845368700000108,
                    "count": 1,
                    "self": 10.845368700000108
                },
                "TrainerController.advance": {
                    "total": 191.33439989985345,
                    "count": 4160,
                    "self": 0.06959399984407355,
                    "children": {
                        "env_step": {
                            "total": 79.29498050014809,
                            "count": 4160,
                            "self": 70.4454252002688,
                            "children": {
                                "SubprocessEnvManager._take_step": {
                                    "total": 8.797209999989718,
                                    "count": 4160,
                                    "self": 0.24747199998091673,
                                    "children": {
                                        "TorchPolicy.evaluate": {
                                            "total": 8.549738000008801,
                                            "count": 3981,
                                            "self": 8.549738000008801
                                        }
                                    }
                                },
                                "workers": {
                                    "total": 0.05234529988956638,
                                    "count": 4159,
                                    "self": 0.0,
                                    "children": {
                                        "worker_root": {
                                            "total": 185.2868997001533,
                                            "count": 4159,
                                            "is_parallel": true,
                                            "self": 126.27435600023455,
                                            "children": {
                                                "steps_from_proto": {
                                                    "total": 0.00041480000072624534,
                                                    "count": 1,
                                                    "is_parallel": true,
                                                    "self": 0.00010850000035134144,