{
    "name": "root",
    "gauges": {
        "Mage.Policy.Entropy.mean": {
            "value": 2.162053108215332,
            "min": 2.1493217945098877,
            "max": 2.517462968826294,
            "count": 174
        },
        "Mage.Policy.Entropy.sum": {
            "value": 43154.578125,
            "min": 41954.76171875,
            "max": 56288.9375,
            "count": 174
        },
        "Mage.Step.mean": {
            "value": 1739932.0,
            "min": 9922.0,
            "max": 1739932.0,
            "count": 174
        },
        "Mage.Step.sum": {
            "value": 1739932.0,
            "min": 9922.0,
            "max": 1739932.0,
            "count": 174
        },
        "Mage.Policy.ExtrinsicValueEstimate.mean": {
            "value": 0.0573885515332222,
            "min": -0.29582539200782776,
            "max": 0.39437830448150635,
            "count": 174
        },
        "Mage.Policy.ExtrinsicValueEstimate.sum": {
            "value": 6.771849155426025,
            "min": -29.775554656982422,
            "max": 54.02982711791992,
            "count": 174
        },
        "Mage.Environment.EpisodeLength.mean": {
            "value": 140.27397260273972,
            "min": 71.55147058823529,
            "max": 192.57142857142858,
            "count": 174
        },
        "Mage.Environment.EpisodeLength.sum": {
            "value": 20480.0,
            "min": 16176.0,
            "max": 23172.0,
            "count": 174
        },
        "Mage.Self-play.ELO.mean": {
            "value": 1311.9715509121893,
            "min": 1187.981176799172,
            "max": 1319.1095485227913,
            "count": 174
        },
        "Mage.Self-play.ELO.sum": {
            "value": 61662.6628928729,
            "min": 3599.0,
            "max": 167691.71359416645,
            "count": 174
        },
        "Mage.Environment.CumulativeReward.mean": {
            "value": -0.2418698503138268,
            "min": -0.4096315594292001,
            "max": 0.820546251259932,
            "count": 174
        },
        "Mage.Environment.CumulativeReward.sum": {
            "value": -17.656499072909355,
            "min": -31.131998516619205,
            "max": 97.64500389993191,
            "count": 174
        },
        "Mage.Policy.ExtrinsicReward.mean": {
            "value": -0.2418698503138268,
            "min": -0.4096315594292001,
            "max": 0.820546251259932,
            "count": 174
        },
        "Mage.Policy.ExtrinsicReward.sum": {
            "value": -17.656499072909355,
            "min": -31.131998516619205,
            "max": 97.64500389993191,
            "count": 174
        },
        "Mage.IsTraining.mean": {
            "value": 1.0,
            "min": 1.0,
            "max": 1.0,
            "count": 174
        },
        "Mage.IsTraining.sum": {
            "value": 1.0,
            "min": 1.0,
            "max": 1.0,
            "count": 174
        },
        "Mage.Losses.PolicyLoss.mean": {
            "value": 0.015351089563046117,
            "min": 0.01280051848752919,
            "max": 0.02262989145528991,
            "count": 84
        },
        "Mage.Losses.PolicyLoss.sum": {
            "value": 0.015351089563046117,
            "min": 0.01280051848752919,
            "max": 0.02262989145528991,
            "count": 84
        },
        "Mage.Losses.ValueLoss.mean": {
            "value": 0.08953261319547892,
            "min": 0.020089067216031254,
            "max": 0.2421208221465349,
            "count": 84
        },
        "Mage.Losses.ValueLoss.sum": {
            "value": 0.08953261319547892,
            "min": 0.020089067216031254,
            "max": 0.2421208221465349,
            "count": 84
        },
        "Mage.Policy.LearningRate.mean": {
            "value": 4.123073625645001e-05,
            "min": 4.123073625645001e-05,
            "max": 0.00029691045102984997,
            "count": 84
        },
        "Mage.Policy.LearningRate.sum": {
            "value": 4.123073625645001e-05,
            "min": 4.123073625645001e-05,
            "max": 0.00029691045102984997,
            "count": 84
        },
        "Mage.Policy.Epsilon.mean": {
            "value": 0.11374355,
            "min": 0.11374355,
            "max": 0.19897015,
            "count": 84
        },
        "Mage.Policy.Epsilon.sum": {
            "value": 0.11374355,
            "min": 0.11374355,
            "max": 0.19897015,
            "count": 84
        },
        "Mage.Policy.Beta.mean": {
            "value": 0.005,
            "min": 0.005,
            "max": 0.005,
            "count": 84
        },
        "Mage.Policy.Beta.sum": {
            "value": 0.005,
            "min": 0.005,
            "max": 0.005,
            "count": 84
        }
    },
    "metadata": {
        "timer_format_version": "0.1.0",
        "start_time_seconds": "1710755338",
        "python_version": "3.10.12 | packaged by Anaconda, Inc. | (main, Jul  5 2023, 19:01:18) [MSC v.1916 64 bit (AMD64)]",
        "command_line_arguments": "C:\\Users\\sjasr\\anaconda3\\envs\\mlagents\\Scripts\\mlagents-learn config/mage_config.yaml --run-id=mage_self_play_complex_map_ray_sensor_04 --time-scale=1",
        "mlagents_version": "1.0.0",
        "mlagents_envs_version": "1.0.0",
        "communication_protocol_version": "1.5.0",
        "pytorch_version": "1.13.1+cu117",
        "numpy_version": "1.23.1",
        "end_time_seconds": "1710759424"
    },
    "total": 4086.4423454999996,
    "count": 1,
    "self": 0.0075172999986534705,
    "children": {
        "run_training.setup": {
            "total": 0.08710210000026564,
            "count": 1,
            "self": 0.08710210000026564
        },
        "TrainerController.start_learning": {
            "total": 4086.3477261000007,
            "count": 1,
            "self": 1.965751200566956,
            "children": {
                "TrainerController._reset_env": {
                    "total": 23.840627799994763,
                    "count": 18,
                    "self": 23.840627799994763
                },
                "TrainerController.advance": {
                    "total": 4060.2734178994397,
                    "count": 88198,
                    "self": 1.7858324992648704,
                    "children": {
                        "env_step": {
                            "total": 3269.843013900214,
                            "count": 88198,
                            "self": 2608.3681948001104,
                            "children": {
                                "SubprocessEnvManager._take_step": {
                                    "total": 660.1374629010024,
                                    "count": 88202,
                                    "self": 9.930936201031727,
                                    "children": {
                                        "TorchPolicy.evaluate": {
                                            "total": 650.2065266999707,
                                            "count": 176404,
                                            "self": 650.2065266999707
                                        }
                                    }
                                },
                                "workers": {
                                    "total": 1.337356199101123,
                                    "count": 88197,
                                    "self": 0.0,
                                    "children": {
                                        "worker_root": {
                                            "total": 3953.7409220997433,
                                            "count": 88197,
                                            "is_parallel": true,
                                            "self": 1687.6065467001627,