{
    "name": "root",
    "gauges": {
        "Dodge.Policy.Entropy.mean": {
            "value": 2.070600748062134,
            "min": 2.0146050453186035,
            "max": 2.192528009414673,
            "count": 37
        },
        "Dodge.Policy.Entropy.sum": {
            "value": 20623.18359375,
            "min": 19970.96484375,
            "max": 22784.75,
            "count": 37
        },
        "Dodge.Step.mean": {
            "value": 369997.0,
            "min": 9985.0,
            "max": 369997.0,
            "count": 37
        },
        "Dodge.Step.sum": {
            "value": 369997.0,
            "min": 9985.0,
            "max": 369997.0,
            "count": 37
        },
        "Dodge.Policy.ExtrinsicValueEstimate.mean": {
            "value": 0.4979735016822815,
            "min": 0.08943409472703934,
            "max": 0.5468477606773376,
            "count": 37
        },
        "Dodge.Policy.ExtrinsicValueEstimate.sum": {
            "value": 163.33531188964844,
            "min": 29.602685928344727,
            "max": 178.8192138671875,
            "count": 37
        },
        "Dodge.Policy.CuriosityValueEstimate.mean": {
            "value": 0.0037384796887636185,
            "min": -0.058977119624614716,
            "max": 0.02021491527557373,
            "count": 37
        },
        "Dodge.Policy.CuriosityValueEstimate.sum": {
            "value": 1.2262213230133057,
            "min": -19.993244171142578,
            "max": 6.792211532592773,
            "count": 37
        },
        "Dodge.Environment.EpisodeLength.mean": {
            "value": 283.52941176470586,
            "min": 139.82222222222222,
            "max": 314.8787878787879,
            "count": 37
        },
        "Dodge.Environment.EpisodeLength.sum": {
            "value": 9640.0,
            "min": 6292.0,
            "max": 11648.0,
            "count": 37
        },
        "Dodge.Environment.CumulativeReward.mean": {
            "value": 1.2732941376812317,
            "min": 0.279644457804453,
            "max": 1.4786285890532391,
            "count": 37
        },
        "Dodge.Environment.CumulativeReward.sum": {
            "value": 43.29200068116188,
            "min": 12.584000601200387,
            "max": 53.95400072541088,
            "count": 37
        },
        "Dodge.Policy.ExtrinsicReward.mean": {
            "value": 1.2732941376812317,
            "min": 0.279644457804453,
            "max": 1.4786285890532391,
            "count": 37
        },
        "Dodge.Policy.ExtrinsicReward.sum": {
            "value": 43.29200068116188,
            "min": 12.584000601200387,
            "max": 53.95400072541088,
            "count": 37
        },
        "Dodge.Policy.CuriosityReward.mean": {
            "value": 0.002475917682364953,
            "min": 0.0015862778723426435,
            "max": 0.024990963126443742,
            "count": 37
        },
        "Dodge.Policy.CuriosityReward.sum": {
            "value": 0.0841812012004084,
            "min": 0.07021340039887036,
            "max": 1.2995300825750746,
            "count": 37
        },
        "Dodge.Losses.PolicyLoss.mean": {
            "value": 0.03321731801649245,
            "min": 0.026049378470310733,
            "max": 0.03950471733696759,
            "count": 37
        },
        "Dodge.Losses.PolicyLoss.sum": {
            "value": 0.0664346360329849,
            "min": 0.05400700358829151,
            "max": 0.11563410594438514,
            "count": 37
        },
        "Dodge.Losses.ValueLoss.mean": {
            "value": 0.04148153502804537,
            "min": 0.006368654738050989,
            "max": 0.05359367943472332,
            "count": 37
        },
        "Dodge.Losses.ValueLoss.sum": {
            "value": 0.08296307005609074,
            "min": 0.01695549932386105,
            "max": 0.16078103830416995,
            "count": 37
        },
        "Dodge.Policy.LearningRate.mean": {
            "value": 0.00019043553652150003,
            "min": 0.00019043553652150003,
            "max": 0.00029805225064925,
            "count": 37
        },
        "Dodge.Policy.LearningRate.sum": {
            "value": 0.00038087107304300005,
            "min": 0.00038087107304300005,
            "max": 0.0008774862075045999,
            "count": 37
        },
        "Dodge.Policy.Epsilon.mean": {
            "value": 0.1634785,
            "min": 0.1634785,
            "max": 0.19935075000000002,
            "count": 37
        },
        "Dodge.Policy.Epsilon.sum": {
            "value": 0.326957,
            "min": 0.326957,
            "max": 0.5924954,
            "count": 37
        },
        "Dodge.Policy.Beta.mean": {
            "value": 0.005,
            "min": 0.005,
            "max": 0.005,
            "count": 37
        },
        "Dodge.Policy.Beta.sum": {
            "value": 0.01,
            "min": 0.01,
            "max": 0.015,
            "count": 37
        },
        "Dodge.Losses.CuriosityForwardLoss.mean": {
            "value": 0.008668057290681949,
            "min": 0.006538889390261223,
            "max": 0.712073494369785,
            "count": 37
        },
        "Dodge.Losses.CuriosityForwardLoss.sum": {
            "value": 0.017336114581363898,
            "min": 0.013373020221479237,
            "max": 1.42414698873957,
            "count": 37
        },
        "Dodge.Losses.CuriosityInverseLoss.mean": {
            "value": 2.0802708218495054,
            "min": 2.0038527150948844,
            "max": 2.2005811880032224,
            "count": 37
        },
        "Dodge.Losses.CuriosityInverseLoss.sum": {
            "value": 4.160541643699011,
            "min": 4.007705430189769,
            "max": 6.535966336727142,
            "count": 37
        },
        "Dodge.IsTraining.mean": {
            "value": 1.0,
            "min": 1.0,
            "max": 1.0,
            "count": 37
        },
        "Dodge.IsTraining.sum": {
            "value": 1.0,
            "min": 1.0,
            "max": 1.0,
            "count": 37
        }
    },
    "metadata": {
        "timer_format_version": "0.1.0",
        "start_time_seconds": "1709493781",
        "python_version": "3.10.12 | packaged by Anaconda, Inc. | (main, Jul  5 2023, 19:01:18) [MSC v.1916 64 bit (AMD64)]",
        "command_line_arguments": "C:\\Users\\sjasr\\anaconda3\\envs\\mlagents\\Scripts\\mlagents-learn config/dodge_config.yaml --run-id=dodge_discrete_23",
        "mlagents_version": "1.0.0",
        "mlagents_envs_version": "1.0.0",
        "communication_protocol_version": "1.5.0",
        "pytorch_version": "1.13.1+cu117",
        "numpy_version": "1.23.1",
        "end_time_seconds": "1709494283"
    },
    "total": 501.8507371000014,
    "count": 1,
    "self": 0.008861500002240064,
    "children": {
        "run_training.setup": {
            "total": 0.10283849999905215,
            "count": 1,
            "self": 0.10283849999905215
        },
        "TrainerController.start_learning": {
            "total": 501.73903710000013,
            "count": 1,
            "self": 0.4293103001473355,
            "children": {
                "TrainerController._reset_env": {
                    "total": 7.967153699999471,
                    "count": 1,
                    "self": 7.967153699999471
                },
                "TrainerController.advance": {
                    "total": 492.8688124998589,
                    "count": 15715,
                    "self": 0.31329449987242697,
                    "children": {
                        "env_step": {
                            "total": 176.25510409991693,
                            "count": 15715,
                            "self": 116.85902529990926,
                            "children": {
                                "SubprocessEnvManager._take_step": {
                                    "total": 59.169106699820986,
                                    "count": 15715,