{
    "name": "root",
    "gauges": {
        "Mage.Policy.Entropy.mean": {
            "value": 2.4585230350494385,
            "min": 2.4553816318511963,
            "max": 2.5098865032196045,
            "count": 122
        },
        "Mage.Policy.Entropy.sum": {
            "value": 49013.1171875,
            "min": 48341.26171875,
            "max": 53714.21484375,
            "count": 122
        },
        "Mage.Step.mean": {
            "value": 1219954.0,
            "min": 9991.0,
            "max": 1219954.0,
            "count": 122
        },
        "Mage.Step.sum": {
            "value": 1219954.0,
            "min": 9991.0,
            "max": 1219954.0,
            "count": 122
        },
        "Mage.Policy.ExtrinsicValueEstimate.mean": {
            "value": 0.23566074669361115,
            "min": -1.9670164585113525,
            "max": 0.3342594802379608,
            "count": 122
        },
        "Mage.Policy.ExtrinsicValueEstimate.sum": {
            "value": 51.609703063964844,
            "min": -389.4692687988281,
            "max": 66.85189819335938,
            "count": 122
        },
        "Mage.Environment.EpisodeLength.mean": {
            "value": 86.16814159292035,
            "min": 78.48387096774194,
            "max": 191.14285714285714,
            "count": 122
        },
        "Mage.Environment.EpisodeLength.sum": {
            "value": 19474.0,
            "min": 17628.0,
            "max": 20968.0,
            "count": 122
        },
        "Mage.Environment.CumulativeReward.mean": {
            "value": 0.6540219689670362,
            "min": -0.10646428206070725,
            "max": 0.9635000304036031,
            "count": 122
        },
        "Mage.Environment.CumulativeReward.sum": {
            "value": 74.55850446224213,
            "min": -5.961999795399606,
            "max": 76.11650240188465,
            "count": 122
        },
        "Mage.Policy.ExtrinsicReward.mean": {
            "value": 0.6540219689670362,
            "min": -0.10646428206070725,
            "max": 0.9635000304036031,
            "count": 122
        },
        "Mage.Policy.ExtrinsicReward.sum": {
            "value": 74.55850446224213,
            "min": -5.961999795399606,
            "max": 76.11650240188465,
            "count": 122
        },
        "Mage.Self-play.ELO.mean": {
            "value": 1358.8025707564354,
            "min": 1196.5140863224694,
            "max": 1358.8025707564354,
            "count": 122
        },
        "Mage.Self-play.ELO.sum": {
            "value": 153544.6904954772,
            "min": 3602.994247718966,
            "max": 167693.1424631063,
            "count": 122
        },
        "Mage.IsTraining.mean": {
            "value": 1.0,
            "min": 1.0,
            "max": 1.0,
            "count": 122
        },
        "Mage.IsTraining.sum": {
            "value": 1.0,
            "min": 1.0,
            "max": 1.0,
            "count": 122
        },
        "Mage.Losses.PolicyLoss.mean": {
            "value": 0.016554419641033748,
            "min": 0.01205825187425944,
            "max": 0.020581947682330792,
            "count": 59
        },
        "Mage.Losses.PolicyLoss.sum": {
            "value": 0.016554419641033748,
            "min": 0.01205825187425944,
            "max": 0.020581947682330792,
            "count": 59
        },
        "Mage.Losses.ValueLoss.mean": {
            "value": 0.09826774690300226,
            "min": 0.018844119692221283,
            "max": 0.15630312785506248,
            "count": 59
        },
        "Mage.Losses.ValueLoss.sum": {
            "value": 0.09826774690300226,
            "min": 0.018844119692221283,
            "max": 0.15630312785506248,
            "count": 59
        },
        "Mage.Policy.LearningRate.mean": {
            "value": 0.00011841576052810002,
            "min": 0.00011841576052810002,
            "max": 0.00029691885102705,
            "count": 59
        },
        "Mage.Policy.LearningRate.sum": {
            "value": 0.00011841576052810002,
            "min": 0.00011841576052810002,
            "max": 0.00029691885102705,
            "count": 59
        },
        "Mage.Policy.Epsilon.mean": {
            "value": 0.1394719,
            "min": 0.1394719,
            "max": 0.19897295,
            "count": 59
        },
        "Mage.Policy.Epsilon.sum": {
            "value": 0.1394719,
            "min": 0.1394719,
            "max": 0.19897295,
            "count": 59
        },
        "Mage.Policy.Beta.mean": {
            "value": 0.005,
            "min": 0.005,
            "max": 0.005,
            "count": 59
        },
        "Mage.Policy.Beta.sum": {
            "value": 0.005,
            "min": 0.005,
            "max": 0.005,
            "count": 59
        }
    },
    "metadata": {
        "timer_format_version": "0.1.0",
        "start_time_seconds": "1710589201",
        "python_version": "3.10.12 | packaged by Anaconda, Inc. | (main, Jul  5 2023, 19:01:18) [MSC v.1916 64 bit (AMD64)]",
        "command_line_arguments": "C:\\Users\\sjasr\\anaconda3\\envs\\mlagents\\Scripts\\mlagents-learn config/mage_config.yaml --run-id=mage_self_play_10 --time-scale=1",
        "mlagents_version": "1.0.0",
        "mlagents_envs_version": "1.0.0",
        "communication_protocol_version": "1.5.0",
        "pytorch_version": "1.13.1+cu117",
        "numpy_version": "1.23.1",
        "end_time_seconds": "1710591361"
    },
    "total": 2159.6894233000003,
    "count": 1,
    "self": 0.00783190000038303,
    "children": {
        "run_training.setup": {
            "total": 0.08731140000054438,
            "count": 1,
            "self": 0.08731140000054438
        },
        "TrainerController.start_learning": {
            "total": 2159.5942799999993,
            "count": 1,
            "self": 1.6998821999768552,
            "children": {
                "TrainerController._reset_env": {
                    "total": 16.571924300003957,
                    "count": 13,
                    "self": 16.571924300003957
                },
                "TrainerController.advance": {
                    "total": 2141.0723617000185,
                    "count": 76935,
                    "self": 1.4349873998016847,
                    "children": {
                        "env_step": {
                            "total": 1595.2542963001706,
                            "count": 76935,
                            "self": 1055.0057498000642,
                            "children": {
                                "SubprocessEnvManager._take_step": {
                                    "total": 539.1173319998852,
                                    "count": 76935,
                                    "self": 7.9562198001567594,
                                    "children": {
                                        "TorchPolicy.evaluate": {
                                            "total": 531.1611121997284,
                                            "count": 153870,
                                            "self": 531.1611121997284
                                        }
                                    }
                                },
                                "workers": {
                                    "total": 1.1312145002211764,
                                    "count": 76935,
                                    "self": 0.0,
                                    "children": {
                                        "worker_root": {
                                            "total": 2141.822144399772,
                                            "count": 76935,
                                            "is_parallel": true,
                                            "self": 1255.738969000291,