{"count":1,"self":58.718009599999995,"total":58.7630451,"children":{"InitializeActuators":{"count":2,"self":0.0009995,"total":0.0009995,"children":null},"InitializeSensors":{"count":2,"self":0.0029996999999999997,"total":0.0029996999999999997,"children":null},"AgentSendState":{"count":243,"self":0.0100293,"total":0.034013499999999995,"children":{"CollectObservations":{"count":486,"self":0.015000999999999999,"total":0.015000999999999999,"children":null},"WriteActionMask":{"count":486,"self":0.0010002,"total":0.0010002,"children":null},"RequestDecision":{"count":486,"self":0.0049844,"total":0.0079829999999999988,"children":{"RayPerceptionSensor.Perceive":{"count":486,"self":0.0029985999999999997,"total":0.0029985999999999997,"children":null}}}}},"DecideAction":{"count":243,"self":0.0019993999999999997,"total":0.0019993999999999997,"children":null},"AgentAct":{"count":243,"self":0.005026,"total":0.005026,"children":null}},"gauges":{},"metadata":{"timer_format_version":"0.1.0","start_time_seconds":"1711652009","unity_version":"2022.3.13f1","command_line_arguments":"C:\\Program Files\\Unity\\Hub\\Editor\\2022.3.13f1\\Editor\\Unity.exe -projectpath C:\\Users\\sjasr\\Documents\\Unity\\fyp -useHub -hubIPC -cloudEnvironment production","communication_protocol_version":"1.5.0","com.unity.ml-agents_version":"3.0.0-exp.1","scene_name":"InitTestScene638472488675779000","end_time_seconds":"1711652067"}}