{"count":1,"self":49.1228032,"total":49.5304806,"children":{"InitializeActuators":{"count":1,"self":0.0010000999999999999,"total":0.0010000999999999999,"children":null},"InitializeSensors":{"count":1,"self":0.0020004,"total":0.0020004,"children":null},"AgentSendState":{"count":2197,"self":0.013540499999999999,"total":0.058261,"children":{"CollectObservations":{"count":220,"self":0.032325599999999996,"total":0.032325599999999996,"children":null},"WriteActionMask":{"count":220,"self":0,"total":0,"children":null},"RequestDecision":{"count":220,"self":0.012394899999999999,"total":0.012394899999999999,"children":null}}},"DecideAction":{"count":2197,"self":0.2273576,"total":0.2273576,"children":null},"AgentAct":{"count":2197,"self":0.11905879999999999,"total":0.11905879999999999,"children":null}},"gauges":{"Dodge.CumulativeReward":{"count":8,"max":0.9999942,"min":0.0910000056,"runningAverage":0.403707027,"value":0.143000111,"weightedAverage":0.323306}},"metadata":{"timer_format_version":"0.1.0","start_time_seconds":"1708895781","unity_version":"2022.3.13f1","command_line_arguments":"C:\\Program Files\\Unity\\Hub\\Editor\\2022.3.13f1\\Editor\\Unity.exe -projectpath Z:\\Jasraj\\Unity\\fyp -useHub -hubIPC -cloudEnvironment production","communication_protocol_version":"1.5.0","com.unity.ml-agents_version":"3.0.0-exp.1","scene_name":"SampleScene","end_time_seconds":"1708895831"}}