{"count":1,"self":224.404992,"total":225.2283709,"children":{"InitializeActuators":{"count":1,"self":0.0020001999999999997,"total":0.0020001999999999997,"children":null},"InitializeSensors":{"count":1,"self":0.0010000999999999999,"total":0.0010000999999999999,"children":null},"AgentSendState":{"count":10994,"self":0.076095799999999991,"total":0.094211099999999992,"children":{"CollectObservations":{"count":1100,"self":0.0045167,"total":0.0045167,"children":null},"WriteActionMask":{"count":1100,"self":0.0010000999999999999,"total":0.0010000999999999999,"children":null},"RequestDecision":{"count":1100,"self":0.012598499999999999,"total":0.012598499999999999,"children":null}}},"DecideAction":{"count":10994,"self":0.373239,"total":0.373239,"children":null},"AgentAct":{"count":10994,"self":0.3519364,"total":0.3519364,"children":null}},"gauges":{"Chase.CumulativeReward":{"count":35,"max":1,"min":0,"runningAverage":0.942857146,"value":1,"weightedAverage":0.966569543}},"metadata":{"timer_format_version":"0.1.0","start_time_seconds":"1703443731","unity_version":"2022.3.13f1","command_line_arguments":"C:\\Program Files\\Unity\\Hub\\Editor\\2022.3.13f1\\Editor\\Unity.exe -projectpath Z:\\Jasraj\\Unity\\fyp -useHub -hubIPC -cloudEnvironment production","communication_protocol_version":"1.5.0","com.unity.ml-agents_version":"3.0.0-exp.1","scene_name":"SampleScene","end_time_seconds":"1703443956"}}