{"count":1,"self":72.3429056,"total":81.54247,"children":{"InitializeActuators":{"count":40,"self":0.0010082,"total":0.0010082,"children":null},"InitializeSensors":{"count":40,"self":0.0030007999999999996,"total":0.0030007999999999996,"children":null},"AgentSendState":{"count":3815,"self":1.9842765999999998,"total":3.6915864999999997,"children":{"CollectObservations":{"count":96270,"self":1.3186118999999998,"total":1.3186118999999998,"children":null},"WriteActionMask":{"count":96270,"self":0.048984299999999995,"total":0.048984299999999995,"children":null},"RequestDecision":{"count":96270,"self":0.24631039999999998,"total":0.3397137,"children":{"RayPerceptionSensor.Perceive":{"count":48135,"self":0.0934033,"total":0.0934033,"children":null}}}}},"DecideAction":{"count":3815,"self":4.94724,"total":5.0195922999999993,"children":{"RayPerceptionSensor.Perceive":{"count":48135,"self":0.072352199999999992,"total":0.072352199999999992,"children":null}}},"AgentAct":{"count":3815,"self":0.4843788,"total":0.4843788,"children":null},"RayPerceptionSensor.Perceive":{"count":100,"self":0,"total":0,"children":null}},"gauges":{"Bullet.CumulativeReward":{"count":160,"max":14.0383339,"min":-5.247162,"runningAverage":1.26948619,"value":-1,"weightedAverage":1.913279}},"metadata":{"timer_format_version":"0.1.0","start_time_seconds":"1711672697","unity_version":"2022.3.13f1","command_line_arguments":"C:\\Program Files\\Unity\\Hub\\Editor\\2022.3.13f1\\Editor\\Unity.exe -projectpath Z:\\Jasraj\\Unity\\fyp -useHub -hubIPC -cloudEnvironment production","communication_protocol_version":"1.5.0","com.unity.ml-agents_version":"3.0.0-exp.1","scene_name":"SampleScene","end_time_seconds":"1711672779"}}