{"count":1,"self":88.85584,"total":94.2113636,"children":{"InitializeActuators":{"count":2,"self":0.0010004,"total":0.0010004,"children":null},"InitializeSensors":{"count":2,"self":0.0021211999999999997,"total":0.0021211999999999997,"children":null},"AgentSendState":{"count":4439,"self":0.0585744,"total":0.31900619999999996,"children":{"CollectObservations":{"count":8878,"self":0.19684859999999998,"total":0.19684859999999998,"children":null},"WriteActionMask":{"count":8878,"self":0.0118084,"total":0.0118084,"children":null},"RequestDecision":{"count":8878,"self":0.051774799999999996,"total":0.051774799999999996,"children":null}}},"DecideAction":{"count":4439,"self":3.6743647999999998,"total":3.6743647,"children":null},"AgentAct":{"count":4439,"self":1.3590301,"total":1.3590301,"children":null}},"gauges":{"Mage.CumulativeReward":{"count":56,"max":1.96150017,"min":-2.072503,"runningAverage":-0.07678589,"value":1.9495002,"weightedAverage":0.142430544}},"metadata":{"timer_format_version":"0.1.0","start_time_seconds":"1710705159","unity_version":"2022.3.13f1","command_line_arguments":"C:\\Program Files\\Unity\\Hub\\Editor\\2022.3.13f1\\Editor\\Unity.exe -projectpath Z:\\Jasraj\\Unity\\fyp -useHub -hubIPC -cloudEnvironment production","communication_protocol_version":"1.5.0","com.unity.ml-agents_version":"3.0.0-exp.1","scene_name":"SampleScene","end_time_seconds":"1710705253"}}