{"count":1,"self":421.3646336,"total":2144.2353288,"children":{"InitializeActuators":{"count":32,"self":0.0010000999999999999,"total":0.0010000999999999999,"children":null},"InitializeSensors":{"count":32,"self":0.0020009,"total":0.0020009,"children":null},"AgentSendState":{"count":76948,"self":6.5849683999999993,"total":55.1897203,"children":{"CollectObservations":{"count":2462336,"self":25.998540799999997,"total":25.998540199999997,"children":null},"WriteActionMask":{"count":2462336,"self":1.4801539,"total":1.4801539,"children":null},"RequestDecision":{"count":2462336,"self":4.1271128,"total":21.126057799999998,"children":{"AgentInfo.ToProto":{"count":2462336,"self":4.057234,"total":16.9989451,"children":{"GenerateSensorData":{"count":2462336,"self":12.941711199999999,"total":12.9417111,"children":null}}}}}}},"DecideAction":{"count":76948,"self":1500.6973951999998,"total":1500.6974412,"children":null},"AgentAct":{"count":76948,"self":166.77512959999999,"total":166.8152844,"children":{"AgentInfo.ToProto":{"count":3656,"self":0.0120447,"total":0.0401543,"children":{"GenerateSensorData":{"count":3656,"self":0.0281096,"total":0.0281096,"children":null}}}}},"AgentInfo.ToProto":{"count":16918,"self":0.059978699999999996,"total":0.1652593,"children":{"GenerateSensorData":{"count":16918,"self":0.1052806,"total":0.1052806,"children":null}}}},"gauges":{"Mage.CumulativeReward":{"count":20574,"max":2.4484992,"min":-2.094993,"runningAverage":0.263647854,"value":1.45050013,"weightedAverage":0.5260458}},"metadata":{"timer_format_version":"0.1.0","start_time_seconds":"1710589216","unity_version":"2022.3.13f1","command_line_arguments":"C:\\Program Files\\Unity\\Hub\\Editor\\2022.3.13f1\\Editor\\Unity.exe -projectpath Z:\\Jasraj\\Unity\\fyp -useHub -hubIPC -cloudEnvironment production","communication_protocol_version":"1.5.0","com.unity.ml-agents_version":"3.0.0-exp.1","scene_name":"SampleScene","end_time_seconds":"1710591360"}}