{"count":1,"self":244.572928,"total":1347.4517222,"children":{"InitializeActuators":{"count":40,"self":0.0020001,"total":0.0020001,"children":null},"InitializeSensors":{"count":40,"self":0.0030001999999999997,"total":0.0030001999999999997,"children":null},"AgentSendState":{"count":37611,"self":90.4088448,"total":144.56921119999998,"children":{"CollectObservations":{"count":1504440,"self":18.628488,"total":18.6284877,"children":null},"WriteActionMask":{"count":1504440,"self":0.88702629999999993,"total":0.88702629999999993,"children":null},"RequestDecision":{"count":1504440,"self":3.0717475999999997,"total":34.644853399999995,"children":{"AgentInfo.ToProto":{"count":1504440,"self":2.06493,"total":31.573105899999998,"children":{"GenerateSensorData":{"count":1504440,"self":26.0231168,"total":29.5081758,"children":{"RayPerceptionSensor.Perceive":{"count":1504440,"self":3.4850584,"total":3.4850586,"children":null}}}}}}}}},"DecideAction":{"count":37611,"self":951.3142272,"total":951.314212,"children":null},"AgentAct":{"count":37611,"self":6.961176,"total":6.9611756,"children":null},"AgentInfo.ToProto":{"count":1480,"self":0,"total":0.0271916,"children":{"GenerateSensorData":{"count":1480,"self":0.023663299999999998,"total":0.0271916,"children":{"RayPerceptionSensor.Perceive":{"count":1480,"self":0.0035283,"total":0.0035283,"children":null}}}}}},"gauges":{"em_self_play.CumulativeReward":{"count":1480,"max":0.121267475,"min":-5.607876,"runningAverage":-1.98791349,"value":-1.09788978,"weightedAverage":-0.9283905}},"metadata":{"timer_format_version":"0.1.0","start_time_seconds":"1711739106","unity_version":"2022.3.13f1","command_line_arguments":"C:\\Program Files\\Unity\\Hub\\Editor\\2022.3.13f1\\Editor\\Unity.exe -projectpath C:\\Users\\sjasr\\Documents\\Unity\\fyp -useHub -hubIPC -cloudEnvironment production","communication_protocol_version":"1.5.0","com.unity.ml-agents_version":"3.0.0-exp.1","scene_name":"SampleScene","end_time_seconds":"1711740453"}}