{"count":1,"self":364.38784,"total":1224.4812717999998,"children":{"InitializeActuators":{"count":24,"self":0.0010008,"total":0.0010008,"children":null},"InitializeSensors":{"count":24,"self":0.0020001999999999997,"total":0.0020001999999999997,"children":null},"AgentSendState":{"count":48377,"self":2.8836006,"total":28.229694799999997,"children":{"CollectObservations":{"count":1161048,"self":15.781395199999999,"total":15.7813944,"children":null},"WriteActionMask":{"count":1161048,"self":0.53837329999999994,"total":0.53837329999999994,"children":null},"RequestDecision":{"count":1161048,"self":2.0546666,"total":9.0263265,"children":{"AgentInfo.ToProto":{"count":1161048,"self":1.4837703,"total":6.9716599,"children":{"GenerateSensorData":{"count":1161048,"self":5.4878896,"total":5.4878896,"children":null}}}}}}},"DecideAction":{"count":48377,"self":822.08936959999994,"total":822.0893828,"children":null},"AgentAct":{"count":48377,"self":9.6789144,"total":9.6854149,"children":{"AgentInfo.ToProto":{"count":796,"self":0.0024998999999999998,"total":0.0065007,"children":{"GenerateSensorData":{"count":796,"self":0.0040008,"total":0.0040008,"children":null}}}}},"AgentInfo.ToProto":{"count":4209,"self":0.022876,"total":0.085931399999999991,"children":{"GenerateSensorData":{"count":4209,"self":0.0630554,"total":0.0630554,"children":null}}}},"gauges":{"Dodge.CumulativeReward":{"count":5005,"max":0.9999942,"min":0.002,"runningAverage":0.4603415,"value":0.585999548,"weightedAverage":0.652623236}},"metadata":{"timer_format_version":"0.1.0","start_time_seconds":"1709998327","unity_version":"2022.3.13f1","command_line_arguments":"C:\\Program Files\\Unity\\Hub\\Editor\\2022.3.13f1\\Editor\\Unity.exe -projectpath Z:\\Jasraj\\Unity\\fyp -useHub -hubIPC -cloudEnvironment production","communication_protocol_version":"1.5.0","com.unity.ml-agents_version":"3.0.0-exp.1","scene_name":"SampleScene","end_time_seconds":"1709999552"}}