{"count":1,"self":272.4196864,"total":1618.8620701999998,"children":{"InitializeActuators":{"count":40,"self":0.0015083,"total":0.0015083,"children":null},"InitializeSensors":{"count":40,"self":0.0019967,"total":0.0019967,"children":null},"AgentSendState":{"count":44009,"self":31.918083199999998,"total":68.5690808,"children":{"CollectObservations":{"count":1760360,"self":21.397363199999997,"total":21.3973633,"children":null},"WriteActionMask":{"count":1760360,"self":1.0258291,"total":1.0258291,"children":null},"RequestDecision":{"count":1760360,"self":3.6952216,"total":14.2278047,"children":{"RayPerceptionSensor.Perceive":{"count":880180,"self":0.7674622,"total":0.7674622,"children":null},"AgentInfo.ToProto":{"count":880180,"self":1.3295835999999999,"total":9.7651209999999988,"children":{"GenerateSensorData":{"count":880180,"self":7.4713512,"total":8.4355374,"children":{"RayPerceptionSensor.Perceive":{"count":880180,"self":0.9641865,"total":0.9641865,"children":null}}}}}}}}},"DecideAction":{"count":44009,"self":1161.5705088,"total":1161.5704933,"children":null},"AgentAct":{"count":44009,"self":116.2424192,"total":116.24242199999999,"children":null},"AgentInfo.ToProto":{"count":3048,"self":0.0160327,"total":0.050701699999999995,"children":{"GenerateSensorData":{"count":3048,"self":0.0306716,"total":0.034669,"children":{"RayPerceptionSensor.Perceive":{"count":3048,"self":0.0039974,"total":0.0039974,"children":null}}}}},"RayPerceptionSensor.Perceive":{"count":3048,"self":0.0051874999999999994,"total":0.0051874999999999994,"children":null}},"gauges":{"Bullet.CumulativeReward":{"count":6096,"max":7.77600861,"min":-4.99093628,"runningAverage":0.9575817,"value":3.276001,"weightedAverage":1.63607955}},"metadata":{"timer_format_version":"0.1.0","start_time_seconds":"1711046696","unity_version":"2022.3.13f1","command_line_arguments":"C:\\Program Files\\Unity\\Hub\\Editor\\2022.3.13f1\\Editor\\Unity.exe -projectpath Z:\\Jasraj\\Unity\\fyp -useHub -hubIPC -cloudEnvironment production","communication_protocol_version":"1.5.0","com.unity.ml-agents_version":"3.0.0-exp.1","scene_name":"SampleScene","end_time_seconds":"1711048315"}}