{"count":1,"self":54.4966016,"total":68.7403844,"children":{"InitializeActuators":{"count":40,"self":0.0020003,"total":0.0020003,"children":null},"InitializeSensors":{"count":40,"self":0.0040006,"total":0.0040006,"children":null},"AgentSendState":{"count":3173,"self":6.9387191999999995,"total":8.6452121,"children":{"CollectObservations":{"count":92462,"self":1.2745904,"total":1.2745904,"children":null},"WriteActionMask":{"count":92462,"self":0.056171099999999995,"total":0.056171099999999995,"children":null},"RequestDecision":{"count":92462,"self":0.2828421,"total":0.3757313,"children":{"RayPerceptionSensor.Perceive":{"count":46231,"self":0.092889199999999991,"total":0.092889199999999991,"children":null}}}}},"DecideAction":{"count":3173,"self":5.020556,"total":5.1053185,"children":{"RayPerceptionSensor.Perceive":{"count":46231,"self":0.084762499999999991,"total":0.084762499999999991,"children":null}}},"AgentAct":{"count":3173,"self":0.48624809999999996,"total":0.48624809999999996,"children":null},"RayPerceptionSensor.Perceive":{"count":100,"self":0.0010000999999999999,"total":0.0010000999999999999,"children":null}},"gauges":{"em_final.CumulativeReward":{"count":160,"max":17.4719543,"min":-3.71282387,"runningAverage":3.35419559,"value":15.1067886,"weightedAverage":5.0510087}},"metadata":{"timer_format_version":"0.1.0","start_time_seconds":"1711905877","unity_version":"2022.3.13f1","command_line_arguments":"C:\\Program Files\\Unity\\Hub\\Editor\\2022.3.13f1\\Editor\\Unity.exe -projectpath Z:\\Jasraj\\Unity\\fyp -useHub -hubIPC -cloudEnvironment production","communication_protocol_version":"1.5.0","com.unity.ml-agents_version":"3.0.0-exp.1","scene_name":"SampleScene","end_time_seconds":"1711905946"}}