{"count":1,"self":59.125580799999994,"total":73.8130407,"children":{"InitializeActuators":{"count":40,"self":0.0010004,"total":0.0010004,"children":null},"InitializeSensors":{"count":40,"self":0.0020128,"total":0.0020128,"children":null},"AgentSendState":{"count":3428,"self":7.1381944,"total":8.9350787,"children":{"CollectObservations":{"count":97368,"self":1.3533598999999998,"total":1.3533598999999998,"children":null},"WriteActionMask":{"count":97368,"self":0.050583199999999995,"total":0.050583199999999995,"children":null},"RequestDecision":{"count":97368,"self":0.2709676,"total":0.3929413,"children":{"RayPerceptionSensor.Perceive":{"count":48684,"self":0.12197369999999999,"total":0.12197369999999999,"children":null}}}}},"DecideAction":{"count":3428,"self":5.0805944,"total":5.1734168999999994,"children":{"RayPerceptionSensor.Perceive":{"count":48684,"self":0.092822599999999991,"total":0.092822599999999991,"children":null}}},"AgentAct":{"count":3428,"self":0.57496039999999993,"total":0.57496039999999993,"children":null},"RayPerceptionSensor.Perceive":{"count":100,"self":0.0009901,"total":0.0009901,"children":null}},"gauges":{"em_dense_rewards__curiosity__curriculum.CumulativeReward":{"count":160,"max":13.3465157,"min":-5.21260071,"runningAverage":1.84779179,"value":4.66949,"weightedAverage":0.8308188}},"metadata":{"timer_format_version":"0.1.0","start_time_seconds":"1711811967","unity_version":"2022.3.13f1","command_line_arguments":"C:\\Program Files\\Unity\\Hub\\Editor\\2022.3.13f1\\Editor\\Unity.exe -projectpath Z:\\Jasraj\\Unity\\fyp -useHub -hubIPC -cloudEnvironment production","communication_protocol_version":"1.5.0","com.unity.ml-agents_version":"3.0.0-exp.1","scene_name":"SampleScene","end_time_seconds":"1711812041"}}