{"count":1,"self":561.327872,"total":2572.3437785,"children":{"InitializeActuators":{"count":40,"self":0.0025475,"total":0.0025475,"children":null},"InitializeSensors":{"count":40,"self":0.0020009,"total":0.0020009,"children":null},"AgentSendState":{"count":69490,"self":7.6341208,"total":65.873190499999993,"children":{"CollectObservations":{"count":2779600,"self":30.939663999999997,"total":30.9396649,"children":null},"WriteActionMask":{"count":2779600,"self":1.6905207999999998,"total":1.6905207,"children":null},"RequestDecision":{"count":2779600,"self":5.0259,"total":25.608884399999997,"children":{"AgentInfo.ToProto":{"count":2779600,"self":4.4293472,"total":20.582984399999997,"children":{"GenerateSensorData":{"count":2779600,"self":16.1536368,"total":16.1536371,"children":null}}}}}}},"DecideAction":{"count":69490,"self":1595.7069824,"total":1595.7069483999999,"children":null},"AgentAct":{"count":69490,"self":349.1559936,"total":349.2216107,"children":{"AgentInfo.ToProto":{"count":4908,"self":0.0270475,"total":0.0656259,"children":{"GenerateSensorData":{"count":4908,"self":0.0385784,"total":0.0385784,"children":null}}}}},"AgentInfo.ToProto":{"count":17224,"self":0.084371099999999991,"total":0.2095939,"children":{"GenerateSensorData":{"count":17224,"self":0.1252228,"total":0.1252228,"children":null}}}},"gauges":{"Mage.CumulativeReward":{"count":22132,"max":1.57300115,"min":-9.085024,"runningAverage":-2.575993,"value":0.00350105762,"weightedAverage":-1.85651767}},"metadata":{"timer_format_version":"0.1.0","start_time_seconds":"1710684498","unity_version":"2022.3.13f1","command_line_arguments":"C:\\Program Files\\Unity\\Hub\\Editor\\2022.3.13f1\\Editor\\Unity.exe -projectpath Z:\\Jasraj\\Unity\\fyp -useHub -hubIPC -cloudEnvironment production","communication_protocol_version":"1.5.0","com.unity.ml-agents_version":"3.0.0-exp.1","scene_name":"SampleScene","end_time_seconds":"1710687071"}}