{"count":1,"self":70.45938559999999,"total":70.7044299,"children":{"InitializeActuators":{"count":1,"self":0.00099969999999999985,"total":0.00099969999999999985,"children":null},"InitializeSensors":{"count":1,"self":0.0020686,"total":0.0020686,"children":null},"AgentSendState":{"count":3270,"self":0.0148337,"total":0.0940703,"children":{"CollectObservations":{"count":654,"self":0.075007499999999991,"total":0.075007499999999991,"children":null},"WriteActionMask":{"count":654,"self":0.0012228999999999999,"total":0.0012228999999999999,"children":null},"RequestDecision":{"count":654,"self":0.0030061999999999997,"total":0.0030061999999999997,"children":null}}},"DecideAction":{"count":3270,"self":0.012053399999999999,"total":0.012053399999999999,"children":null},"AgentAct":{"count":3270,"self":0.1358544,"total":0.1358544,"children":null}},"gauges":{"Dodge.CumulativeReward":{"count":16,"max":0.571996152,"min":0.00300000049,"runningAverage":0.196874529,"value":0.122000068,"weightedAverage":0.1572446}},"metadata":{"timer_format_version":"0.1.0","start_time_seconds":"1708303381","unity_version":"2022.3.13f1","command_line_arguments":"C:\\Program Files\\Unity\\Hub\\Editor\\2022.3.13f1\\Editor\\Unity.exe -projectpath Z:\\Jasraj\\Unity\\fyp -useHub -hubIPC -cloudEnvironment production","communication_protocol_version":"1.5.0","com.unity.ml-agents_version":"3.0.0-exp.1","scene_name":"SampleScene","end_time_seconds":"1708303451"}}