{"count":1,"self":1001.5900671999999,"total":3780.802467,"children":{"InitializeActuators":{"count":40,"self":0.0029995,"total":0.0029995,"children":null},"InitializeSensors":{"count":40,"self":0.0020003,"total":0.0020003,"children":null},"AgentSendState":{"count":93078,"self":40.7345184,"total":260.4257151,"children":{"CollectObservations":{"count":3723120,"self":82.2712064,"total":82.2712081,"children":null},"WriteActionMask":{"count":3723120,"self":10.533524,"total":10.5335238,"children":null},"RequestDecision":{"count":3723120,"self":37.971584,"total":126.8864648,"children":{"AgentInfo.ToProto":{"count":3723120,"self":26.269375999999998,"total":88.914881499999993,"children":{"GenerateSensorData":{"count":3723120,"self":62.645503999999995,"total":62.6455048,"children":null}}}}}}},"DecideAction":{"count":93078,"self":2148.0525824,"total":2148.0525798999997,"children":null},"AgentAct":{"count":93078,"self":369.8260736,"total":369.8260669,"children":null},"AgentInfo.ToProto":{"count":27102,"self":0.3651415,"total":0.90206009999999992,"children":{"GenerateSensorData":{"count":27102,"self":0.5369186,"total":0.5369186,"children":null}}}},"gauges":{"Mage.CumulativeReward":{"count":27102,"max":3.99119878,"min":-5.10121059,"runningAverage":-0.115441449,"value":-2.0031,"weightedAverage":-0.0251087248}},"metadata":{"timer_format_version":"0.1.0","start_time_seconds":"1710777386","unity_version":"2022.3.13f1","command_line_arguments":"C:\\Program Files\\Unity\\Hub\\Editor\\2022.3.13f1\\Editor\\Unity.exe -projectpath Z:\\Jasraj\\Unity\\fyp -useHub -hubIPC -cloudEnvironment production","communication_protocol_version":"1.5.0","com.unity.ml-agents_version":"3.0.0-exp.1","scene_name":"SampleScene","end_time_seconds":"1710781166"}}