{"count":1,"self":49.465516799999996,"total":598.8294965,"children":{"InitializeActuators":{"count":24,"self":0.0010054,"total":0.0010054,"children":null},"InitializeSensors":{"count":24,"self":0.0017213999999999999,"total":0.0017213999999999999,"children":null},"AgentSendState":{"count":41717,"self":1.87703,"total":9.6526192,"children":{"CollectObservations":{"count":1001208,"self":2.3269523999999997,"total":2.3269525,"children":null},"WriteActionMask":{"count":1001208,"self":0.436957,"total":0.436957,"children":null},"RequestDecision":{"count":1001208,"self":1.3988355,"total":5.0116796,"children":{"AgentInfo.ToProto":{"count":1001208,"self":1.1775541999999999,"total":3.6128441,"children":{"GenerateSensorData":{"count":1001208,"self":2.4352899999999997,"total":2.4352899,"children":null}}}}}}},"DecideAction":{"count":41717,"self":533.1737088,"total":533.1737122,"children":null},"AgentAct":{"count":41717,"self":6.5143492,"total":6.5314090999999994,"children":{"AgentInfo.ToProto":{"count":1881,"self":0.0095329,"total":0.01706,"children":{"GenerateSensorData":{"count":1881,"self":0.0075270999999999992,"total":0.0075270999999999992,"children":null}}}}},"AgentInfo.ToProto":{"count":225,"self":7.2E-06,"total":0.0035123999999999997,"children":{"GenerateSensorData":{"count":225,"self":0.0035052,"total":0.0035052,"children":null}}}},"gauges":{"Mage.CumulativeReward":{"count":2106,"max":1,"min":-1,"runningAverage":-0.7839506,"value":-1,"weightedAverage":-0.750600338}},"metadata":{"timer_format_version":"0.1.0","start_time_seconds":"1710186629","unity_version":"2022.3.13f1","command_line_arguments":"C:\\Program Files\\Unity\\Hub\\Editor\\2022.3.13f1\\Editor\\Unity.exe -projectpath Z:\\Jasraj\\Unity\\fyp -useHub -hubIPC -cloudEnvironment production","communication_protocol_version":"1.5.0","com.unity.ml-agents_version":"3.0.0-exp.1","scene_name":"SampleScene","end_time_seconds":"1710187228"}}