{"count":1,"self":22.9941984,"total":23.004685499999997,"children":{"InitializeActuators":{"count":1,"self":0.0020001999999999997,"total":0.0020001999999999997,"children":null},"InitializeSensors":{"count":1,"self":0.0013618999999999999,"total":0.0013618999999999999,"children":null},"AgentSendState":{"count":892,"self":0.0010042999999999999,"total":0.0010042999999999999,"children":null},"DecideAction":{"count":892,"self":0.0061094999999999995,"total":0.0061094999999999995,"children":null},"AgentAct":{"count":892,"self":1.19E-05,"total":1.19E-05,"children":null}},"gauges":{},"metadata":{"timer_format_version":"0.1.0","start_time_seconds":"1703439135","unity_version":"2022.3.13f1","command_line_arguments":"C:\\Program Files\\Unity\\Hub\\Editor\\2022.3.13f1\\Editor\\Unity.exe -projectpath Z:\\Jasraj\\Unity\\fyp -useHub -hubIPC -cloudEnvironment production","communication_protocol_version":"1.5.0","com.unity.ml-agents_version":"3.0.0-exp.1","scene_name":"SampleScene","end_time_seconds":"1703439158"}}