{"count":1,"self":181.5851136,"total":685.7783757,"children":{"InitializeActuators":{"count":32,"self":0.0026230999999999997,"total":0.0026230999999999997,"children":null},"InitializeSensors":{"count":32,"self":0.0036113,"total":0.0036113,"children":null},"AgentSendState":{"count":22637,"self":2.2929092,"total":18.1144402,"children":{"CollectObservations":{"count":724384,"self":7.8307031999999994,"total":7.8307033,"children":null},"WriteActionMask":{"count":724384,"self":0.4823106,"total":0.4823106,"children":null},"RequestDecision":{"count":724384,"self":1.3777206,"total":7.5085169999999994,"children":{"AgentInfo.ToProto":{"count":724384,"self":1.4836327,"total":6.1307963999999995,"children":{"GenerateSensorData":{"count":724384,"self":4.6471636,"total":4.6471637,"children":null}}}}}}},"DecideAction":{"count":22637,"self":476.4988416,"total":476.4988413,"children":null},"AgentAct":{"count":22637,"self":9.5349823999999987,"total":9.5666725,"children":{"AgentInfo.ToProto":{"count":3288,"self":0.0055867999999999994,"total":0.0316903,"children":{"GenerateSensorData":{"count":3288,"self":0.026103499999999998,"total":0.026103499999999998,"children":null}}}}},"AgentInfo.ToProto":{"count":548,"self":0.0025697999999999997,"total":0.007075,"children":{"GenerateSensorData":{"count":548,"self":0.0045052,"total":0.0045052,"children":null}}}},"gauges":{"Mage.CumulativeReward":{"count":3836,"max":2,"min":-2,"runningAverage":-0.000260688044,"value":0,"weightedAverage":0.04266507}},"metadata":{"timer_format_version":"0.1.0","start_time_seconds":"1710292881","unity_version":"2022.3.13f1","command_line_arguments":"C:\\Program Files\\Unity\\Hub\\Editor\\2022.3.13f1\\Editor\\Unity.exe -projectpath Z:\\Jasraj\\Unity\\fyp -useHub -hubIPC -cloudEnvironment production","communication_protocol_version":"1.5.0","com.unity.ml-agents_version":"3.0.0-exp.1","scene_name":"SampleScene","end_time_seconds":"1710293566"}}