{
    "name": "root",
    "gauges": {
        "Bullet.Policy.Entropy.mean": {
            "value": 0.7241670489311218,
            "min": 0.6351955533027649,
            "max": 0.7797135710716248,
            "count": 54
        },
        "Bullet.Policy.Entropy.sum": {
            "value": 15004.7412109375,
            "min": 10561.875,
            "max": 19189.533203125,
            "count": 54
        },
        "Bullet.Environment.EpisodeLength.mean": {
            "value": 784.2,
            "min": 511.2857142857143,
            "max": 864.3846153846154,
            "count": 54
        },
        "Bullet.Environment.EpisodeLength.sum": {
            "value": 23526.0,
            "min": 7158.0,
            "max": 28910.0,
            "count": 54
        },
        "Bullet.Self-play.ELO.mean": {
            "value": 1129.5191984603614,
            "min": 1129.5191984603614,
            "max": 1198.5804376810117,
            "count": 54
        },
        "Bullet.Self-play.ELO.sum": {
            "value": 16942.78797690542,
            "min": 8390.063063767082,
            "max": 24593.231176989913,
            "count": 54
        },
        "Bullet.Step.mean": {
            "value": 539926.0,
            "min": 9961.0,
            "max": 539926.0,
            "count": 54
        },
        "Bullet.Step.sum": {
            "value": 539926.0,
            "min": 9961.0,
            "max": 539926.0,
            "count": 54
        },
        "Bullet.Policy.ExtrinsicValueEstimate.mean": {
            "value": 0.005936162546277046,
            "min": -0.040978144854307175,
            "max": 0.08991511166095734,
            "count": 54
        },
        "Bullet.Policy.ExtrinsicValueEstimate.sum": {
            "value": 0.1365317404270172,
            "min": -0.9528027176856995,
            "max": 1.9781324863433838,
            "count": 54
        },
        "Bullet.Policy.GailValueEstimate.mean": {
            "value": 0.458861768245697,
            "min": -0.6726590991020203,
            "max": 24.601451873779297,
            "count": 54
        },
        "Bullet.Policy.GailValueEstimate.sum": {
            "value": 10.553820610046387,
            "min": -15.471158981323242,
            "max": 565.8333740234375,
            "count": 54
        },
        "Bullet.Environment.CumulativeReward.mean": {
            "value": -0.6801907271146774,
            "min": -1.9650554979840915,
            "max": 0.21214574202895164,
            "count": 54
        },
        "Bullet.Environment.CumulativeReward.sum": {
            "value": -9.522670179605484,
            "min": -30.636667132377625,
            "max": 3.3943318724632263,
            "count": 54
        },
        "Bullet.Policy.ExtrinsicReward.mean": {
            "value": -0.6801907271146774,
            "min": -1.9650554979840915,
            "max": 0.21214574202895164,
            "count": 54
        },
        "Bullet.Policy.ExtrinsicReward.sum": {
            "value": -9.522670179605484,
            "min": -30.636667132377625,
            "max": 3.3943318724632263,
            "count": 54
        },
        "Bullet.Policy.GailReward.mean": {
            "value": 33.96895406714508,
            "min": 13.631485104456079,
            "max": 61.16338996887207,
            "count": 54
        },
        "Bullet.Policy.GailReward.sum": {
            "value": 475.56535694003105,
            "min": 138.9562118561007,
            "max": 835.5599689185619,
            "count": 54
        },
        "Bullet.Losses.PolicyLoss.mean": {
            "value": 0.02975518850143999,
            "min": 0.014875482428275669,
            "max": 0.031888725182701215,
            "count": 54
        },
        "Bullet.Losses.PolicyLoss.sum": {
            "value": 0.02975518850143999,
            "min": 0.014875482428275669,
            "max": 0.05605150352069661,
            "count": 54
        },
        "Bullet.Losses.ValueLoss.mean": {
            "value": 0.29093200837572414,
            "min": 0.22036509743581217,
            "max": 41.16499524646335,
            "count": 54
        },
        "Bullet.Losses.ValueLoss.sum": {
            "value": 0.29093200837572414,
            "min": 0.26760008993248147,
            "max": 41.16499524646335,
            "count": 54
        },
        "Bullet.Policy.LearningRate.mean": {
            "value": 3.66722766555e-05,
            "min": 3.66722766555e-05,
            "max": 4.9758625482750006e-05,
            "count": 54
        },
        "Bullet.Policy.LearningRate.sum": {
            "value": 3.66722766555e-05,
            "min": 3.66722766555e-05,
            "max": 9.628083243835e-05,
            "count": 54
        },
        "Bullet.Policy.Epsilon.mean": {
            "value": 0.1733445,
            "min": 0.1733445,
            "max": 0.19951725000000006,
            "count": 54
        },
        "Bullet.Policy.Epsilon.sum": {
            "value": 0.1733445,
            "min": 0.1733445,
            "max": 0.39256165000000004,
            "count": 54
        },
        "Bullet.Policy.Beta.mean": {
            "value": 0.0001,
            "min": 9.999999999999999e-05,
            "max": 0.0001,
            "count": 54
        },
        "Bullet.Policy.Beta.sum": {
            "value": 0.0001,
            "min": 9.999999999999999e-05,
            "max": 0.0002,
            "count": 54
        },
        "Bullet.Policy.GAILPolicyEstimate.mean": {
            "value": 0.16992103618880114,
            "min": 0.12844079763938984,
            "max": 0.22811333648860455,
            "count": 54
        },
        "Bullet.Policy.GAILPolicyEstimate.sum": {
            "value": 0.16992103618880114,
            "min": 0.12844079763938984,
            "max": 0.37622374668717384,
            "count": 54
        },
        "Bullet.Policy.GAILExpertEstimate.mean": {
            "value": 0.8418142522374789,
            "min": 0.778947946925958,
            "max": 0.8755978917082151,
            "count": 54
        },
        "Bullet.Policy.GAILExpertEstimate.sum": {
            "value": 0.8418142522374789,
            "min": 0.778947946925958,
            "max": 1.7396461740136147,
            "count": 54
        },
        "Bullet.Losses.GAILLoss.mean": {
            "value": 0.49275685101747513,
            "min": 0.3827455937862396,
            "max": 0.6749809955557188,
            "count": 54
        },
        "Bullet.Losses.GAILLoss.sum": {
            "value": 0.49275685101747513,
            "min": 0.38315169761578244,
            "max": 1.070610368003448,
            "count": 54
        },
        "Bullet.Policy.GAILGradMagLoss.mean": {
            "value": 1.5514846742153168,
            "min": 1.2549444337685902,
            "max": 2.1831862231095633,
            "count": 54
        },
        "Bullet.Policy.GAILGradMagLoss.sum": {
            "value": 1.5514846742153168,
            "min": 1.2549444337685902,
            "max": 4.025016253193219,
            "count": 54
        },
        "Bullet.IsTraining.mean": {
            "value": 1.0,
            "min": 1.0,
            "max": 1.0,
            "count": 54
        },
        "Bullet.IsTraining.sum": {
            "value": 1.0,
            "min": 1.0,
            "max": 1.0,
            "count": 54
        }
    },
    "metadata": {
        "timer_format_version": "0.1.0",
        "start_time_seconds": "1711415297",
        "python_version": "3.10.12 | packaged by Anaconda, Inc. | (main, Jul  5 2023, 19:01:18) [MSC v.1916 64 bit (AMD64)]",
        "command_line_arguments": "C:\\Users\\sjasr\\anaconda3\\envs\\mlagents\\Scripts\\mlagents-learn config/bullet_config.yaml --run-id=bullet_arena_final_general_09_self_play_04 --time-scale=1 --initialize-from=bullet_arena_final_general_08",
        "mlagents_version": "1.0.0",
        "mlagents_envs_version": "1.0.0",
        "communication_protocol_version": "1.5.0",
        "pytorch_version": "1.13.1+cu117",
        "numpy_version": "1.23.1",