{
    "name": "root",
    "gauges": {
        "Dodge.Policy.Entropy.mean": {
            "value": 1.4589792490005493,
            "min": 1.3995301723480225,
            "max": 1.4589792490005493,
            "count": 34
        },
        "Dodge.Policy.Entropy.sum": {
            "value": 16247.193359375,
            "min": 11279.572265625,
            "max": 19198.01171875,
            "count": 34
        },
        "Dodge.Environment.EpisodeLength.mean": {
            "value": 323.64516129032256,
            "min": 190.30188679245282,
            "max": 391.2307692307692,
            "count": 34
        },
        "Dodge.Environment.EpisodeLength.sum": {
            "value": 10033.0,
            "min": 9534.0,
            "max": 10373.0,
            "count": 34
        },
        "Dodge.Step.mean": {
            "value": 339636.0,
            "min": 9658.0,
            "max": 339636.0,
            "count": 34
        },
        "Dodge.Step.sum": {
            "value": 339636.0,
            "min": 9658.0,
            "max": 339636.0,
            "count": 34
        },
        "Dodge.Policy.ExtrinsicValueEstimate.mean": {
            "value": 0.14707215130329132,
            "min": 0.11078584939241409,
            "max": 0.18650184571743011,
            "count": 34
        },
        "Dodge.Policy.ExtrinsicValueEstimate.sum": {
            "value": 4.559236526489258,
            "min": 3.213188886642456,
            "max": 9.69809627532959,
            "count": 34
        },
        "Dodge.Environment.CumulativeReward.mean": {
            "value": 0.6251613634728617,
            "min": 0.3695769625572631,
            "max": 0.7833077785773919,
            "count": 34
        },
        "Dodge.Environment.CumulativeReward.sum": {
            "value": 19.38000226765871,
            "min": 19.022002067416906,
            "max": 20.652002342045307,
            "count": 34
        },
        "Dodge.Policy.ExtrinsicReward.mean": {
            "value": 0.6251613634728617,
            "min": 0.3695769625572631,
            "max": 0.7833077785773919,
            "count": 34
        },
        "Dodge.Policy.ExtrinsicReward.sum": {
            "value": 19.38000226765871,
            "min": 19.022002067416906,
            "max": 20.652002342045307,
            "count": 34
        },
        "Dodge.Losses.PolicyLoss.mean": {
            "value": 0.03326085316948593,
            "min": 0.03021105613152031,
            "max": 0.03887225689250044,
            "count": 34
        },
        "Dodge.Losses.PolicyLoss.sum": {
            "value": 0.06652170633897186,
            "min": 0.03200008170679212,
            "max": 0.07492895898176358,
            "count": 34
        },
        "Dodge.Losses.ValueLoss.mean": {
            "value": 0.00022986627827776827,
            "min": 0.00015938009464662174,
            "max": 0.011738447769312188,
            "count": 34
        },
        "Dodge.Losses.ValueLoss.sum": {
            "value": 0.00045973255655553654,
            "min": 0.0002129342132320744,
            "max": 0.011738447769312188,
            "count": 34
        },
        "Dodge.Policy.LearningRate.mean": {
            "value": 0.00019999458333514998,
            "min": 0.00019999458333514998,
            "max": 0.00029838360053879994,
            "count": 34
        },
        "Dodge.Policy.LearningRate.sum": {
            "value": 0.00039998916667029997,
            "min": 0.00020551383149539998,
            "max": 0.0005918949027017001,
            "count": 34
        },
        "Dodge.Policy.Epsilon.mean": {
            "value": 0.16666484999999998,
            "min": 0.16666484999999998,
            "max": 0.1994612,
            "count": 34
        },
        "Dodge.Policy.Epsilon.sum": {
            "value": 0.33332969999999995,
            "min": 0.16850459999999998,
            "max": 0.3972983000000001,
            "count": 34
        },
        "Dodge.Policy.Beta.mean": {
            "value": 0.004999999999999999,
            "min": 0.004999999999999999,
            "max": 0.004999999999999999,
            "count": 34
        },
        "Dodge.Policy.Beta.sum": {
            "value": 0.009999999999999998,
            "min": 0.004999999999999999,
            "max": 0.009999999999999998,
            "count": 34
        },
        "Dodge.IsTraining.mean": {
            "value": 1.0,
            "min": 1.0,
            "max": 1.0,
            "count": 34
        },
        "Dodge.IsTraining.sum": {
            "value": 1.0,
            "min": 1.0,
            "max": 1.0,
            "count": 34
        }
    },
    "metadata": {
        "timer_format_version": "0.1.0",
        "start_time_seconds": "1709426771",
        "python_version": "3.10.12 | packaged by Anaconda, Inc. | (main, Jul  5 2023, 19:01:18) [MSC v.1916 64 bit (AMD64)]",
        "command_line_arguments": "C:\\Users\\sjasr\\anaconda3\\envs\\mlagents\\Scripts\\mlagents-learn config/dodge_config.yaml --run-id=dodge_61",
        "mlagents_version": "1.0.0",
        "mlagents_envs_version": "1.0.0",
        "communication_protocol_version": "1.5.0",
        "pytorch_version": "1.13.1+cu117",
        "numpy_version": "1.23.1",
        "end_time_seconds": "1709427216"
    },
    "total": 445.77324370000133,
    "count": 1,
    "self": 0.012689499992120545,
    "children": {
        "run_training.setup": {
            "total": 0.09418050000385847,
            "count": 1,
            "self": 0.09418050000385847
        },
        "TrainerController.start_learning": {
            "total": 445.66637370000535,
            "count": 1,
            "self": 0.3241972006726428,
            "children": {
                "TrainerController._reset_env": {
                    "total": 9.332901500005391,
                    "count": 1,
                    "self": 9.332901500005391
                },
                "TrainerController.advance": {
                    "total": 435.7555942993349,
                    "count": 14424,
                    "self": 0.26447549955628347,
                    "children": {
                        "env_step": {
                            "total": 142.47771320024185,
                            "count": 14424,
                            "self": 99.52996420031559,
                            "children": {
                                "SubprocessEnvManager._take_step": {
                                    "total": 42.74706450030499,
                                    "count": 14424,
                                    "self": 1.4199887005306664,
                                    "children": {
                                        "TorchPolicy.evaluate": {
                                            "total": 41.32707579977432,
                                            "count": 14424,
                                            "self": 41.32707579977432
                                        }
                                    }
                                },
                                "workers": {
                                    "total": 0.20068449962127488,
                                    "count": 14424,
                                    "self": 0.0,
                                    "children": {
                                        "worker_root": {
                                            "total": 432.90316009993694,
                                            "count": 14424,
                                            "is_parallel": true,
                                            "self": 358.8959086005925,
                                            "children": {
                                                "steps_from_proto": {
                                                    "total": 0.0008566000033169985,
                                                    "count": 1,
                                                    "is_parallel": true,