{
    "name": "root",
    "gauges": {
        "Bullet.Policy.Entropy.mean": {
            "value": 2.285465955734253,
            "min": 2.2738895416259766,
            "max": 2.5199482440948486,
            "count": 140
        },
        "Bullet.Policy.Entropy.sum": {
            "value": 22717.53125,
            "min": 22329.595703125,
            "max": 25677.462890625,
            "count": 140
        },
        "Bullet.Environment.EpisodeLength.mean": {
            "value": 45.101851851851855,
            "min": 18.220502901353964,
            "max": 48.98994974874372,
            "count": 140
        },
        "Bullet.Environment.EpisodeLength.sum": {
            "value": 9742.0,
            "min": 9420.0,
            "max": 10017.0,
            "count": 140
        },
        "Bullet.Step.mean": {
            "value": 1399999.0,
            "min": 9992.0,
            "max": 1399999.0,
            "count": 140
        },
        "Bullet.Step.sum": {
            "value": 1399999.0,
            "min": 9992.0,
            "max": 1399999.0,
            "count": 140
        },
        "Bullet.Policy.ExtrinsicValueEstimate.mean": {
            "value": 0.2217978835105896,
            "min": -0.10329335927963257,
            "max": 0.24827077984809875,
            "count": 140
        },
        "Bullet.Policy.ExtrinsicValueEstimate.sum": {
            "value": 90.71533203125,
            "min": -60.11673355102539,
            "max": 101.24626159667969,
            "count": 140
        },
        "Bullet.Policy.CuriosityValueEstimate.mean": {
            "value": -0.006593984551727772,
            "min": -0.2500472962856293,
            "max": 0.011738574132323265,
            "count": 140
        },
        "Bullet.Policy.CuriosityValueEstimate.sum": {
            "value": -2.696939706802368,
            "min": -145.52752685546875,
            "max": 4.906723976135254,
            "count": 140
        },
        "Bullet.Environment.CumulativeReward.mean": {
            "value": 0.26146788990825687,
            "min": 0.016632016632016633,
            "max": 0.3333333333333333,
            "count": 140
        },
        "Bullet.Environment.CumulativeReward.sum": {
            "value": 57.0,
            "min": 8.0,
            "max": 75.0,
            "count": 140
        },
        "Bullet.Policy.ExtrinsicReward.mean": {
            "value": 0.26146788990825687,
            "min": 0.016632016632016633,
            "max": 0.3333333333333333,
            "count": 140
        },
        "Bullet.Policy.ExtrinsicReward.sum": {
            "value": 57.0,
            "min": 8.0,
            "max": 75.0,
            "count": 140
        },
        "Bullet.Policy.CuriosityReward.mean": {
            "value": 0.0040900130777426465,
            "min": 0.0,
            "max": 0.025211678108999117,
            "count": 140
        },
        "Bullet.Policy.CuriosityReward.sum": {
            "value": 0.891622850947897,
            "min": 0.0,
            "max": 12.303298917191569,
            "count": 140
        },
        "Bullet.IsTraining.mean": {
            "value": 1.0,
            "min": 1.0,
            "max": 1.0,
            "count": 140
        },
        "Bullet.IsTraining.sum": {
            "value": 1.0,
            "min": 1.0,
            "max": 1.0,
            "count": 140
        },
        "Bullet.Losses.PolicyLoss.mean": {
            "value": 0.040227253384485566,
            "min": 0.02585345557211743,
            "max": 0.04186740604539712,
            "count": 136
        },
        "Bullet.Losses.PolicyLoss.sum": {
            "value": 0.040227253384485566,
            "min": 0.02585345557211743,
            "max": 0.04186740604539712,
            "count": 136
        },
        "Bullet.Losses.ValueLoss.mean": {
            "value": 0.004777493816800415,
            "min": 0.00231724235539635,
            "max": 0.013604827504605056,
            "count": 136
        },
        "Bullet.Losses.ValueLoss.sum": {
            "value": 0.004777493816800415,
            "min": 0.00231724235539635,
            "max": 0.013604827504605056,
            "count": 136
        },
        "Bullet.Policy.LearningRate.mean": {
            "value": 9.051696982769996e-05,
            "min": 9.051696982769996e-05,
            "max": 0.00029845770051410003,
            "count": 136
        },
        "Bullet.Policy.LearningRate.sum": {
            "value": 9.051696982769996e-05,
            "min": 9.051696982769996e-05,
            "max": 0.00029845770051410003,
            "count": 136
        },
        "Bullet.Policy.Epsilon.mean": {
            "value": 0.13017230000000002,
            "min": 0.13017230000000002,
            "max": 0.19948590000000008,
            "count": 136
        },
        "Bullet.Policy.Epsilon.sum": {
            "value": 0.13017230000000002,
            "min": 0.13017230000000002,
            "max": 0.19948590000000008,
            "count": 136
        },
        "Bullet.Policy.Beta.mean": {
            "value": 0.005000000000000001,
            "min": 0.005000000000000001,
            "max": 0.005000000000000001,
            "count": 136
        },
        "Bullet.Policy.Beta.sum": {
            "value": 0.005000000000000001,
            "min": 0.005000000000000001,
            "max": 0.005000000000000001,
            "count": 136
        },
        "Bullet.Losses.CuriosityForwardLoss.mean": {
            "value": 0.008440443694901963,
            "min": 0.008196075400337576,
            "max": 0.4416074125717084,
            "count": 136
        },
        "Bullet.Losses.CuriosityForwardLoss.sum": {
            "value": 0.008440443694901963,
            "min": 0.008196075400337576,
            "max": 0.4416074125717084,
            "count": 136
        },
        "Bullet.Losses.CuriosityInverseLoss.mean": {
            "value": 2.4693812211354573,
            "min": 2.41860830783844,
            "max": 3.088879346847534,
            "count": 136
        },
        "Bullet.Losses.CuriosityInverseLoss.sum": {
            "value": 2.4693812211354573,
            "min": 2.41860830783844,
            "max": 3.088879346847534,
            "count": 136
        }
    },
    "metadata": {
        "timer_format_version": "0.1.0",
        "start_time_seconds": "1711207699",
        "python_version": "3.10.12 | packaged by Anaconda, Inc. | (main, Jul  5 2023, 19:01:18) [MSC v.1916 64 bit (AMD64)]",
        "command_line_arguments": "C:\\Users\\sjasr\\anaconda3\\envs\\mlagents\\Scripts\\mlagents-learn config/bullet_config.yaml --run-id=bullet_dodge_10 --time-scale=1",
        "mlagents_version": "1.0.0",
        "mlagents_envs_version": "1.0.0",
        "communication_protocol_version": "1.5.0",
        "pytorch_version": "1.13.1+cu117",
        "numpy_version": "1.23.1",
        "end_time_seconds": "1711210658"
    },
    "total": 2958.854728099999,
    "count": 1,
    "self": 0.014779399996768916,
    "children": {
        "run_training.setup": {
            "total": 0.11497370000142837,
            "count": 1,
            "self": 0.11497370000142837
        },
        "TrainerController.start_learning": {
            "total": 2958.724975000001,
            "count": 1,
            "self": 1.859685200623062,
            "children": {
                "TrainerController._reset_env": {
                    "total": 14.269659400000819,
                    "count": 1,
                    "self": 14.269659400000819
                },
                "TrainerController.advance": {
                    "total": 2942.302848799376,
                    "count": 70131,
                    "self": 1.466791100341652,
                    "children": {
                        "env_step": {
                            "total": 1636.7778542996712,
                            "count": 70131,
                            "self": 1370.8055223997508,