{
    "name": "root",
    "gauges": {
        "em_self_play.Policy.Entropy.mean": {
            "value": 2.008927822113037,
            "min": 1.9546335935592651,
            "max": 2.5175230503082275,
            "count": 475
        },
        "em_self_play.Policy.Entropy.sum": {
            "value": 40178.5546875,
            "min": 28939.634765625,
            "max": 78083.71875,
            "count": 475
        },
        "em_self_play.Environment.EpisodeLength.mean": {
            "value": 426.5217391304348,
            "min": 328.56666666666666,
            "max": 499.0,
            "count": 475
        },
        "em_self_play.Environment.EpisodeLength.sum": {
            "value": 19620.0,
            "min": 7684.0,
            "max": 32594.0,
            "count": 475
        },
        "em_self_play.Step.mean": {
            "value": 4749776.0,
            "min": 9500.0,
            "max": 4749776.0,
            "count": 475
        },
        "em_self_play.Step.sum": {
            "value": 4749776.0,
            "min": 9500.0,
            "max": 4749776.0,
            "count": 475
        },
        "em_self_play.Policy.ExtrinsicValueEstimate.mean": {
            "value": 0.19506749510765076,
            "min": -0.05918697267770767,
            "max": 0.2973707914352417,
            "count": 475
        },
        "em_self_play.Policy.ExtrinsicValueEstimate.sum": {
            "value": 4.4865522384643555,
            "min": -1.1245524883270264,
            "max": 7.94720983505249,
            "count": 475
        },
        "em_self_play.Policy.CuriosityValueEstimate.mean": {
            "value": 0.20408332347869873,
            "min": -0.11414127796888351,
            "max": 0.3524400293827057,
            "count": 475
        },
        "em_self_play.Policy.CuriosityValueEstimate.sum": {
            "value": 4.693916320800781,
            "min": -2.211801290512085,
            "max": 7.484376430511475,
            "count": 475
        },
        "em_self_play.Environment.CumulativeReward.mean": {
            "value": 0.43478260869565216,
            "min": -0.025,
            "max": 0.6481481481481481,
            "count": 475
        },
        "em_self_play.Environment.CumulativeReward.sum": {
            "value": 10.0,
            "min": -0.5,
            "max": 17.5,
            "count": 475
        },
        "em_self_play.Policy.ExtrinsicReward.mean": {
            "value": 0.43478260869565216,
            "min": -0.025,
            "max": 0.6481481481481481,
            "count": 475
        },
        "em_self_play.Policy.ExtrinsicReward.sum": {
            "value": 10.0,
            "min": -0.5,
            "max": 17.5,
            "count": 475
        },
        "em_self_play.Policy.CuriosityReward.mean": {
            "value": 0.3899206718348939,
            "min": 0.0,
            "max": 1.6259022951126099,
            "count": 475
        },
        "em_self_play.Policy.CuriosityReward.sum": {
            "value": 8.968175452202559,
            "min": 0.0,
            "max": 34.14394819736481,
            "count": 475
        },
        "em_self_play.IsTraining.mean": {
            "value": 1.0,
            "min": 1.0,
            "max": 1.0,
            "count": 475
        },
        "em_self_play.IsTraining.sum": {
            "value": 1.0,
            "min": 1.0,
            "max": 1.0,
            "count": 475
        },
        "em_self_play.Losses.PolicyLoss.mean": {
            "value": 0.02892630178272763,
            "min": 0.025742582342900278,
            "max": 0.04507268355640311,
            "count": 460
        },
        "em_self_play.Losses.PolicyLoss.sum": {
            "value": 0.02892630178272763,
            "min": 0.025742582342900278,
            "max": 0.08111010523862205,
            "count": 460
        },
        "em_self_play.Losses.ValueLoss.mean": {
            "value": 0.000686908486992858,
            "min": 9.089654377659604e-05,
            "max": 0.0020550832623644454,
            "count": 460
        },
        "em_self_play.Losses.ValueLoss.sum": {
            "value": 0.000686908486992858,
            "min": 9.089654377659604e-05,
            "max": 0.004110166524728891,
            "count": 460
        },
        "em_self_play.Policy.LearningRate.mean": {
            "value": 0.00015774175741943002,
            "min": 0.00015774175741943002,
            "max": 0.00029955024014992,
            "count": 460
        },
        "em_self_play.Policy.LearningRate.sum": {
            "value": 0.00015774175741943002,
            "min": 0.00015774175741943002,
            "max": 0.00059910048029984,
            "count": 460
        },
        "em_self_play.Policy.Epsilon.mean": {
            "value": 0.15258057000000003,
            "min": 0.15258057000000003,
            "max": 0.19985007999999999,
            "count": 460
        },
        "em_self_play.Policy.Epsilon.sum": {
            "value": 0.15258057000000003,
            "min": 0.15258057000000003,
            "max": 0.39970015999999997,
            "count": 460
        },
        "em_self_play.Policy.Beta.mean": {
            "value": 0.005,
            "min": 0.004999999999999999,
            "max": 0.005000000000000001,
            "count": 460
        },
        "em_self_play.Policy.Beta.sum": {
            "value": 0.005,
            "min": 0.004999999999999999,
            "max": 0.010000000000000002,
            "count": 460
        },
        "em_self_play.Losses.CuriosityForwardLoss.mean": {
            "value": 0.029774948993387323,
            "min": 0.026081531894979654,
            "max": 0.2573081122940047,
            "count": 460
        },
        "em_self_play.Losses.CuriosityForwardLoss.sum": {
            "value": 0.029774948993387323,
            "min": 0.026081531894979654,
            "max": 0.5146162245880094,
            "count": 460
        },
        "em_self_play.Losses.CuriosityInverseLoss.mean": {
            "value": 1.9607238322496414,
            "min": 1.8995596240548527,
            "max": 3.1267980943646347,
            "count": 460
        },
        "em_self_play.Losses.CuriosityInverseLoss.sum": {
            "value": 1.9607238322496414,
            "min": 1.8995596240548527,
            "max": 6.158181257415237,
            "count": 460
        },
        "em_self_play.Self-play.ELO.mean": {
            "value": 1195.8722579222504,
            "min": 1195.1933456538713,
            "max": 1209.600292055347,
            "count": 448
        },
        "em_self_play.Self-play.ELO.sum": {
            "value": 7175.233547533502,
            "min": 1196.44760768252,
            "max": 31326.806607561313,
            "count": 448
        }
    },
    "metadata": {
        "timer_format_version": "0.1.0",
        "start_time_seconds": "1712856551",
        "python_version": "3.10.12 | packaged by Anaconda, Inc. | (main, Jul  5 2023, 19:01:18) [MSC v.1916 64 bit (AMD64)]",
        "command_line_arguments": "C:\\Users\\sjasr\\anaconda3\\envs\\mlagents\\Scripts\\mlagents-learn config/em_self_play_config.yaml --run-id=em_self_play_zero_sum_10_mil_kill_reward",
        "mlagents_version": "1.0.0",
        "mlagents_envs_version": "1.0.0",
        "communication_protocol_version": "1.5.0",
        "pytorch_version": "1.13.1+cu117",
        "numpy_version": "1.23.1",
        "end_time_seconds": "1712865349"
    },
    "total": 8797.718242900002,
    "count": 1,
    "self": 0.011222100001759827,
    "children": {
        "run_training.setup": {
            "total": 0.10808120000001509,
            "count": 1,
            "self": 0.10808120000001509
        },
        "TrainerController.start_learning": {
            "total": 8797.5989396,
            "count": 1,
            "self": 5.502011198921537,
            "children": {
                "TrainerController._reset_env": {
                    "total": 22.874738199981948,
                    "count": 48,