{
    "name": "root",
    "gauges": {
        "Mage.Policy.Entropy.mean": {
            "value": 1.310093641281128,
            "min": 1.310093641281128,
            "max": 2.51735520362854,
            "count": 172
        },
        "Mage.Policy.Entropy.sum": {
            "value": 13231.9453125,
            "min": 11689.8349609375,
            "max": 37458.24609375,
            "count": 172
        },
        "Mage.Environment.EpisodeLength.mean": {
            "value": 331.62068965517244,
            "min": 295.52777777777777,
            "max": 795.9166666666666,
            "count": 172
        },
        "Mage.Environment.EpisodeLength.sum": {
            "value": 9617.0,
            "min": 4423.0,
            "max": 13767.0,
            "count": 172
        },
        "Mage.Step.mean": {
            "value": 1719923.0,
            "min": 9600.0,
            "max": 1719923.0,
            "count": 172
        },
        "Mage.Step.sum": {
            "value": 1719923.0,
            "min": 9600.0,
            "max": 1719923.0,
            "count": 172
        },
        "Mage.Policy.ExtrinsicValueEstimate.mean": {
            "value": 0.17544379830360413,
            "min": -0.14433450996875763,
            "max": 0.18890386819839478,
            "count": 172
        },
        "Mage.Policy.ExtrinsicValueEstimate.sum": {
            "value": 5.965089321136475,
            "min": -4.330035209655762,
            "max": 6.800539493560791,
            "count": 172
        },
        "Mage.Policy.GailValueEstimate.mean": {
            "value": 2.1337828636169434,
            "min": 0.07237397134304047,
            "max": 4.247134685516357,
            "count": 172
        },
        "Mage.Policy.GailValueEstimate.sum": {
            "value": 72.54861450195312,
            "min": 1.6646013259887695,
            "max": 127.4140396118164,
            "count": 172
        },
        "Mage.Environment.CumulativeReward.mean": {
            "value": 1.7256723547290111,
            "min": -2.036072653125633,
            "max": 1.9304482122433597,
            "count": 172
        },
        "Mage.Environment.CumulativeReward.sum": {
            "value": 50.04449828714132,
            "min": -42.943897895514965,
            "max": 56.98059920966625,
            "count": 172
        },
        "Mage.Policy.ExtrinsicReward.mean": {
            "value": 0.8628361773645056,
            "min": -1.0180363265628165,
            "max": 0.9652241061216799,
            "count": 172
        },
        "Mage.Policy.ExtrinsicReward.sum": {
            "value": 25.02224914357066,
            "min": -21.471948947757483,
            "max": 28.490299604833126,
            "count": 172
        },
        "Mage.Policy.GailReward.mean": {
            "value": 141.96860231202226,
            "min": 91.89613893959257,
            "max": 606.2383717854817,
            "count": 172
        },
        "Mage.Policy.GailReward.sum": {
            "value": 4117.089467048645,
            "min": 2774.6705408096313,
            "max": 10421.041602134705,
            "count": 172
        },
        "Mage.IsTraining.mean": {
            "value": 1.0,
            "min": 1.0,
            "max": 1.0,
            "count": 172
        },
        "Mage.IsTraining.sum": {
            "value": 1.0,
            "min": 1.0,
            "max": 1.0,
            "count": 172
        },
        "Mage.Losses.PolicyLoss.mean": {
            "value": 0.017524605102516945,
            "min": 0.012696580374176846,
            "max": 0.021233882402157178,
            "count": 83
        },
        "Mage.Losses.PolicyLoss.sum": {
            "value": 0.017524605102516945,
            "min": 0.012696580374176846,
            "max": 0.021233882402157178,
            "count": 83
        },
        "Mage.Losses.ValueLoss.mean": {
            "value": 0.7196368157863617,
            "min": 0.2185870811343193,
            "max": 1.8638564109802247,
            "count": 83
        },
        "Mage.Losses.ValueLoss.sum": {
            "value": 0.7196368157863617,
            "min": 0.2185870811343193,
            "max": 1.8638564109802247,
            "count": 83
        },
        "Mage.Policy.LearningRate.mean": {
            "value": 4.2850135716649986e-05,
            "min": 4.2850135716649986e-05,
            "max": 0.00029692005102664997,
            "count": 83
        },
        "Mage.Policy.LearningRate.sum": {
            "value": 4.2850135716649986e-05,
            "min": 4.2850135716649986e-05,
            "max": 0.00029692005102664997,
            "count": 83
        },
        "Mage.Policy.Epsilon.mean": {
            "value": 0.12856669999999998,
            "min": 0.12856669999999998,
            "max": 0.2979467,
            "count": 83
        },
        "Mage.Policy.Epsilon.sum": {
            "value": 0.12856669999999998,
            "min": 0.12856669999999998,
            "max": 0.2979467,
            "count": 83
        },
        "Mage.Policy.Beta.mean": {
            "value": 0.005,
            "min": 0.005,
            "max": 0.005,
            "count": 83
        },
        "Mage.Policy.Beta.sum": {
            "value": 0.005,
            "min": 0.005,
            "max": 0.005,
            "count": 83
        },
        "Mage.Policy.GAILPolicyEstimate.mean": {
            "value": 0.23720805458724498,
            "min": 0.20969257168471814,
            "max": 0.4909089796245098,
            "count": 83
        },
        "Mage.Policy.GAILPolicyEstimate.sum": {
            "value": 0.23720805458724498,
            "min": 0.20969257168471814,
            "max": 0.4909089796245098,
            "count": 83
        },
        "Mage.Policy.GAILExpertEstimate.mean": {
            "value": 0.763315187394619,
            "min": 0.5073751047253608,
            "max": 0.7920175537467002,
            "count": 83
        },
        "Mage.Policy.GAILExpertEstimate.sum": {
            "value": 0.763315187394619,
            "min": 0.5073751047253608,
            "max": 0.7920175537467002,
            "count": 83
        },
        "Mage.Losses.GAILLoss.mean": {
            "value": 0.7216157525777817,
            "min": 0.632306131720543,
            "max": 1.3648588806390762,
            "count": 83
        },
        "Mage.Losses.GAILLoss.sum": {
            "value": 0.7216157525777817,
            "min": 0.632306131720543,
            "max": 1.3648588806390762,
            "count": 83
        },
        "Mage.Policy.GAILGradMagLoss.mean": {
            "value": 6.510944724082947,
            "min": 3.544027554988861,
            "max": 7.416418123245239,
            "count": 83
        },
        "Mage.Policy.GAILGradMagLoss.sum": {
            "value": 6.510944724082947,
            "min": 3.544027554988861,
            "max": 7.416418123245239,
            "count": 83
        }
    },
    "metadata": {
        "timer_format_version": "0.1.0",
        "start_time_seconds": "1710867991",
        "python_version": "3.10.12 | packaged by Anaconda, Inc. | (main, Jul  5 2023, 19:01:18) [MSC v.1916 64 bit (AMD64)]",
        "command_line_arguments": "C:\\Users\\sjasr\\anaconda3\\envs\\mlagents\\Scripts\\mlagents-learn config/mage_config.yaml --run-id=bullet_arena_gail_05 --time-scale=1",
        "mlagents_version": "1.0.0",
        "mlagents_envs_version": "1.0.0",
        "communication_protocol_version": "1.5.0",
        "pytorch_version": "1.13.1+cu117",
        "numpy_version": "1.23.1",
        "end_time_seconds": "1710870526"
    },
    "total": 2534.5226269999985,
    "count": 1,
    "self": 0.009177899999485817,
    "children": {
        "run_training.setup": {
            "total": 0.08918730000004871,
            "count": 1,
            "self": 0.08918730000004871
        },
        "TrainerController.start_learning": {
            "total": 2534.424261799999,
            "count": 1,
            "self": 1.9459455000269372,