{
    "name": "root",
    "gauges": {
        "Chase.Policy.Entropy.mean": {
            "value": 1.2318198680877686,
            "min": 1.231731653213501,
            "max": 1.26868736743927,
            "count": 24
        },
        "Chase.Policy.Entropy.sum": {
            "value": 12337.908203125,
            "min": 6464.92236328125,
            "max": 12865.9482421875,
            "count": 24
        },
        "Chase.Environment.EpisodeLength.mean": {
            "value": 78.265625,
            "min": 51.44155844155844,
            "max": 87.0625,
            "count": 24
        },
        "Chase.Environment.EpisodeLength.sum": {
            "value": 10018.0,
            "min": 3961.0,
            "max": 10377.0,
            "count": 24
        },
        "Chase.Step.mean": {
            "value": 499956.0,
            "min": 269970.0,
            "max": 499956.0,
            "count": 24
        },
        "Chase.Step.sum": {
            "value": 499956.0,
            "min": 269970.0,
            "max": 499956.0,
            "count": 24
        },
        "Chase.Policy.ExtrinsicValueEstimate.mean": {
            "value": 0.3587856888771057,
            "min": 0.18853898346424103,
            "max": 0.39486369490623474,
            "count": 24
        },
        "Chase.Policy.ExtrinsicValueEstimate.sum": {
            "value": 78.21527862548828,
            "min": 32.46479797363281,
            "max": 88.41464233398438,
            "count": 24
        },
        "Chase.Environment.CumulativeReward.mean": {
            "value": 0.6201550387596899,
            "min": 0.3601190476190476,
            "max": 0.6643356643356644,
            "count": 24
        },
        "Chase.Environment.CumulativeReward.sum": {
            "value": 80.0,
            "min": 32.0,
            "max": 95.0,
            "count": 24
        },
        "Chase.Policy.ExtrinsicReward.mean": {
            "value": 0.6201550387596899,
            "min": 0.3601190476190476,
            "max": 0.6643356643356644,
            "count": 24
        },
        "Chase.Policy.ExtrinsicReward.sum": {
            "value": 80.0,
            "min": 32.0,
            "max": 95.0,
            "count": 24
        },
        "Chase.Losses.PolicyLoss.mean": {
            "value": 0.24638680380835917,
            "min": 0.23637165610638738,
            "max": 0.2480181823327738,
            "count": 24
        },
        "Chase.Losses.PolicyLoss.sum": {
            "value": 18.971783893243657,
            "min": 8.491306831121912,
            "max": 19.19888373419589,
            "count": 24
        },
        "Chase.Losses.ValueLoss.mean": {
            "value": 0.07192005358379187,
            "min": 0.056099161368478874,
            "max": 0.10123629629787402,
            "count": 24
        },
        "Chase.Losses.ValueLoss.sum": {
            "value": 5.537844125951974,
            "min": 3.2699202805880994,
            "max": 7.795194814936299,
            "count": 24
        },
        "Chase.Policy.LearningRate.mean": {
            "value": 2.9847561479714304e-06,
            "min": 2.9847561479714304e-06,
            "max": 0.0001393316078418629,
            "count": 24
        },
        "Chase.Policy.LearningRate.sum": {
            "value": 0.00022982622339380013,
            "min": 0.00022982622339380013,
            "max": 0.0101261543246166,
            "count": 24
        },
        "Chase.Policy.Epsilon.mean": {
            "value": 0.10099488571428573,
            "min": 0.10099488571428573,
            "max": 0.14644385142857141,
            "count": 24
        },
        "Chase.Policy.Epsilon.sum": {
            "value": 7.776606200000002,
            "min": 5.1255348,
            "max": 11.0121198,
            "count": 24
        },
        "Chase.Policy.Beta.mean": {
            "value": 0.0005000000000000001,
            "min": 0.0005,
            "max": 0.0005000000000000001,
            "count": 24
        },
        "Chase.Policy.Beta.sum": {
            "value": 0.038500000000000006,
            "min": 0.0175,
            "max": 0.03950000000000001,
            "count": 24
        },
        "Chase.IsTraining.mean": {
            "value": 1.0,
            "min": 1.0,
            "max": 1.0,
            "count": 24
        },
        "Chase.IsTraining.sum": {
            "value": 1.0,
            "min": 1.0,
            "max": 1.0,
            "count": 24
        }
    },
    "metadata": {
        "timer_format_version": "0.1.0",
        "start_time_seconds": "1703562258",
        "python_version": "3.10.12 | packaged by Anaconda, Inc. | (main, Jul  5 2023, 19:01:18) [MSC v.1916 64 bit (AMD64)]",
        "command_line_arguments": "C:\\Users\\sjasr\\anaconda3\\envs\\mlagents\\Scripts\\mlagents-learn config/chase_config.yaml --resume --run-id=Chase13",
        "mlagents_version": "1.0.0",
        "mlagents_envs_version": "1.0.0",
        "communication_protocol_version": "1.5.0",
        "pytorch_version": "1.13.1+cu117",
        "numpy_version": "1.23.1",
        "end_time_seconds": "1703563019"
    },
    "total": 760.9535069999984,
    "count": 1,
    "self": 0.009581600003002677,
    "children": {
        "run_training.setup": {
            "total": 0.08957099999679485,
            "count": 1,
            "self": 0.08957099999679485
        },
        "TrainerController.start_learning": {
            "total": 760.8543543999986,
            "count": 1,
            "self": 0.3168877008720301,
            "children": {
                "TrainerController._reset_env": {
                    "total": 9.869793999998365,
                    "count": 1,
                    "self": 9.869793999998365
                },
                "TrainerController.advance": {
                    "total": 750.6098552991243,
                    "count": 17369,
                    "self": 0.26222499877621885,
                    "children": {
                        "env_step": {
                            "total": 156.94591569977638,
                            "count": 17369,
                            "self": 113.78998199969647,
                            "children": {
                                "SubprocessEnvManager._take_step": {
                                    "total": 42.956680099945515,
                                    "count": 17369,
                                    "self": 0.8803690998101956,
                                    "children": {
                                        "TorchPolicy.evaluate": {
                                            "total": 42.07631100013532,
                                            "count": 14697,
                                            "self": 42.07631100013532
                                        }
                                    }
                                },
                                "workers": {
                                    "total": 0.19925360013439786,
                                    "count": 17369,
                                    "self": 0.0,
                                    "children": {
                                        "worker_root": {
                                            "total": 751.2277235002548,
                                            "count": 17369,
                                            "is_parallel": true,
                                            "self": 657.5116006010649,
                                            "children": {
                                                "steps_from_proto": {
                                                    "total": 0.0004101999948034063,
                                                    "count": 1,
                                                    "is_parallel": true,
                                                    "self": 0.00012409999908413738,