{
    "name": "root",
    "gauges": {
        "Mage.Policy.Entropy.mean": {
            "value": 2.0587611198425293,
            "min": 2.0587611198425293,
            "max": 2.179171085357666,
            "count": 143
        },
        "Mage.Policy.Entropy.sum": {
            "value": 40434.0703125,
            "min": 39663.23046875,
            "max": 47415.4921875,
            "count": 143
        },
        "Mage.Step.mean": {
            "value": 1429950.0,
            "min": 9991.0,
            "max": 1429950.0,
            "count": 143
        },
        "Mage.Step.sum": {
            "value": 1429950.0,
            "min": 9991.0,
            "max": 1429950.0,
            "count": 143
        },
        "Mage.Policy.ExtrinsicValueEstimate.mean": {
            "value": 0.07659628987312317,
            "min": -0.07863255590200424,
            "max": 0.3451792001724243,
            "count": 143
        },
        "Mage.Policy.ExtrinsicValueEstimate.sum": {
            "value": 9.26815128326416,
            "min": -8.964111328125,
            "max": 41.076324462890625,
            "count": 143
        },
        "Mage.Environment.EpisodeLength.mean": {
            "value": 85.17699115044248,
            "min": 75.02290076335878,
            "max": 171.14,
            "count": 143
        },
        "Mage.Environment.EpisodeLength.sum": {
            "value": 19250.0,
            "min": 17114.0,
            "max": 22080.0,
            "count": 143
        },
        "Mage.Self-play.ELO.mean": {
            "value": 1163.9045612574591,
            "min": 1114.07500406848,
            "max": 1195.1916277329278,
            "count": 143
        },
        "Mage.Self-play.ELO.sum": {
            "value": 131521.21542209288,
            "min": 59759.58138664639,
            "max": 150373.93836324755,
            "count": 143
        },
        "Mage.Environment.CumulativeReward.mean": {
            "value": -0.06520793461694127,
            "min": -0.43498331724355616,
            "max": 0.6337345941107214,
            "count": 143
        },
        "Mage.Environment.CumulativeReward.sum": {
            "value": -7.368496611714363,
            "min": -26.09899903461337,
            "max": 63.827003452926874,
            "count": 143
        },
        "Mage.Policy.ExtrinsicReward.mean": {
            "value": -0.06520793461694127,
            "min": -0.43498331724355616,
            "max": 0.6337345941107214,
            "count": 143
        },
        "Mage.Policy.ExtrinsicReward.sum": {
            "value": -7.368496611714363,
            "min": -26.09899903461337,
            "max": 63.827003452926874,
            "count": 143
        },
        "Mage.IsTraining.mean": {
            "value": 1.0,
            "min": 1.0,
            "max": 1.0,
            "count": 143
        },
        "Mage.IsTraining.sum": {
            "value": 1.0,
            "min": 1.0,
            "max": 1.0,
            "count": 143
        },
        "Mage.Losses.PolicyLoss.mean": {
            "value": 0.01638594258959074,
            "min": 0.012498689780477435,
            "max": 0.023205621763554517,
            "count": 69
        },
        "Mage.Losses.PolicyLoss.sum": {
            "value": 0.01638594258959074,
            "min": 0.012498689780477435,
            "max": 0.023205621763554517,
            "count": 69
        },
        "Mage.Losses.ValueLoss.mean": {
            "value": 0.26751578114926816,
            "min": 0.07424506917595863,
            "max": 0.28504269421100614,
            "count": 69
        },
        "Mage.Losses.ValueLoss.sum": {
            "value": 0.26751578114926816,
            "min": 0.07424506917595863,
            "max": 0.28504269421100614,
            "count": 69
        },
        "Mage.Policy.LearningRate.mean": {
            "value": 8.736037087990001e-05,
            "min": 8.736037087990001e-05,
            "max": 0.0002969094010302,
            "count": 69
        },
        "Mage.Policy.LearningRate.sum": {
            "value": 8.736037087990001e-05,
            "min": 8.736037087990001e-05,
            "max": 0.0002969094010302,
            "count": 69
        },
        "Mage.Policy.Epsilon.mean": {
            "value": 0.12912010000000002,
            "min": 0.12912010000000002,
            "max": 0.1989698,
            "count": 69
        },
        "Mage.Policy.Epsilon.sum": {
            "value": 0.12912010000000002,
            "min": 0.12912010000000002,
            "max": 0.1989698,
            "count": 69
        },
        "Mage.Policy.Beta.mean": {
            "value": 0.005,
            "min": 0.005,
            "max": 0.005,
            "count": 69
        },
        "Mage.Policy.Beta.sum": {
            "value": 0.005,
            "min": 0.005,
            "max": 0.005,
            "count": 69
        }
    },
    "metadata": {
        "timer_format_version": "0.1.0",
        "start_time_seconds": "1710761160",
        "python_version": "3.10.12 | packaged by Anaconda, Inc. | (main, Jul  5 2023, 19:01:18) [MSC v.1916 64 bit (AMD64)]",
        "command_line_arguments": "C:\\Users\\sjasr\\anaconda3\\envs\\mlagents\\Scripts\\mlagents-learn config/mage_config.yaml --initialize-from=mage_self_play_complex_map_ray_sensor_04 --run-id=mage_self_play_complex_map_ray_sensor_05 --time-scale=1",
        "mlagents_version": "1.0.0",
        "mlagents_envs_version": "1.0.0",
        "communication_protocol_version": "1.5.0",
        "pytorch_version": "1.13.1+cu117",
        "numpy_version": "1.23.1",
        "end_time_seconds": "1710764482"
    },
    "total": 3321.802399400003,
    "count": 1,
    "self": 0.013234600002760999,
    "children": {
        "run_training.setup": {
            "total": 0.09055280000029597,
            "count": 1,
            "self": 0.09055280000029597
        },
        "TrainerController.start_learning": {
            "total": 3321.698612,
            "count": 1,
            "self": 1.666860300119879,
            "children": {
                "TrainerController._reset_env": {
                    "total": 32.04037879999669,
                    "count": 15,
                    "self": 32.04037879999669
                },
                "TrainerController.advance": {
                    "total": 3287.623308299877,
                    "count": 72568,
                    "self": 1.3675621000875253,
                    "children": {
                        "env_step": {
                            "total": 2635.9680097002565,
                            "count": 72568,
                            "self": 2088.730727399612,
                            "children": {
                                "SubprocessEnvManager._take_step": {
                                    "total": 546.1329930002175,
                                    "count": 72568,
                                    "self": 7.960950101176422,
                                    "children": {
                                        "TorchPolicy.evaluate": {
                                            "total": 538.1720428990411,
                                            "count": 145136,
                                            "self": 538.1720428990411
                                        }
                                    }
                                },
                                "workers": {
                                    "total": 1.104289300426899,
                                    "count": 72567,
                                    "self": 0.0,
                                    "children": {
                                        "worker_root": {
                                            "total": 3288.757567699453,
                                            "count": 72567,
                                            "is_parallel": true,
                                            "self": 1391.308774799454,