{
    "name": "root",
    "gauges": {
        "Dodge.Policy.Entropy.mean": {
            "value": 2.03467059135437,
            "min": 2.03467059135437,
            "max": 2.1826348304748535,
            "count": 5
        },
        "Dodge.Policy.Entropy.sum": {
            "value": 20362.982421875,
            "min": 20362.982421875,
            "max": 22577.17578125,
            "count": 5
        },
        "Dodge.Environment.EpisodeLength.mean": {
            "value": 178.9,
            "min": 143.0,
            "max": 187.2,
            "count": 5
        },
        "Dodge.Environment.EpisodeLength.sum": {
            "value": 8945.0,
            "min": 6435.0,
            "max": 11495.0,
            "count": 5
        },
        "Dodge.Step.mean": {
            "value": 49992.0,
            "min": 9968.0,
            "max": 49992.0,
            "count": 5
        },
        "Dodge.Step.sum": {
            "value": 49992.0,
            "min": 9968.0,
            "max": 49992.0,
            "count": 5
        },
        "Dodge.Policy.ExtrinsicValueEstimate.mean": {
            "value": -0.2602614462375641,
            "min": -0.2847481369972229,
            "max": -0.02154596522450447,
            "count": 5
        },
        "Dodge.Policy.ExtrinsicValueEstimate.sum": {
            "value": -87.18758392333984,
            "min": -94.536376953125,
            "max": -7.174806594848633,
            "count": 5
        },
        "Dodge.Policy.CuriosityValueEstimate.mean": {
            "value": -0.032124586403369904,
            "min": -0.08265013992786407,
            "max": 0.015216956846415997,
            "count": 5
        },
        "Dodge.Policy.CuriosityValueEstimate.sum": {
            "value": -10.761736869812012,
            "min": -28.67959976196289,
            "max": 5.052029609680176,
            "count": 5
        },
        "Dodge.Environment.CumulativeReward.mean": {
            "value": -0.13359182449627896,
            "min": -0.7139999911189079,
            "max": -0.13359182449627896,
            "count": 5
        },
        "Dodge.Environment.CumulativeReward.sum": {
            "value": -6.545999400317669,
            "min": -33.00399902462959,
            "max": -6.545999400317669,
            "count": 5
        },
        "Dodge.Policy.ExtrinsicReward.mean": {
            "value": -0.13359182449627896,
            "min": -0.7139999911189079,
            "max": -0.13359182449627896,
            "count": 5
        },
        "Dodge.Policy.ExtrinsicReward.sum": {
            "value": -6.545999400317669,
            "min": -33.00399902462959,
            "max": -6.545999400317669,
            "count": 5
        },
        "Dodge.Policy.CuriosityReward.mean": {
            "value": 0.004614594684774286,
            "min": 0.0008034616849424008,
            "max": 0.004614594684774286,
            "count": 5
        },
        "Dodge.Policy.CuriosityReward.sum": {
            "value": 0.22611513955394003,
            "min": 0.03615577582240803,
            "max": 0.2378150417971483,
            "count": 5
        },
        "Dodge.Losses.PolicyLoss.mean": {
            "value": 0.03462553725629631,
            "min": 0.03315098531796442,
            "max": 0.03764560016505938,
            "count": 5
        },
        "Dodge.Losses.PolicyLoss.sum": {
            "value": 0.10387661176888893,
            "min": 0.06630197063592884,
            "max": 0.11293680049517812,
            "count": 5
        },
        "Dodge.Losses.ValueLoss.mean": {
            "value": 0.02004661507412998,
            "min": 0.01598839454753842,
            "max": 0.024581896824141344,
            "count": 5
        },
        "Dodge.Losses.ValueLoss.sum": {
            "value": 0.060139845222389944,
            "min": 0.03564925400617843,
            "max": 0.060139845222389944,
            "count": 5
        },
        "Dodge.Policy.LearningRate.mean": {
            "value": 0.00028633750455416663,
            "min": 0.00028633750455416663,
            "max": 0.00029807175064275,
            "count": 5
        },
        "Dodge.Policy.LearningRate.sum": {
            "value": 0.0008590125136624998,
            "min": 0.0005788530070489999,
            "max": 0.0008775591074803,
            "count": 5
        },
        "Dodge.Policy.Epsilon.mean": {
            "value": 0.19544583333333332,
            "min": 0.19544583333333332,
            "max": 0.19935724999999999,
            "count": 5
        },
        "Dodge.Policy.Epsilon.sum": {
            "value": 0.5863375,
            "min": 0.392951,
            "max": 0.5925196999999999,
            "count": 5
        },
        "Dodge.Policy.Beta.mean": {
            "value": 0.005,
            "min": 0.005,
            "max": 0.005,
            "count": 5
        },
        "Dodge.Policy.Beta.sum": {
            "value": 0.015,
            "min": 0.01,
            "max": 0.015,
            "count": 5
        },
        "Dodge.Losses.CuriosityForwardLoss.mean": {
            "value": 0.018083264577823378,
            "min": 0.012212222170395156,
            "max": 0.06497351606958546,
            "count": 5
        },
        "Dodge.Losses.CuriosityForwardLoss.sum": {
            "value": 0.054249793733470136,
            "min": 0.024424444340790313,
            "max": 0.12994703213917091,
            "count": 5
        },
        "Dodge.Losses.CuriosityInverseLoss.mean": {
            "value": 2.0283034359415373,
            "min": 2.0283034359415373,
            "max": 2.1846422652403517,
            "count": 5
        },
        "Dodge.Losses.CuriosityInverseLoss.sum": {
            "value": 6.084910307824612,
            "min": 4.196941621104877,
            "max": 6.342983042200407,
            "count": 5
        },
        "Dodge.IsTraining.mean": {
            "value": 1.0,
            "min": 1.0,
            "max": 1.0,
            "count": 5
        },
        "Dodge.IsTraining.sum": {
            "value": 1.0,
            "min": 1.0,
            "max": 1.0,
            "count": 5
        }
    },
    "metadata": {
        "timer_format_version": "0.1.0",
        "start_time_seconds": "1709492640",
        "python_version": "3.10.12 | packaged by Anaconda, Inc. | (main, Jul  5 2023, 19:01:18) [MSC v.1916 64 bit (AMD64)]",
        "command_line_arguments": "C:\\Users\\sjasr\\anaconda3\\envs\\mlagents\\Scripts\\mlagents-learn config/dodge_config.yaml --run-id=dodge_discrete_20",
        "mlagents_version": "1.0.0",
        "mlagents_envs_version": "1.0.0",
        "communication_protocol_version": "1.5.0",
        "pytorch_version": "1.13.1+cu117",
        "numpy_version": "1.23.1",
        "end_time_seconds": "1709492928"
    },
    "total": 287.4917620000015,
    "count": 1,
    "self": 0.008322100002260413,
    "children": {
        "run_training.setup": {
            "total": 0.10733389999950305,
            "count": 1,
            "self": 0.10733389999950305
        },
        "TrainerController.start_learning": {
            "total": 287.3761059999997,
            "count": 1,
            "self": 0.05989270008649328,
            "children": {
                "TrainerController._reset_env": {
                    "total": 12.220916000002035,
                    "count": 1,
                    "self": 12.220916000002035
                },
                "TrainerController.advance": {
                    "total": 274.77651439991314,
                    "count": 2255,
                    "self": 0.043558300010772655,
                    "children": {
                        "env_step": {
                            "total": 26.941729900012433,
                            "count": 2255,
                            "self": 18.093311000131507,
                            "children": {
                                "SubprocessEnvManager._take_step": {
                                    "total": 8.817456299922924,
                                    "count": 2255,