{
    "name": "root",
    "gauges": {
        "Mage.Policy.Entropy.mean": {
            "value": 3.2364158630371094,
            "min": 3.210252285003662,
            "max": 3.23881459236145,
            "count": 100
        },
        "Mage.Policy.Entropy.sum": {
            "value": 32856.09375,
            "min": 28662.57421875,
            "max": 34516.6328125,
            "count": 100
        },
        "Mage.Step.mean": {
            "value": 999997.0,
            "min": 9997.0,
            "max": 999997.0,
            "count": 100
        },
        "Mage.Step.sum": {
            "value": 999997.0,
            "min": 9997.0,
            "max": 999997.0,
            "count": 100
        },
        "Mage.Policy.ExtrinsicValueEstimate.mean": {
            "value": -0.2166195511817932,
            "min": -0.22745518386363983,
            "max": 0.3664045035839081,
            "count": 100
        },
        "Mage.Policy.ExtrinsicValueEstimate.sum": {
            "value": -34.87574768066406,
            "min": -36.70695495605469,
            "max": 58.991127014160156,
            "count": 100
        },
        "Mage.Environment.EpisodeLength.mean": {
            "value": 456.3636363636364,
            "min": 69.5,
            "max": 499.0,
            "count": 100
        },
        "Mage.Environment.EpisodeLength.sum": {
            "value": 10040.0,
            "min": 139.0,
            "max": 12531.0,
            "count": 100
        },
        "Mage.Environment.CumulativeReward.mean": {
            "value": -0.7272727272727273,
            "min": -1.0,
            "max": 1.0,
            "count": 100
        },
        "Mage.Environment.CumulativeReward.sum": {
            "value": -16.0,
            "min": -23.0,
            "max": 2.0,
            "count": 100
        },
        "Mage.Policy.ExtrinsicReward.mean": {
            "value": -0.7272727272727273,
            "min": -1.0,
            "max": 1.0,
            "count": 100
        },
        "Mage.Policy.ExtrinsicReward.sum": {
            "value": -16.0,
            "min": -23.0,
            "max": 2.0,
            "count": 100
        },
        "Mage.IsTraining.mean": {
            "value": 1.0,
            "min": 1.0,
            "max": 1.0,
            "count": 100
        },
        "Mage.IsTraining.sum": {
            "value": 1.0,
            "min": 1.0,
            "max": 1.0,
            "count": 100
        },
        "Mage.Losses.PolicyLoss.mean": {
            "value": 0.011829413011825333,
            "min": 0.00685236775437564,
            "max": 0.017344906784031385,
            "count": 24
        },
        "Mage.Losses.PolicyLoss.sum": {
            "value": 0.011829413011825333,
            "min": 0.00685236775437564,
            "max": 0.017344906784031385,
            "count": 24
        },
        "Mage.Losses.ValueLoss.mean": {
            "value": 0.019692036074896654,
            "min": 0.017141440697014333,
            "max": 0.019692036074896654,
            "count": 24
        },
        "Mage.Losses.ValueLoss.sum": {
            "value": 0.019692036074896654,
            "min": 0.017141440697014333,
            "max": 0.019692036074896654,
            "count": 24
        },
        "Mage.Policy.LearningRate.mean": {
            "value": 4.490498503199993e-06,
            "min": 4.490498503199993e-06,
            "max": 0.0002874519041827,
            "count": 24
        },
        "Mage.Policy.LearningRate.sum": {
            "value": 4.490498503199993e-06,
            "min": 4.490498503199993e-06,
            "max": 0.0002874519041827,
            "count": 24
        },
        "Mage.Policy.Epsilon.mean": {
            "value": 0.10149680000000001,
            "min": 0.10149680000000001,
            "max": 0.19581729999999997,
            "count": 24
        },
        "Mage.Policy.Epsilon.sum": {
            "value": 0.10149680000000001,
            "min": 0.10149680000000001,
            "max": 0.19581729999999997,
            "count": 24
        },
        "Mage.Policy.Beta.mean": {
            "value": 0.005000000000000001,
            "min": 0.005000000000000001,
            "max": 0.005000000000000001,
            "count": 24
        },
        "Mage.Policy.Beta.sum": {
            "value": 0.005000000000000001,
            "min": 0.005000000000000001,
            "max": 0.005000000000000001,
            "count": 24
        }
    },
    "metadata": {
        "timer_format_version": "0.1.0",
        "start_time_seconds": "1710186619",
        "python_version": "3.10.12 | packaged by Anaconda, Inc. | (main, Jul  5 2023, 19:01:18) [MSC v.1916 64 bit (AMD64)]",
        "command_line_arguments": "C:\\Users\\sjasr\\anaconda3\\envs\\mlagents\\Scripts\\mlagents-learn config/mage_config.yaml --run-id=mage_ability1_05",
        "mlagents_version": "1.0.0",
        "mlagents_envs_version": "1.0.0",
        "communication_protocol_version": "1.5.0",
        "pytorch_version": "1.13.1+cu117",
        "numpy_version": "1.23.1",
        "end_time_seconds": "1710187228"
    },
    "total": 609.0391123000009,
    "count": 1,
    "self": 0.00919380000050296,
    "children": {
        "run_training.setup": {
            "total": 0.1015783000002557,
            "count": 1,
            "self": 0.1015783000002557
        },
        "TrainerController.start_learning": {
            "total": 608.9283402000001,
            "count": 1,
            "self": 0.7310900003067218,
            "children": {
                "TrainerController._reset_env": {
                    "total": 11.426396000002569,
                    "count": 1,
                    "self": 11.426396000002569
                },
                "TrainerController.advance": {
                    "total": 596.6872952996891,
                    "count": 41705,
                    "self": 0.6303355000891315,
                    "children": {
                        "env_step": {
                            "total": 332.0384247001275,
                            "count": 41705,
                            "self": 201.13730630047212,
                            "children": {
                                "SubprocessEnvManager._take_step": {
                                    "total": 130.4489480999291,
                                    "count": 41705,
                                    "self": 2.29929239955527,
                                    "children": {
                                        "TorchPolicy.evaluate": {
                                            "total": 128.14965570037384,
                                            "count": 41705,
                                            "self": 128.14965570037384
                                        }
                                    }
                                },
                                "workers": {
                                    "total": 0.4521702997262764,
                                    "count": 41705,
                                    "self": 0.0,
                                    "children": {
                                        "worker_root": {
                                            "total": 597.2705312997386,
                                            "count": 41705,
                                            "is_parallel": true,
                                            "self": 456.8207525000289,
                                            "children": {
                                                "steps_from_proto": {
                                                    "total": 0.000483900003018789,
                                                    "count": 1,
                                                    "is_parallel": true,
                                                    "self": 0.00021510000442503951,