{
    "name": "root",
    "gauges": {
        "Mage.Policy.Entropy.mean": {
            "value": 2.4848718643188477,
            "min": 2.4792346954345703,
            "max": 2.519031047821045,
            "count": 21
        },
        "Mage.Policy.Entropy.sum": {
            "value": 51387.15234375,
            "min": 48620.05859375,
            "max": 56541.5234375,
            "count": 21
        },
        "Mage.Environment.EpisodeLength.mean": {
            "value": 192.84615384615384,
            "min": 177.94545454545454,
            "max": 193.07843137254903,
            "count": 21
        },
        "Mage.Environment.EpisodeLength.sum": {
            "value": 20056.0,
            "min": 19574.0,
            "max": 20326.0,
            "count": 21
        },
        "Mage.Self-play.ELO.mean": {
            "value": 1218.7182267285273,
            "min": 1200.8260209877253,
            "max": 1218.7182267285273,
            "count": 21
        },
        "Mage.Self-play.ELO.sum": {
            "value": 4874.872906914109,
            "min": 3642.0491755983076,
            "max": 14475.142246901878,
            "count": 21
        },
        "Mage.Step.mean": {
            "value": 209981.0,
            "min": 9997.0,
            "max": 209981.0,
            "count": 21
        },
        "Mage.Step.sum": {
            "value": 209981.0,
            "min": 9997.0,
            "max": 209981.0,
            "count": 21
        },
        "Mage.Policy.ExtrinsicValueEstimate.mean": {
            "value": 0.004867762792855501,
            "min": 0.004867762792855501,
            "max": 0.21040955185890198,
            "count": 21
        },
        "Mage.Policy.ExtrinsicValueEstimate.sum": {
            "value": 0.2531236708164215,
            "min": 0.2531236708164215,
            "max": 11.362115859985352,
            "count": 21
        },
        "Mage.Environment.CumulativeReward.mean": {
            "value": 0.038461538461538464,
            "min": 0.018518518518518517,
            "max": 0.125,
            "count": 21
        },
        "Mage.Environment.CumulativeReward.sum": {
            "value": 2.0,
            "min": 1.0,
            "max": 7.0,
            "count": 21
        },
        "Mage.Policy.ExtrinsicReward.mean": {
            "value": 0.038461538461538464,
            "min": 0.018518518518518517,
            "max": 0.125,
            "count": 21
        },
        "Mage.Policy.ExtrinsicReward.sum": {
            "value": 2.0,
            "min": 1.0,
            "max": 7.0,
            "count": 21
        },
        "Mage.IsTraining.mean": {
            "value": 1.0,
            "min": 1.0,
            "max": 1.0,
            "count": 21
        },
        "Mage.IsTraining.sum": {
            "value": 1.0,
            "min": 1.0,
            "max": 1.0,
            "count": 21
        },
        "Mage.Losses.PolicyLoss.mean": {
            "value": 0.013999439713870743,
            "min": 0.011805459575620602,
            "max": 0.01788395148687414,
            "count": 10
        },
        "Mage.Losses.PolicyLoss.sum": {
            "value": 0.013999439713870743,
            "min": 0.011805459575620602,
            "max": 0.01788395148687414,
            "count": 10
        },
        "Mage.Losses.ValueLoss.mean": {
            "value": 0.0012845681645558215,
            "min": 0.0008368615512154065,
            "max": 0.018367261812090873,
            "count": 10
        },
        "Mage.Losses.ValueLoss.sum": {
            "value": 0.0012845681645558215,
            "min": 0.0008368615512154065,
            "max": 0.018367261812090873,
            "count": 10
        },
        "Mage.Policy.LearningRate.mean": {
            "value": 0.00023754992081669997,
            "min": 0.00023754992081669997,
            "max": 0.0002938275020575,
            "count": 10
        },
        "Mage.Policy.LearningRate.sum": {
            "value": 0.00023754992081669997,
            "min": 0.00023754992081669997,
            "max": 0.0002938275020575,
            "count": 10
        },
        "Mage.Policy.Epsilon.mean": {
            "value": 0.2583666,
            "min": 0.2583666,
            "max": 0.29588499999999995,
            "count": 10
        },
        "Mage.Policy.Epsilon.sum": {
            "value": 0.2583666,
            "min": 0.2583666,
            "max": 0.29588499999999995,
            "count": 10
        },
        "Mage.Policy.Beta.mean": {
            "value": 0.005,
            "min": 0.005,
            "max": 0.005,
            "count": 10
        },
        "Mage.Policy.Beta.sum": {
            "value": 0.005,
            "min": 0.005,
            "max": 0.005,
            "count": 10
        }
    },
    "metadata": {
        "timer_format_version": "0.1.0",
        "start_time_seconds": "1710287006",
        "python_version": "3.10.12 | packaged by Anaconda, Inc. | (main, Jul  5 2023, 19:01:18) [MSC v.1916 64 bit (AMD64)]",
        "command_line_arguments": "C:\\Users\\sjasr\\anaconda3\\envs\\mlagents\\Scripts\\mlagents-learn config/mage_config.yaml --run-id=mage_self-play_01 --time-scale=1",
        "mlagents_version": "1.0.0",
        "mlagents_envs_version": "1.0.0",
        "communication_protocol_version": "1.5.0",
        "pytorch_version": "1.13.1+cu117",
        "numpy_version": "1.23.1",
        "end_time_seconds": "1710287564"
    },
    "total": 558.4390449999992,
    "count": 1,
    "self": 0.012986599998839665,
    "children": {
        "run_training.setup": {
            "total": 0.09976560000359314,
            "count": 1,
            "self": 0.09976560000359314
        },
        "TrainerController.start_learning": {
            "total": 558.3262927999967,
            "count": 1,
            "self": 0.5560793999466114,
            "children": {
                "TrainerController._reset_env": {
                    "total": 18.14918349999789,
                    "count": 3,
                    "self": 18.14918349999789
                },
                "TrainerController.advance": {
                    "total": 539.3211919000532,
                    "count": 22104,
                    "self": 0.42829120110400254,
                    "children": {
                        "env_step": {
                            "total": 454.2034666995969,
                            "count": 22104,
                            "self": 274.7584022003575,
                            "children": {
                                "SubprocessEnvManager._take_step": {
                                    "total": 179.0964193995096,
                                    "count": 22104,
                                    "self": 2.5505634994842694,
                                    "children": {
                                        "TorchPolicy.evaluate": {
                                            "total": 176.54585590002534,
                                            "count": 44208,
                                            "self": 176.54585590002534
                                        }
                                    }
                                },
                                "workers": {
                                    "total": 0.3486450997297652,
                                    "count": 22103,
                                    "self": 0.0,
                                    "children": {
                                        "worker_root": {
                                            "total": 539.6631355003992,
                                            "count": 22103,
                                            "is_parallel": true,
                                            "self": 308.5539915002955,
                                            "children": {
                                                "steps_from_proto": {
                                                    "total": 0.0021703000020352192,
                                                    "count": 6,