{
    "name": "root",
    "gauges": {
        "Mage.Policy.Entropy.mean": {
            "value": 3.225325107574463,
            "min": 3.2094531059265137,
            "max": 3.2258317470550537,
            "count": 46
        },
        "Mage.Policy.Entropy.sum": {
            "value": 32253.251953125,
            "min": 31378.1328125,
            "max": 33025.2734375,
            "count": 46
        },
        "Mage.Step.mean": {
            "value": 459961.0,
            "min": 9995.0,
            "max": 459961.0,
            "count": 46
        },
        "Mage.Step.sum": {
            "value": 459961.0,
            "min": 9995.0,
            "max": 459961.0,
            "count": 46
        },
        "Mage.Policy.ExtrinsicValueEstimate.mean": {
            "value": -0.1962987780570984,
            "min": -0.21042318642139435,
            "max": 0.023954149335622787,
            "count": 46
        },
        "Mage.Policy.ExtrinsicValueEstimate.sum": {
            "value": -31.604103088378906,
            "min": -33.66770935058594,
            "max": 3.8326640129089355,
            "count": 46
        },
        "Mage.Environment.EpisodeLength.mean": {
            "value": 473.22727272727275,
            "min": 415.4,
            "max": 499.0,
            "count": 46
        },
        "Mage.Environment.EpisodeLength.sum": {
            "value": 10411.0,
            "min": 9067.0,
            "max": 10411.0,
            "count": 46
        },
        "Mage.Environment.CumulativeReward.mean": {
            "value": -0.8181818181818182,
            "min": -1.0,
            "max": -0.4,
            "count": 46
        },
        "Mage.Environment.CumulativeReward.sum": {
            "value": -18.0,
            "min": -20.0,
            "max": -8.0,
            "count": 46
        },
        "Mage.Policy.ExtrinsicReward.mean": {
            "value": -0.8181818181818182,
            "min": -1.0,
            "max": -0.4,
            "count": 46
        },
        "Mage.Policy.ExtrinsicReward.sum": {
            "value": -18.0,
            "min": -20.0,
            "max": -8.0,
            "count": 46
        },
        "Mage.IsTraining.mean": {
            "value": 1.0,
            "min": 1.0,
            "max": 1.0,
            "count": 46
        },
        "Mage.IsTraining.sum": {
            "value": 1.0,
            "min": 1.0,
            "max": 1.0,
            "count": 46
        },
        "Mage.Losses.PolicyLoss.mean": {
            "value": 0.01436876254932334,
            "min": 0.010798406804678962,
            "max": 0.01436876254932334,
            "count": 11
        },
        "Mage.Losses.PolicyLoss.sum": {
            "value": 0.01436876254932334,
            "min": 0.010798406804678962,
            "max": 0.01436876254932334,
            "count": 11
        },
        "Mage.Losses.ValueLoss.mean": {
            "value": 0.019470631827910742,
            "min": 0.018133888331552345,
            "max": 0.019470631827910742,
            "count": 11
        },
        "Mage.Losses.ValueLoss.sum": {
            "value": 0.019470631827910742,
            "min": 0.018133888331552345,
            "max": 0.019470631827910742,
            "count": 11
        },
        "Mage.Policy.LearningRate.mean": {
            "value": 0.00016465324511560008,
            "min": 0.00016465324511560008,
            "max": 0.0002876454041182,
            "count": 11
        },
        "Mage.Policy.LearningRate.sum": {
            "value": 0.00016465324511560008,
            "min": 0.00016465324511560008,
            "max": 0.0002876454041182,
            "count": 11
        },
        "Mage.Policy.Epsilon.mean": {
            "value": 0.1548844,
            "min": 0.1548844,
            "max": 0.19588180000000008,
            "count": 11
        },
        "Mage.Policy.Epsilon.sum": {
            "value": 0.1548844,
            "min": 0.1548844,
            "max": 0.19588180000000008,
            "count": 11
        },
        "Mage.Policy.Beta.mean": {
            "value": 0.005000000000000001,
            "min": 0.005000000000000001,
            "max": 0.005000000000000001,
            "count": 11
        },
        "Mage.Policy.Beta.sum": {
            "value": 0.005000000000000001,
            "min": 0.005000000000000001,
            "max": 0.005000000000000001,
            "count": 11
        }
    },
    "metadata": {
        "timer_format_version": "0.1.0",
        "start_time_seconds": "1710205398",
        "python_version": "3.10.12 | packaged by Anaconda, Inc. | (main, Jul  5 2023, 19:01:18) [MSC v.1916 64 bit (AMD64)]",
        "command_line_arguments": "C:\\Users\\sjasr\\anaconda3\\envs\\mlagents\\Scripts\\mlagents-learn config/mage_config.yaml --run-id=mage_ability1_06 --time-scale=1",
        "mlagents_version": "1.0.0",
        "mlagents_envs_version": "1.0.0",
        "communication_protocol_version": "1.5.0",
        "pytorch_version": "1.13.1+cu117",
        "numpy_version": "1.23.1",
        "end_time_seconds": "1710206172"
    },
    "total": 774.2307808000041,
    "count": 1,
    "self": 0.0073737999991863035,
    "children": {
        "run_training.setup": {
            "total": 0.08985340000072028,
            "count": 1,
            "self": 0.08985340000072028
        },
        "TrainerController.start_learning": {
            "total": 774.1335536000042,
            "count": 1,
            "self": 1.0518665987983695,
            "children": {
                "TrainerController._reset_env": {
                    "total": 33.30844800000341,
                    "count": 1,
                    "self": 33.30844800000341
                },
                "TrainerController.advance": {
                    "total": 739.539271401205,
                    "count": 47003,
                    "self": 0.9698979007080197,
                    "children": {
                        "env_step": {
                            "total": 613.1765343005609,
                            "count": 47003,
                            "self": 466.93671319908026,
                            "children": {
                                "SubprocessEnvManager._take_step": {
                                    "total": 145.529376801358,
                                    "count": 47003,
                                    "self": 2.5806134007652872,
                                    "children": {
                                        "TorchPolicy.evaluate": {
                                            "total": 142.94876340059272,
                                            "count": 47003,
                                            "self": 142.94876340059272
                                        }
                                    }
                                },
                                "workers": {
                                    "total": 0.7104443001226173,
                                    "count": 47002,
                                    "self": 0.0,
                                    "children": {
                                        "worker_root": {
                                            "total": 741.1172505002323,
                                            "count": 47002,
                                            "is_parallel": true,
                                            "self": 332.94451949984796,
                                            "children": {
                                                "steps_from_proto": {
                                                    "total": 0.006265800002438482,
                                                    "count": 1,
                                                    "is_parallel": true,
                                                    "self": 0.0026072999971802346,