{
    "name": "root",
    "gauges": {
        "Dodge.Policy.Entropy.mean": {
            "value": 0.7341337203979492,
            "min": 0.7335625886917114,
            "max": 1.4256318807601929,
            "count": 50
        },
        "Dodge.Policy.Entropy.sum": {
            "value": 7294.3525390625,
            "min": 7294.3525390625,
            "max": 14963.431640625,
            "count": 50
        },
        "Dodge.Step.mean": {
            "value": 499952.0,
            "min": 9987.0,
            "max": 499952.0,
            "count": 50
        },
        "Dodge.Step.sum": {
            "value": 499952.0,
            "min": 9987.0,
            "max": 499952.0,
            "count": 50
        },
        "Dodge.Policy.ExtrinsicValueEstimate.mean": {
            "value": -0.08763748407363892,
            "min": -0.34475043416023254,
            "max": -0.037513334304094315,
            "count": 50
        },
        "Dodge.Policy.ExtrinsicValueEstimate.sum": {
            "value": -15.336559295654297,
            "min": -62.05508041381836,
            "max": -6.639860153198242,
            "count": 50
        },
        "Dodge.Losses.PolicyLoss.mean": {
            "value": 0.24937061789268558,
            "min": 0.23176383694338104,
            "max": 0.2547561452082314,
            "count": 50
        },
        "Dodge.Losses.PolicyLoss.sum": {
            "value": 17.45594325248799,
            "min": 9.95836809808343,
            "max": 18.49143790162737,
            "count": 50
        },
        "Dodge.Losses.ValueLoss.mean": {
            "value": 0.003695040885562909,
            "min": 0.0011328944477472947,
            "max": 0.01510930438990307,
            "count": 50
        },
        "Dodge.Losses.ValueLoss.sum": {
            "value": 0.2586528619894036,
            "min": 0.08043550579005793,
            "max": 1.1331978292427303,
            "count": 50
        },
        "Dodge.Policy.LearningRate.mean": {
            "value": 3.02384184922857e-06,
            "min": 3.02384184922857e-06,
            "max": 0.00029598016231555606,
            "count": 50
        },
        "Dodge.Policy.LearningRate.sum": {
            "value": 0.0002116689294459999,
            "min": 0.0002116689294459999,
            "max": 0.020520402959865798,
            "count": 50
        },
        "Dodge.Policy.Epsilon.mean": {
            "value": 0.10100791428571429,
            "min": 0.10100791428571429,
            "max": 0.1986600536585366,
            "count": 50
        },
        "Dodge.Policy.Epsilon.sum": {
            "value": 7.0705540000000004,
            "min": 7.0705540000000004,
            "max": 14.0884698,
            "count": 50
        },
        "Dodge.Policy.Beta.mean": {
            "value": 0.0005,
            "min": 0.0005,
            "max": 0.0005000000000000001,
            "count": 50
        },
        "Dodge.Policy.Beta.sum": {
            "value": 0.035,
            "min": 0.0205,
            "max": 0.037500000000000006,
            "count": 50
        },
        "Dodge.Environment.EpisodeLength.mean": {
            "value": 380.15384615384613,
            "min": 261.85,
            "max": 399.0,
            "count": 50
        },
        "Dodge.Environment.EpisodeLength.sum": {
            "value": 9884.0,
            "min": 6700.0,
            "max": 11304.0,
            "count": 50
        },
        "Dodge.Environment.CumulativeReward.mean": {
            "value": -0.43076923604194933,
            "min": -0.9913043561189071,
            "max": -0.2592592631225233,
            "count": 50
        },
        "Dodge.Environment.CumulativeReward.sum": {
            "value": -11.200000137090683,
            "min": -37.80000029504299,
            "max": -7.000000104308128,
            "count": 50
        },
        "Dodge.Policy.ExtrinsicReward.mean": {
            "value": -0.43076923604194933,
            "min": -0.9913043561189071,
            "max": -0.2592592631225233,
            "count": 50
        },
        "Dodge.Policy.ExtrinsicReward.sum": {
            "value": -11.200000137090683,
            "min": -37.80000029504299,
            "max": -7.000000104308128,
            "count": 50
        },
        "Dodge.IsTraining.mean": {
            "value": 1.0,
            "min": 1.0,
            "max": 1.0,
            "count": 50
        },
        "Dodge.IsTraining.sum": {
            "value": 1.0,
            "min": 1.0,
            "max": 1.0,
            "count": 50
        }
    },
    "metadata": {
        "timer_format_version": "0.1.0",
        "start_time_seconds": "1708817404",
        "python_version": "3.10.12 | packaged by Anaconda, Inc. | (main, Jul  5 2023, 19:01:18) [MSC v.1916 64 bit (AMD64)]",
        "command_line_arguments": "C:\\Users\\sjasr\\anaconda3\\envs\\mlagents\\Scripts\\mlagents-learn config/dodge_config.yaml --run-id=dodge_13",
        "mlagents_version": "1.0.0",
        "mlagents_envs_version": "1.0.0",
        "communication_protocol_version": "1.5.0",
        "pytorch_version": "1.13.1+cu117",
        "numpy_version": "1.23.1",
        "end_time_seconds": "1708820675"
    },
    "total": 3271.2283812000023,
    "count": 1,
    "self": 0.014314100000774488,
    "children": {
        "run_training.setup": {
            "total": 0.09223070000007283,
            "count": 1,
            "self": 0.09223070000007283
        },
        "TrainerController.start_learning": {
            "total": 3271.1218364000015,
            "count": 1,
            "self": 0.6780547004600521,
            "children": {
                "TrainerController._reset_env": {
                    "total": 12.249691899996833,
                    "count": 1,
                    "self": 12.249691899996833
                },
                "TrainerController.advance": {
                    "total": 3257.9966351995463,
                    "count": 32265,
                    "self": 0.5458821995998733,
                    "children": {
                        "env_step": {
                            "total": 551.6135896993655,
                            "count": 32265,
                            "self": 467.75806689866295,
                            "children": {
                                "SubprocessEnvManager._take_step": {
                                    "total": 83.43463470008282,
                                    "count": 32265,
                                    "self": 2.1043490996817127,
                                    "children": {
                                        "TorchPolicy.evaluate": {
                                            "total": 81.33028560040111,
                                            "count": 31281,
                                            "self": 81.33028560040111
                                        }
                                    }
                                },
                                "workers": {
                                    "total": 0.4208881006197771,
                                    "count": 32265,
                                    "self": 0.0,
                                    "children": {
                                        "worker_root": {
                                            "total": 3258.3789310000648,
                                            "count": 32265,
                                            "is_parallel": true,
                                            "self": 2834.7642709000647,
                                            "children": {
                                                "steps_from_proto": {
                                                    "total": 0.0005604999969364144,
                                                    "count": 1,
                                                    "is_parallel": true,
                                                    "self": 0.00013439999020192772,