{
    "name": "root",
    "gauges": {
        "Dodge.Policy.Entropy.mean": {
            "value": 1.8944796323776245,
            "min": 1.8445689678192139,
            "max": 2.189885139465332,
            "count": 64
        },
        "Dodge.Policy.Entropy.sum": {
            "value": 18869.017578125,
            "min": 18239.09765625,
            "max": 22757.28515625,
            "count": 64
        },
        "Dodge.Environment.EpisodeLength.mean": {
            "value": 226.02380952380952,
            "min": 140.5072463768116,
            "max": 249.12820512820514,
            "count": 64
        },
        "Dodge.Environment.EpisodeLength.sum": {
            "value": 9493.0,
            "min": 6073.0,
            "max": 12026.0,
            "count": 64
        },
        "Dodge.Step.mean": {
            "value": 639972.0,
            "min": 9987.0,
            "max": 639972.0,
            "count": 64
        },
        "Dodge.Step.sum": {
            "value": 639972.0,
            "min": 9987.0,
            "max": 639972.0,
            "count": 64
        },
        "Dodge.Policy.ExtrinsicValueEstimate.mean": {
            "value": 0.3483645021915436,
            "min": -0.04955380782485008,
            "max": 0.40245139598846436,
            "count": 64
        },
        "Dodge.Policy.ExtrinsicValueEstimate.sum": {
            "value": 116.00537872314453,
            "min": -16.45186424255371,
            "max": 137.6383819580078,
            "count": 64
        },
        "Dodge.Policy.CuriosityValueEstimate.mean": {
            "value": 0.006474739871919155,
            "min": -0.011122457683086395,
            "max": 0.2822273373603821,
            "count": 64
        },
        "Dodge.Policy.CuriosityValueEstimate.sum": {
            "value": 2.156088352203369,
            "min": -3.7816357612609863,
            "max": 95.95729064941406,
            "count": 64
        },
        "Dodge.Environment.CumulativeReward.mean": {
            "value": 1.214333347383044,
            "min": 0.28101450615171075,
            "max": 1.272938789001533,
            "count": 64
        },
        "Dodge.Environment.CumulativeReward.sum": {
            "value": 51.002000590087846,
            "min": 11.510000544367358,
            "max": 64.07200073893182,
            "count": 64
        },
        "Dodge.Policy.ExtrinsicReward.mean": {
            "value": 1.214333347383044,
            "min": 0.28101450615171075,
            "max": 1.272938789001533,
            "count": 64
        },
        "Dodge.Policy.ExtrinsicReward.sum": {
            "value": 51.002000590087846,
            "min": 11.510000544367358,
            "max": 64.07200073893182,
            "count": 64
        },
        "Dodge.Policy.CuriosityReward.mean": {
            "value": 0.003477864472399363,
            "min": 0.0008935373621501309,
            "max": 0.01816493010032977,
            "count": 64
        },
        "Dodge.Policy.CuriosityReward.sum": {
            "value": 0.14607030784077324,
            "min": 0.0491445549182572,
            "max": 1.0717308759194566,
            "count": 64
        },
        "Dodge.Losses.PolicyLoss.mean": {
            "value": 0.035110892883191504,
            "min": 0.02578282512452764,
            "max": 0.03956503221221889,
            "count": 64
        },
        "Dodge.Losses.PolicyLoss.sum": {
            "value": 0.10533267864957452,
            "min": 0.05156565024905528,
            "max": 0.11259053985122591,
            "count": 64
        },
        "Dodge.Losses.ValueLoss.mean": {
            "value": 0.05656082098398151,
            "min": 0.0018447680995450355,
            "max": 0.0616634770364423,
            "count": 64
        },
        "Dodge.Losses.ValueLoss.sum": {
            "value": 0.16968246295194453,
            "min": 0.003689536199090071,
            "max": 0.16968246295194453,
            "count": 64
        },
        "Dodge.Policy.LearningRate.mean": {
            "value": 0.00010939676353443333,
            "min": 0.00010939676353443333,
            "max": 0.00029805105064964997,
            "count": 64
        },
        "Dodge.Policy.LearningRate.sum": {
            "value": 0.0003281902906033,
            "min": 0.0002250115249962,
            "max": 0.0008774751075083,
            "count": 64
        },
        "Dodge.Policy.Epsilon.mean": {
            "value": 0.13646556666666668,
            "min": 0.13646556666666668,
            "max": 0.19935035,
            "count": 64
        },
        "Dodge.Policy.Epsilon.sum": {
            "value": 0.40939670000000006,
            "min": 0.2750038,
            "max": 0.5924917,
            "count": 64
        },
        "Dodge.Policy.Beta.mean": {
            "value": 0.005,
            "min": 0.005,
            "max": 0.005,
            "count": 64
        },
        "Dodge.Policy.Beta.sum": {
            "value": 0.015,
            "min": 0.01,
            "max": 0.015,
            "count": 64
        },
        "Dodge.Losses.CuriosityForwardLoss.mean": {
            "value": 0.015106329629715117,
            "min": 0.005897220760946059,
            "max": 0.5013822526670992,
            "count": 64
        },
        "Dodge.Losses.CuriosityForwardLoss.sum": {
            "value": 0.04531898888914535,
            "min": 0.011848381992119053,
            "max": 1.0027645053341985,
            "count": 64
        },
        "Dodge.Losses.CuriosityInverseLoss.mean": {
            "value": 1.9084270464049444,
            "min": 1.8412022309170828,
            "max": 2.1970063646634417,
            "count": 64
        },
        "Dodge.Losses.CuriosityInverseLoss.sum": {
            "value": 5.725281139214833,
            "min": 3.7126614352067313,
            "max": 6.495889872312546,
            "count": 64
        },
        "Dodge.IsTraining.mean": {
            "value": 1.0,
            "min": 1.0,
            "max": 1.0,
            "count": 64
        },
        "Dodge.IsTraining.sum": {
            "value": 1.0,
            "min": 1.0,
            "max": 1.0,
            "count": 64
        }
    },
    "metadata": {
        "timer_format_version": "0.1.0",
        "start_time_seconds": "1709490142",
        "python_version": "3.10.12 | packaged by Anaconda, Inc. | (main, Jul  5 2023, 19:01:18) [MSC v.1916 64 bit (AMD64)]",
        "command_line_arguments": "C:\\Users\\sjasr\\anaconda3\\envs\\mlagents\\Scripts\\mlagents-learn config/dodge_config.yaml --run-id=dodge_ray_02",
        "mlagents_version": "1.0.0",
        "mlagents_envs_version": "1.0.0",
        "communication_protocol_version": "1.5.0",
        "pytorch_version": "1.13.1+cu117",
        "numpy_version": "1.23.1",
        "end_time_seconds": "1709490967"
    },
    "total": 823.2383488999985,
    "count": 1,
    "self": 0.007815899996785447,
    "children": {
        "run_training.setup": {
            "total": 0.08540420000281301,
            "count": 1,
            "self": 0.08540420000281301
        },
        "TrainerController.start_learning": {
            "total": 823.1451287999989,
            "count": 1,
            "self": 0.6201463996767416,
            "children": {
                "TrainerController._reset_env": {
                    "total": 24.26821899999777,
                    "count": 1,
                    "self": 24.26821899999777
                },
                "TrainerController.advance": {
                    "total": 798.0368819003234,
                    "count": 26901,
                    "self": 0.469315800590266,
                    "children": {
                        "env_step": {
                            "total": 280.2243882000148,
                            "count": 26901,
                            "self": 188.83425889987484,
                            "children": {
                                "SubprocessEnvManager._take_step": {
                                    "total": 91.05910210010552,