{
    "name": "root",
    "gauges": {
        "Dodge.Policy.Entropy.mean": {
            "value": 1.4297635555267334,
            "min": 1.4189382791519165,
            "max": 1.4297635555267334,
            "count": 30
        },
        "Dodge.Policy.Entropy.sum": {
            "value": 14412.0166015625,
            "min": 13874.0751953125,
            "max": 15256.4248046875,
            "count": 30
        },
        "Dodge.Environment.EpisodeLength.mean": {
            "value": 117.61627906976744,
            "min": 104.27472527472527,
            "max": 234.7872340425532,
            "count": 30
        },
        "Dodge.Environment.EpisodeLength.sum": {
            "value": 10115.0,
            "min": 5362.0,
            "max": 11513.0,
            "count": 30
        },
        "Dodge.Step.mean": {
            "value": 299991.0,
            "min": 9953.0,
            "max": 299991.0,
            "count": 30
        },
        "Dodge.Step.sum": {
            "value": 299991.0,
            "min": 9953.0,
            "max": 299991.0,
            "count": 30
        },
        "Dodge.Policy.ExtrinsicValueEstimate.mean": {
            "value": 0.07526566088199615,
            "min": -0.07924190908670425,
            "max": 0.08014259487390518,
            "count": 30
        },
        "Dodge.Policy.ExtrinsicValueEstimate.sum": {
            "value": 14.977866172790527,
            "min": -13.708849906921387,
            "max": 15.85186767578125,
            "count": 30
        },
        "Dodge.Policy.CuriosityValueEstimate.mean": {
            "value": 0.2581068277359009,
            "min": 0.22999615967273712,
            "max": 0.3259912431240082,
            "count": 30
        },
        "Dodge.Policy.CuriosityValueEstimate.sum": {
            "value": 51.363258361816406,
            "min": 44.159263610839844,
            "max": 63.56829071044922,
            "count": 30
        },
        "Dodge.Environment.CumulativeReward.mean": {
            "value": 0.2352325656142649,
            "min": 0.21017392040938948,
            "max": 0.47008512321701074,
            "count": 30
        },
        "Dodge.Environment.CumulativeReward.sum": {
            "value": 20.23000064282678,
            "min": 10.7240004055202,
            "max": 23.03200093121268,
            "count": 30
        },
        "Dodge.Policy.ExtrinsicReward.mean": {
            "value": 0.2352325656142649,
            "min": 0.21017392040938948,
            "max": 0.47008512321701074,
            "count": 30
        },
        "Dodge.Policy.ExtrinsicReward.sum": {
            "value": 20.23000064282678,
            "min": 10.7240004055202,
            "max": 23.03200093121268,
            "count": 30
        },
        "Dodge.Policy.CuriosityReward.mean": {
            "value": 0.04341043787026984,
            "min": 0.0,
            "max": 0.2373707735801155,
            "count": 30
        },
        "Dodge.Policy.CuriosityReward.sum": {
            "value": 3.733297656843206,
            "min": 0.0,
            "max": 16.8533249241882,
            "count": 30
        },
        "Dodge.IsTraining.mean": {
            "value": 1.0,
            "min": 1.0,
            "max": 1.0,
            "count": 30
        },
        "Dodge.IsTraining.sum": {
            "value": 1.0,
            "min": 1.0,
            "max": 1.0,
            "count": 30
        },
        "Dodge.Losses.PolicyLoss.mean": {
            "value": 0.011227286125843724,
            "min": 0.010190587987502416,
            "max": 0.01633069379410396,
            "count": 7
        },
        "Dodge.Losses.PolicyLoss.sum": {
            "value": 0.011227286125843724,
            "min": 0.010190587987502416,
            "max": 0.01633069379410396,
            "count": 7
        },
        "Dodge.Losses.ValueLoss.mean": {
            "value": 0.0012025526841171086,
            "min": 0.0012025526841171086,
            "max": 0.010166040249168872,
            "count": 7
        },
        "Dodge.Losses.ValueLoss.sum": {
            "value": 0.0012025526841171086,
            "min": 0.0012025526841171086,
            "max": 0.010166040249168872,
            "count": 7
        },
        "Dodge.Policy.LearningRate.mean": {
            "value": 0.00021389792870069998,
            "min": 0.00021389792870069998,
            "max": 0.0002876940041019999,
            "count": 7
        },
        "Dodge.Policy.LearningRate.sum": {
            "value": 0.00021389792870069998,
            "min": 0.00021389792870069998,
            "max": 0.0002876940041019999,
            "count": 7
        },
        "Dodge.Policy.Epsilon.mean": {
            "value": 0.5990950999999999,
            "min": 0.5990950999999999,
            "max": 0.771286,
            "count": 7
        },
        "Dodge.Policy.Epsilon.sum": {
            "value": 0.5990950999999999,
            "min": 0.5990950999999999,
            "max": 0.771286,
            "count": 7
        },
        "Dodge.Policy.Beta.mean": {
            "value": 0.005000000000000001,
            "min": 0.005000000000000001,
            "max": 0.005000000000000001,
            "count": 7
        },
        "Dodge.Policy.Beta.sum": {
            "value": 0.005000000000000001,
            "min": 0.005000000000000001,
            "max": 0.005000000000000001,
            "count": 7
        },
        "Dodge.Losses.CuriosityForwardLoss.mean": {
            "value": 0.04249294139444828,
            "min": 0.04249294139444828,
            "max": 0.707791284720103,
            "count": 7
        },
        "Dodge.Losses.CuriosityForwardLoss.sum": {
            "value": 0.04249294139444828,
            "min": 0.04249294139444828,
            "max": 0.707791284720103,
            "count": 7
        },
        "Dodge.Losses.CuriosityInverseLoss.mean": {
            "value": 2.0462020079294843,
            "min": 2.003469510873159,
            "max": 2.0568786382675173,
            "count": 7
        },
        "Dodge.Losses.CuriosityInverseLoss.sum": {
            "value": 2.0462020079294843,
            "min": 2.003469510873159,
            "max": 2.0568786382675173,
            "count": 7
        }
    },
    "metadata": {
        "timer_format_version": "0.1.0",
        "start_time_seconds": "1709502376",
        "python_version": "3.10.12 | packaged by Anaconda, Inc. | (main, Jul  5 2023, 19:01:18) [MSC v.1916 64 bit (AMD64)]",
        "command_line_arguments": "C:\\Users\\sjasr\\anaconda3\\envs\\mlagents\\Scripts\\mlagents-learn config/dodge_config.yaml --run-id=dodge_64",
        "mlagents_version": "1.0.0",
        "mlagents_envs_version": "1.0.0",
        "communication_protocol_version": "1.5.0",
        "pytorch_version": "1.13.1+cu117",
        "numpy_version": "1.23.1",
        "end_time_seconds": "1709502679"
    },
    "total": 303.1317291999985,
    "count": 1,
    "self": 0.007739099997706944,
    "children": {
        "run_training.setup": {
            "total": 0.09540080000078888,
            "count": 1,
            "self": 0.09540080000078888
        },
        "TrainerController.start_learning": {
            "total": 303.0285893,
            "count": 1,
            "self": 0.279978800277604,
            "children": {
                "TrainerController._reset_env": {
                    "total": 14.312217099999543,
                    "count": 1,
                    "self": 14.312217099999543
                },
                "TrainerController.advance": {
                    "total": 288.18679449972115,
                    "count": 12784,
                    "self": 0.22546760017576162,
                    "children": {
                        "env_step": {
                            "total": 126.55519689967696,
                            "count": 12784,
                            "self": 91.13582469962057,