{
    "name": "root",
    "gauges": {
        "Dodge.Policy.Entropy.mean": {
            "value": 1.449695348739624,
            "min": 1.4189382791519165,
            "max": 1.451827883720398,
            "count": 100
        },
        "Dodge.Policy.Entropy.sum": {
            "value": 14195.4169921875,
            "min": 13982.326171875,
            "max": 15222.37109375,
            "count": 100
        },
        "Dodge.Environment.EpisodeLength.mean": {
            "value": 366.42857142857144,
            "min": 145.97619047619048,
            "max": 366.42857142857144,
            "count": 100
        },
        "Dodge.Environment.EpisodeLength.sum": {
            "value": 10260.0,
            "min": 6131.0,
            "max": 12141.0,
            "count": 100
        },
        "Dodge.Step.mean": {
            "value": 999958.0,
            "min": 9949.0,
            "max": 999958.0,
            "count": 100
        },
        "Dodge.Step.sum": {
            "value": 999958.0,
            "min": 9949.0,
            "max": 999958.0,
            "count": 100
        },
        "Dodge.Policy.ExtrinsicValueEstimate.mean": {
            "value": 0.14914970099925995,
            "min": 0.14827010035514832,
            "max": 0.4818457067012787,
            "count": 100
        },
        "Dodge.Policy.ExtrinsicValueEstimate.sum": {
            "value": 24.90799903869629,
            "min": 24.90799903869629,
            "max": 90.10514831542969,
            "count": 100
        },
        "Dodge.Policy.CuriosityValueEstimate.mean": {
            "value": 0.05384304001927376,
            "min": 0.05384304001927376,
            "max": 0.2976171374320984,
            "count": 100
        },
        "Dodge.Policy.CuriosityValueEstimate.sum": {
            "value": 8.991787910461426,
            "min": 8.991787910461426,
            "max": 53.49717712402344,
            "count": 100
        },
        "Dodge.Environment.CumulativeReward.mean": {
            "value": 0.7333571717276105,
            "min": 0.29195239164844333,
            "max": 0.7333571717276105,
            "count": 100
        },
        "Dodge.Environment.CumulativeReward.sum": {
            "value": 20.534000808373094,
            "min": 12.26200044923462,
            "max": 24.302000917494297,
            "count": 100
        },
        "Dodge.Policy.ExtrinsicReward.mean": {
            "value": 0.7333571717276105,
            "min": 0.29195239164844333,
            "max": 0.7333571717276105,
            "count": 100
        },
        "Dodge.Policy.ExtrinsicReward.sum": {
            "value": 20.534000808373094,
            "min": 12.26200044923462,
            "max": 24.302000917494297,
            "count": 100
        },
        "Dodge.Policy.CuriosityReward.mean": {
            "value": 0.02938168497530569,
            "min": 0.0,
            "max": 0.1321178840271215,
            "count": 100
        },
        "Dodge.Policy.CuriosityReward.sum": {
            "value": 0.8226871793085593,
            "min": 0.0,
            "max": 7.002247853437439,
            "count": 100
        },
        "Dodge.IsTraining.mean": {
            "value": 1.0,
            "min": 1.0,
            "max": 1.0,
            "count": 100
        },
        "Dodge.IsTraining.sum": {
            "value": 1.0,
            "min": 1.0,
            "max": 1.0,
            "count": 100
        },
        "Dodge.Losses.PolicyLoss.mean": {
            "value": 0.01147059688034157,
            "min": 0.00942286627056698,
            "max": 0.015778533113189042,
            "count": 24
        },
        "Dodge.Losses.PolicyLoss.sum": {
            "value": 0.01147059688034157,
            "min": 0.00942286627056698,
            "max": 0.015778533113189042,
            "count": 24
        },
        "Dodge.Losses.ValueLoss.mean": {
            "value": 0.00023602569490321912,
            "min": 0.00023020615699351766,
            "max": 0.023282720303783814,
            "count": 24
        },
        "Dodge.Losses.ValueLoss.sum": {
            "value": 0.00023602569490321912,
            "min": 0.00023020615699351766,
            "max": 0.023282720303783814,
            "count": 24
        },
        "Dodge.Policy.LearningRate.mean": {
            "value": 4.846898384399985e-06,
            "min": 4.846898384399985e-06,
            "max": 0.00028769430410190003,
            "count": 24
        },
        "Dodge.Policy.LearningRate.sum": {
            "value": 4.846898384399985e-06,
            "min": 4.846898384399985e-06,
            "max": 0.00028769430410190003,
            "count": 24
        },
        "Dodge.Policy.Epsilon.mean": {
            "value": 0.10161559999999999,
            "min": 0.10161559999999999,
            "max": 0.19589810000000005,
            "count": 24
        },
        "Dodge.Policy.Epsilon.sum": {
            "value": 0.10161559999999999,
            "min": 0.10161559999999999,
            "max": 0.19589810000000005,
            "count": 24
        },
        "Dodge.Policy.Beta.mean": {
            "value": 0.005000000000000001,
            "min": 0.005000000000000001,
            "max": 0.005000000000000001,
            "count": 24
        },
        "Dodge.Policy.Beta.sum": {
            "value": 0.005000000000000001,
            "min": 0.005000000000000001,
            "max": 0.005000000000000001,
            "count": 24
        },
        "Dodge.Losses.CuriosityForwardLoss.mean": {
            "value": 0.00836346581733475,
            "min": 0.007202182547189295,
            "max": 0.6249172871311506,
            "count": 24
        },
        "Dodge.Losses.CuriosityForwardLoss.sum": {
            "value": 0.00836346581733475,
            "min": 0.007202182547189295,
            "max": 0.6249172871311506,
            "count": 24
        },
        "Dodge.Losses.CuriosityInverseLoss.mean": {
            "value": 2.1254018465677897,
            "min": 2.0098140199979144,
            "max": 2.1496588508288066,
            "count": 24
        },
        "Dodge.Losses.CuriosityInverseLoss.sum": {
            "value": 2.1254018465677897,
            "min": 2.0098140199979144,
            "max": 2.1496588508288066,
            "count": 24
        }
    },
    "metadata": {
        "timer_format_version": "0.1.0",
        "start_time_seconds": "1709498846",
        "python_version": "3.10.12 | packaged by Anaconda, Inc. | (main, Jul  5 2023, 19:01:18) [MSC v.1916 64 bit (AMD64)]",
        "command_line_arguments": "C:\\Users\\sjasr\\anaconda3\\envs\\mlagents\\Scripts\\mlagents-learn config/dodge_config.yaml --run-id=dodge_63",
        "mlagents_version": "1.0.0",
        "mlagents_envs_version": "1.0.0",
        "communication_protocol_version": "1.5.0",
        "pytorch_version": "1.13.1+cu117",
        "numpy_version": "1.23.1",
        "end_time_seconds": "1709500031"
    },
    "total": 1184.4533869999977,
    "count": 1,
    "self": 0.010055099999590311,
    "children": {
        "run_training.setup": {
            "total": 0.08952409999983502,
            "count": 1,
            "self": 0.08952409999983502
        },
        "TrainerController.start_learning": {
            "total": 1184.3538077999983,
            "count": 1,
            "self": 0.8040479999763193,
            "children": {
                "TrainerController._reset_env": {
                    "total": 10.601824000001216,
                    "count": 1,
                    "self": 10.601824000001216
                },
                "TrainerController.advance": {
                    "total": 1172.754085900022,
                    "count": 41689,
                    "self": 0.6429684990616806,
                    "children": {
                        "env_step": {
                            "total": 368.82308970041777,
                            "count": 41689,
                            "self": 260.2971853008348,