{
    "name": "root",
    "gauges": {
        "Mage.Policy.Entropy.mean": {
            "value": 3.216339111328125,
            "min": 3.209609270095825,
            "max": 3.2251853942871094,
            "count": 86
        },
        "Mage.Policy.Entropy.sum": {
            "value": 33424.1953125,
            "min": 26652.595703125,
            "max": 38580.4921875,
            "count": 86
        },
        "Mage.Step.mean": {
            "value": 859947.0,
            "min": 9804.0,
            "max": 859947.0,
            "count": 86
        },
        "Mage.Step.sum": {
            "value": 859947.0,
            "min": 9804.0,
            "max": 859947.0,
            "count": 86
        },
        "Mage.Policy.ExtrinsicValueEstimate.mean": {
            "value": 0.020680611953139305,
            "min": -0.0574670135974884,
            "max": 0.024069588631391525,
            "count": 86
        },
        "Mage.Policy.ExtrinsicValueEstimate.sum": {
            "value": 0.889266312122345,
            "min": -2.356147527694702,
            "max": 1.0142182111740112,
            "count": 86
        },
        "Mage.Policy.CuriosityValueEstimate.mean": {
            "value": -0.0005794070893898606,
            "min": -0.1188068762421608,
            "max": 0.0010522535303607583,
            "count": 86
        },
        "Mage.Policy.CuriosityValueEstimate.sum": {
            "value": -0.02491450496017933,
            "min": -4.989888668060303,
            "max": 0.04314239323139191,
            "count": 86
        },
        "Mage.Environment.EpisodeLength.mean": {
            "value": 408.92,
            "min": 136.0,
            "max": 499.0,
            "count": 86
        },
        "Mage.Environment.EpisodeLength.sum": {
            "value": 10223.0,
            "min": 408.0,
            "max": 12262.0,
            "count": 86
        },
        "Mage.Environment.CumulativeReward.mean": {
            "value": 0.2916666666666667,
            "min": 0.0,
            "max": 0.2916666666666667,
            "count": 86
        },
        "Mage.Environment.CumulativeReward.sum": {
            "value": 7.0,
            "min": 0.0,
            "max": 7.0,
            "count": 86
        },
        "Mage.Policy.ExtrinsicReward.mean": {
            "value": 0.2916666666666667,
            "min": 0.0,
            "max": 0.2916666666666667,
            "count": 86
        },
        "Mage.Policy.ExtrinsicReward.sum": {
            "value": 7.0,
            "min": 0.0,
            "max": 7.0,
            "count": 86
        },
        "Mage.Policy.CuriosityReward.mean": {
            "value": 0.005439712297326575,
            "min": 0.0,
            "max": 0.16468901954153004,
            "count": 86
        },
        "Mage.Policy.CuriosityReward.sum": {
            "value": 0.1305530951358378,
            "min": 0.0,
            "max": 3.453656554222107,
            "count": 86
        },
        "Mage.IsTraining.mean": {
            "value": 1.0,
            "min": 1.0,
            "max": 1.0,
            "count": 86
        },
        "Mage.IsTraining.sum": {
            "value": 1.0,
            "min": 1.0,
            "max": 1.0,
            "count": 86
        },
        "Mage.Losses.PolicyLoss.mean": {
            "value": 0.012068795137262592,
            "min": 0.009420110128606515,
            "max": 0.014467980666086077,
            "count": 20
        },
        "Mage.Losses.PolicyLoss.sum": {
            "value": 0.012068795137262592,
            "min": 0.009420110128606515,
            "max": 0.014467980666086077,
            "count": 20
        },
        "Mage.Losses.ValueLoss.mean": {
            "value": 0.0009539204484705503,
            "min": 0.000353257279493846,
            "max": 0.0030434579976523915,
            "count": 20
        },
        "Mage.Losses.ValueLoss.sum": {
            "value": 0.0009539204484705503,
            "min": 0.000353257279493846,
            "max": 0.0030434579976523915,
            "count": 20
        },
        "Mage.Policy.LearningRate.mean": {
            "value": 5.267708244100002e-05,
            "min": 5.267708244100002e-05,
            "max": 0.0002876061041313,
            "count": 20
        },
        "Mage.Policy.LearningRate.sum": {
            "value": 5.267708244100002e-05,
            "min": 5.267708244100002e-05,
            "max": 0.0002876061041313,
            "count": 20
        },
        "Mage.Policy.Epsilon.mean": {
            "value": 0.117559,
            "min": 0.117559,
            "max": 0.19586870000000003,
            "count": 20
        },
        "Mage.Policy.Epsilon.sum": {
            "value": 0.117559,
            "min": 0.117559,
            "max": 0.19586870000000003,
            "count": 20
        },
        "Mage.Policy.Beta.mean": {
            "value": 0.005000000000000001,
            "min": 0.005000000000000001,
            "max": 0.005000000000000001,
            "count": 20
        },
        "Mage.Policy.Beta.sum": {
            "value": 0.005000000000000001,
            "min": 0.005000000000000001,
            "max": 0.005000000000000001,
            "count": 20
        },
        "Mage.Losses.CuriosityForwardLoss.mean": {
            "value": 0.012724805778513351,
            "min": 0.012724805778513351,
            "max": 0.7569533675909043,
            "count": 20
        },
        "Mage.Losses.CuriosityForwardLoss.sum": {
            "value": 0.012724805778513351,
            "min": 0.012724805778513351,
            "max": 0.7569533675909043,
            "count": 20
        },
        "Mage.Losses.CuriosityInverseLoss.mean": {
            "value": 3.8787710189819338,
            "min": 3.7966929276784263,
            "max": 3.882919605573018,
            "count": 20
        },
        "Mage.Losses.CuriosityInverseLoss.sum": {
            "value": 3.8787710189819338,
            "min": 3.7966929276784263,
            "max": 3.882919605573018,
            "count": 20
        }
    },
    "metadata": {
        "timer_format_version": "0.1.0",
        "start_time_seconds": "1710179221",
        "python_version": "3.10.12 | packaged by Anaconda, Inc. | (main, Jul  5 2023, 19:01:18) [MSC v.1916 64 bit (AMD64)]",
        "command_line_arguments": "C:\\Users\\sjasr\\anaconda3\\envs\\mlagents\\Scripts\\mlagents-learn config/mage_config.yaml --run-id=mage_ability1_02 --time-scale=1",
        "mlagents_version": "1.0.0",
        "mlagents_envs_version": "1.0.0",
        "communication_protocol_version": "1.5.0",
        "pytorch_version": "1.13.1+cu117",
        "numpy_version": "1.23.1",
        "end_time_seconds": "1710180039"
    },
    "total": 818.0235689000001,
    "count": 1,
    "self": 0.009245600000213017,
    "children": {
        "run_training.setup": {
            "total": 0.08735119999982999,
            "count": 1,
            "self": 0.08735119999982999
        },
        "TrainerController.start_learning": {
            "total": 817.9269721000001,
            "count": 1,
            "self": 0.8101888999990479,
            "children": {
                "TrainerController._reset_env": {
                    "total": 32.592369599999074,
                    "count": 1,
                    "self": 32.592369599999074
                },
                "TrainerController.advance": {
                    "total": 784.3967256000033,
                    "count": 36059,
                    "self": 0.7132342999193497,
                    "children": {
                        "env_step": {
                            "total": 510.1584129000439,
                            "count": 36059,
                            "self": 405.13804500013975,
                            "children": {
                                "SubprocessEnvManager._take_step": {
                                    "total": 104.50044109986266,
                                    "count": 36059,
                                    "self": 2.1979492000536993,