{
    "name": "root",
    "gauges": {
        "Mage.Policy.Entropy.mean": {
            "value": 2.549168348312378,
            "min": 2.469691038131714,
            "max": 2.5519752502441406,
            "count": 200
        },
        "Mage.Policy.Entropy.sum": {
            "value": 50412.3515625,
            "min": 47541.234375,
            "max": 54721.76953125,
            "count": 200
        },
        "Mage.Step.mean": {
            "value": 1999987.0,
            "min": 9983.0,
            "max": 1999987.0,
            "count": 200
        },
        "Mage.Step.sum": {
            "value": 1999987.0,
            "min": 9983.0,
            "max": 1999987.0,
            "count": 200
        },
        "Mage.Policy.ExtrinsicValueEstimate.mean": {
            "value": 0.07774730026721954,
            "min": -0.3754550814628601,
            "max": 0.08919914066791534,
            "count": 200
        },
        "Mage.Policy.ExtrinsicValueEstimate.sum": {
            "value": 15.938196182250977,
            "min": -74.71556091308594,
            "max": 17.839828491210938,
            "count": 200
        },
        "Mage.Environment.EpisodeLength.mean": {
            "value": 149.14705882352942,
            "min": 140.94366197183098,
            "max": 199.0,
            "count": 200
        },
        "Mage.Environment.EpisodeLength.sum": {
            "value": 20284.0,
            "min": 16794.0,
            "max": 21948.0,
            "count": 200
        },
        "Mage.Environment.CumulativeReward.mean": {
            "value": 0.036126882296555966,
            "min": -0.17588280151539948,
            "max": 0.29090000419792805,
            "count": 200
        },
        "Mage.Environment.CumulativeReward.sum": {
            "value": 2.42050111386925,
            "min": -11.256499296985567,
            "max": 18.18950089951977,
            "count": 200
        },
        "Mage.Policy.ExtrinsicReward.mean": {
            "value": 0.036126882296555966,
            "min": -0.17588280151539948,
            "max": 0.29090000419792805,
            "count": 200
        },
        "Mage.Policy.ExtrinsicReward.sum": {
            "value": 2.42050111386925,
            "min": -11.256499296985567,
            "max": 18.18950089951977,
            "count": 200
        },
        "Mage.Self-play.ELO.mean": {
            "value": 1254.2192384022853,
            "min": 1195.286845405641,
            "max": 1254.2192384022853,
            "count": 197
        },
        "Mage.Self-play.ELO.sum": {
            "value": 41389.234867275416,
            "min": 1197.0385413600131,
            "max": 41389.234867275416,
            "count": 197
        },
        "Mage.IsTraining.mean": {
            "value": 1.0,
            "min": 1.0,
            "max": 1.0,
            "count": 200
        },
        "Mage.IsTraining.sum": {
            "value": 1.0,
            "min": 1.0,
            "max": 1.0,
            "count": 200
        },
        "Mage.Losses.PolicyLoss.mean": {
            "value": 0.018052007386722836,
            "min": 0.012669285114679952,
            "max": 0.021584346011513843,
            "count": 97
        },
        "Mage.Losses.PolicyLoss.sum": {
            "value": 0.018052007386722836,
            "min": 0.012669285114679952,
            "max": 0.021584346011513843,
            "count": 97
        },
        "Mage.Losses.ValueLoss.mean": {
            "value": 0.02813100265339017,
            "min": 0.0008351150216185487,
            "max": 0.05055352300405502,
            "count": 97
        },
        "Mage.Losses.ValueLoss.sum": {
            "value": 0.02813100265339017,
            "min": 0.0008351150216185487,
            "max": 0.05055352300405502,
            "count": 97
        },
        "Mage.Policy.LearningRate.mean": {
            "value": 2.8149990649990582e-08,
            "min": 2.8149990649990582e-08,
            "max": 0.0002968566010478,
            "count": 97
        },
        "Mage.Policy.LearningRate.sum": {
            "value": 2.8149990649990582e-08,
            "min": 2.8149990649990582e-08,
            "max": 0.0002968566010478,
            "count": 97
        },
        "Mage.Policy.Epsilon.mean": {
            "value": 0.10000935,
            "min": 0.10000935,
            "max": 0.19895220000000002,
            "count": 97
        },
        "Mage.Policy.Epsilon.sum": {
            "value": 0.10000935,
            "min": 0.10000935,
            "max": 0.19895220000000002,
            "count": 97
        },
        "Mage.Policy.Beta.mean": {
            "value": 0.005,
            "min": 0.005,
            "max": 0.005,
            "count": 97
        },
        "Mage.Policy.Beta.sum": {
            "value": 0.005,
            "min": 0.005,
            "max": 0.005,
            "count": 97
        }
    },
    "metadata": {
        "timer_format_version": "0.1.0",
        "start_time_seconds": "1710676415",
        "python_version": "3.10.12 | packaged by Anaconda, Inc. | (main, Jul  5 2023, 19:01:18) [MSC v.1916 64 bit (AMD64)]",
        "command_line_arguments": "C:\\Users\\sjasr\\anaconda3\\envs\\mlagents\\Scripts\\mlagents-learn config/mage_config.yaml --run-id=mage_self_play_relative_bullet_02 --time-scale=1",
        "mlagents_version": "1.0.0",
        "mlagents_envs_version": "1.0.0",
        "communication_protocol_version": "1.5.0",
        "pytorch_version": "1.13.1+cu117",
        "numpy_version": "1.23.1",
        "end_time_seconds": "1710679963"
    },
    "total": 3548.7428959999997,
    "count": 1,
    "self": 0.07091289999971195,
    "children": {
        "run_training.setup": {
            "total": 0.0916280999999799,
            "count": 1,
            "self": 0.0916280999999799
        },
        "TrainerController.start_learning": {
            "total": 3548.580355,
            "count": 1,
            "self": 2.771354300060466,
            "children": {
                "TrainerController._reset_env": {
                    "total": 34.15254169999935,
                    "count": 20,
                    "self": 34.15254169999935
                },
                "TrainerController.advance": {
                    "total": 3511.1410808999403,
                    "count": 125569,
                    "self": 2.2508012000735107,
                    "children": {
                        "env_step": {
                            "total": 2625.823768199953,
                            "count": 125569,
                            "self": 1729.4642558998937,
                            "children": {
                                "SubprocessEnvManager._take_step": {
                                    "total": 894.55317730003,
                                    "count": 125569,
                                    "self": 12.94006370003433,
                                    "children": {
                                        "TorchPolicy.evaluate": {
                                            "total": 881.6131135999957,
                                            "count": 251138,
                                            "self": 881.6131135999957
                                        }
                                    }
                                },
                                "workers": {
                                    "total": 1.8063350000293212,
                                    "count": 125569,
                                    "self": 0.0,
                                    "children": {
                                        "worker_root": {
                                            "total": 3513.163063299995,
                                            "count": 125569,
                                            "is_parallel": true,
                                            "self": 2050.6176309999228,