{
    "name": "root",
    "gauges": {
        "Bullet.Policy.Entropy.mean": {
            "value": 1.5247458219528198,
            "min": 1.4792379140853882,
            "max": 1.6487175226211548,
            "count": 200
        },
        "Bullet.Policy.Entropy.sum": {
            "value": 15064.48828125,
            "min": 14703.625,
            "max": 16487.240234375,
            "count": 200
        },
        "Bullet.Step.mean": {
            "value": 1999980.0,
            "min": 9968.0,
            "max": 1999980.0,
            "count": 200
        },
        "Bullet.Step.sum": {
            "value": 1999980.0,
            "min": 9968.0,
            "max": 1999980.0,
            "count": 200
        },
        "Bullet.Policy.ExtrinsicValueEstimate.mean": {
            "value": 0.1751810759305954,
            "min": -0.1314563751220703,
            "max": 0.3307456076145172,
            "count": 200
        },
        "Bullet.Policy.ExtrinsicValueEstimate.sum": {
            "value": 58.160118103027344,
            "min": -41.54021453857422,
            "max": 111.46126556396484,
            "count": 200
        },
        "Bullet.Environment.EpisodeLength.mean": {
            "value": 278.38461538461536,
            "min": 152.85365853658536,
            "max": 772.6666666666666,
            "count": 200
        },
        "Bullet.Environment.EpisodeLength.sum": {
            "value": 10857.0,
            "min": 2244.0,
            "max": 15202.0,
            "count": 200
        },
        "Bullet.Environment.CumulativeReward.mean": {
            "value": 0.6036922873881383,
            "min": -0.23588900242207778,
            "max": 1.0475552923356493,
            "count": 200
        },
        "Bullet.Environment.CumulativeReward.sum": {
            "value": 23.543999208137393,
            "min": -4.2460020435974,
            "max": 37.3273349176161,
            "count": 200
        },
        "Bullet.Policy.ExtrinsicReward.mean": {
            "value": 0.6036922873881383,
            "min": -0.23588900242207778,
            "max": 1.0475552923356493,
            "count": 200
        },
        "Bullet.Policy.ExtrinsicReward.sum": {
            "value": 23.543999208137393,
            "min": -4.2460020435974,
            "max": 37.3273349176161,
            "count": 200
        },
        "Bullet.Losses.PolicyLoss.mean": {
            "value": 0.027771295775892213,
            "min": 0.014134999921225244,
            "max": 0.0350131793335701,
            "count": 200
        },
        "Bullet.Losses.PolicyLoss.sum": {
            "value": 0.027771295775892213,
            "min": 0.014134999921225244,
            "max": 0.05709036677581025,
            "count": 200
        },
        "Bullet.Losses.ValueLoss.mean": {
            "value": 0.016669174889102578,
            "min": 0.004165261013743778,
            "max": 0.027198720490559936,
            "count": 200
        },
        "Bullet.Losses.ValueLoss.sum": {
            "value": 0.016669174889102578,
            "min": 0.004165261013743778,
            "max": 0.03934008616488427,
            "count": 200
        },
        "Bullet.Policy.LearningRate.mean": {
            "value": 3.401498866500029e-07,
            "min": 3.401498866500029e-07,
            "max": 0.0002987688004104,
            "count": 200
        },
        "Bullet.Policy.LearningRate.sum": {
            "value": 3.401498866500029e-07,
            "min": 3.401498866500029e-07,
            "max": 0.0005864463045179,
            "count": 200
        },
        "Bullet.Policy.Epsilon.mean": {
            "value": 0.10011335,
            "min": 0.10011335,
            "max": 0.1995896,
            "count": 200
        },
        "Bullet.Policy.Epsilon.sum": {
            "value": 0.10011335,
            "min": 0.10011335,
            "max": 0.39548210000000006,
            "count": 200
        },
        "Bullet.Policy.Beta.mean": {
            "value": 0.005,
            "min": 0.005,
            "max": 0.005,
            "count": 200
        },
        "Bullet.Policy.Beta.sum": {
            "value": 0.005,
            "min": 0.005,
            "max": 0.01,
            "count": 200
        },
        "Bullet.IsTraining.mean": {
            "value": 1.0,
            "min": 1.0,
            "max": 1.0,
            "count": 200
        },
        "Bullet.IsTraining.sum": {
            "value": 1.0,
            "min": 1.0,
            "max": 1.0,
            "count": 200
        }
    },
    "metadata": {
        "timer_format_version": "0.1.0",
        "start_time_seconds": "1711386339",
        "python_version": "3.10.12 | packaged by Anaconda, Inc. | (main, Jul  5 2023, 19:01:18) [MSC v.1916 64 bit (AMD64)]",
        "command_line_arguments": "C:\\Users\\sjasr\\anaconda3\\envs\\mlagents\\Scripts\\mlagents-learn config/bullet_config.yaml --run-id=bullet_arena_final_general_05 --initialize-from=bullet_arena_final_general_03_self_play_01 --time-scale=1",
        "mlagents_version": "1.0.0",
        "mlagents_envs_version": "1.0.0",
        "communication_protocol_version": "1.5.0",
        "pytorch_version": "1.13.1+cu117",
        "numpy_version": "1.23.1",
        "end_time_seconds": "1711388999"
    },
    "total": 2659.360625600002,
    "count": 1,
    "self": 0.008996700002171565,
    "children": {
        "run_training.setup": {
            "total": 0.08984749999945052,
            "count": 1,
            "self": 0.08984749999945052
        },
        "TrainerController.start_learning": {
            "total": 2659.2617814000005,
            "count": 1,
            "self": 2.3693226010145736,
            "children": {
                "TrainerController._reset_env": {
                    "total": 23.585863500000414,
                    "count": 1,
                    "self": 23.585863500000414
                },
                "TrainerController.advance": {
                    "total": 2633.0450923989847,
                    "count": 100027,
                    "self": 2.035350598860532,
                    "children": {
                        "env_step": {
                            "total": 1619.5777092001845,
                            "count": 100027,
                            "self": 1235.6921318001805,
                            "children": {
                                "SubprocessEnvManager._take_step": {
                                    "total": 382.39061980039696,
                                    "count": 100028,
                                    "self": 6.580383699947561,
                                    "children": {
                                        "TorchPolicy.evaluate": {
                                            "total": 375.8102361004494,
                                            "count": 100028,
                                            "self": 375.8102361004494
                                        }
                                    }
                                },
                                "workers": {
                                    "total": 1.4949575996070052,
                                    "count": 100027,
                                    "self": 0.0,
                                    "children": {
                                        "worker_root": {
                                            "total": 2619.937774899434,
                                            "count": 100027,
                                            "is_parallel": true,
                                            "self": 1565.2320741992662,
                                            "children": {
                                                "steps_from_proto": {
                                                    "total": 0.004014999998616986,
                                                    "count": 2,
                                                    "is_parallel": true,