{
    "name": "root",
    "gauges": {
        "Dodge.Policy.Entropy.mean": {
            "value": 1.5954676866531372,
            "min": 1.5595918893814087,
            "max": 2.186339855194092,
            "count": 70
        },
        "Dodge.Policy.Entropy.sum": {
            "value": 16005.7314453125,
            "min": 15533.53515625,
            "max": 22615.5,
            "count": 70
        },
        "Dodge.Environment.EpisodeLength.mean": {
            "value": 135.84415584415584,
            "min": 84.90526315789474,
            "max": 174.9298245614035,
            "count": 70
        },
        "Dodge.Environment.EpisodeLength.sum": {
            "value": 10460.0,
            "min": 8066.0,
            "max": 11016.0,
            "count": 70
        },
        "Dodge.Step.mean": {
            "value": 699989.0,
            "min": 9985.0,
            "max": 699989.0,
            "count": 70
        },
        "Dodge.Step.sum": {
            "value": 699989.0,
            "min": 9985.0,
            "max": 699989.0,
            "count": 70
        },
        "Dodge.Policy.ExtrinsicValueEstimate.mean": {
            "value": 1.3907822370529175,
            "min": -0.13088776171207428,
            "max": 1.762406587600708,
            "count": 70
        },
        "Dodge.Policy.ExtrinsicValueEstimate.sum": {
            "value": 478.4290771484375,
            "min": -47.11959457397461,
            "max": 590.4061889648438,
            "count": 70
        },
        "Dodge.Policy.CuriosityValueEstimate.mean": {
            "value": 0.008835641667246819,
            "min": -0.16218526661396027,
            "max": 0.03362341225147247,
            "count": 70
        },
        "Dodge.Policy.CuriosityValueEstimate.sum": {
            "value": 3.0394606590270996,
            "min": -57.575767517089844,
            "max": 11.936311721801758,
            "count": 70
        },
        "Dodge.Environment.CumulativeReward.mean": {
            "value": 1.7390909134107944,
            "min": 0.5503158031864778,
            "max": 2.876877197685341,
            "count": 70
        },
        "Dodge.Environment.CumulativeReward.sum": {
            "value": 133.91000033263117,
            "min": 52.28000130271539,
            "max": 163.98200026806444,
            "count": 70
        },
        "Dodge.Policy.ExtrinsicReward.mean": {
            "value": 1.7390909134107944,
            "min": 0.5503158031864778,
            "max": 2.876877197685341,
            "count": 70
        },
        "Dodge.Policy.ExtrinsicReward.sum": {
            "value": 133.91000033263117,
            "min": 52.28000130271539,
            "max": 163.98200026806444,
            "count": 70
        },
        "Dodge.Policy.CuriosityReward.mean": {
            "value": 0.002615444099473126,
            "min": 0.0014596702409231841,
            "max": 0.011668797883076447,
            "count": 70
        },
        "Dodge.Policy.CuriosityReward.sum": {
            "value": 0.2013891956594307,
            "min": 0.1284509812012402,
            "max": 1.1085357988922624,
            "count": 70
        },
        "Dodge.Losses.PolicyLoss.mean": {
            "value": 0.04045421170303598,
            "min": 0.025785204440277692,
            "max": 0.049621430497306086,
            "count": 70
        },
        "Dodge.Losses.PolicyLoss.sum": {
            "value": 0.08090842340607196,
            "min": 0.051570408880555384,
            "max": 0.12299956241622567,
            "count": 70
        },
        "Dodge.Losses.ValueLoss.mean": {
            "value": 0.1786651996274789,
            "min": 0.03901379867844904,
            "max": 0.20509148596061602,
            "count": 70
        },
        "Dodge.Losses.ValueLoss.sum": {
            "value": 0.3573303992549578,
            "min": 0.07802759735689808,
            "max": 0.6152744578818481,
            "count": 70
        },
        "Dodge.Policy.LearningRate.mean": {
            "value": 9.17529694157e-05,
            "min": 9.17529694157e-05,
            "max": 0.00029814885061705,
            "count": 70
        },
        "Dodge.Policy.LearningRate.sum": {
            "value": 0.0001835059388314,
            "min": 0.0001835059388314,
            "max": 0.0008777343074218999,
            "count": 70
        },
        "Dodge.Policy.Epsilon.mean": {
            "value": 0.13058430000000001,
            "min": 0.13058430000000001,
            "max": 0.19938295,
            "count": 70
        },
        "Dodge.Policy.Epsilon.sum": {
            "value": 0.26116860000000003,
            "min": 0.26116860000000003,
            "max": 0.5925781,
            "count": 70
        },
        "Dodge.Policy.Beta.mean": {
            "value": 0.005,
            "min": 0.005,
            "max": 0.005,
            "count": 70
        },
        "Dodge.Policy.Beta.sum": {
            "value": 0.01,
            "min": 0.01,
            "max": 0.015,
            "count": 70
        },
        "Dodge.Losses.CuriosityForwardLoss.mean": {
            "value": 0.017964049164826672,
            "min": 0.014004111897924708,
            "max": 0.664662514658024,
            "count": 70
        },
        "Dodge.Losses.CuriosityForwardLoss.sum": {
            "value": 0.035928098329653345,
            "min": 0.029055199158998825,
            "max": 1.329325029316048,
            "count": 70
        },
        "Dodge.Losses.CuriosityInverseLoss.mean": {
            "value": 1.5447646751999855,
            "min": 1.5447646751999855,
            "max": 2.192013045152028,
            "count": 70
        },
        "Dodge.Losses.CuriosityInverseLoss.sum": {
            "value": 3.089529350399971,
            "min": 3.089529350399971,
            "max": 6.4685447216033936,
            "count": 70
        },
        "Dodge.IsTraining.mean": {
            "value": 1.0,
            "min": 1.0,
            "max": 1.0,
            "count": 70
        },
        "Dodge.IsTraining.sum": {
            "value": 1.0,
            "min": 1.0,
            "max": 1.0,
            "count": 70
        }
    },
    "metadata": {
        "timer_format_version": "0.1.0",
        "start_time_seconds": "1709486790",
        "python_version": "3.10.12 | packaged by Anaconda, Inc. | (main, Jul  5 2023, 19:01:18) [MSC v.1916 64 bit (AMD64)]",
        "command_line_arguments": "C:\\Users\\sjasr\\anaconda3\\envs\\mlagents\\Scripts\\mlagents-learn config/dodge_config.yaml --run-id=dodge_discrete_17",
        "mlagents_version": "1.0.0",
        "mlagents_envs_version": "1.0.0",
        "communication_protocol_version": "1.5.0",
        "pytorch_version": "1.13.1+cu117",
        "numpy_version": "1.23.1",
        "end_time_seconds": "1709487730"
    },
    "total": 940.3268735000001,
    "count": 1,
    "self": 0.008793999999397784,
    "children": {
        "run_training.setup": {
            "total": 0.09930510000049253,
            "count": 1,
            "self": 0.09930510000049253
        },
        "TrainerController.start_learning": {
            "total": 940.2187744000003,
            "count": 1,
            "self": 0.775730400097018,
            "children": {
                "TrainerController._reset_env": {
                    "total": 7.52169959999992,
                    "count": 1,
                    "self": 7.52169959999992
                },
                "TrainerController.advance": {
                    "total": 931.6631297999029,
                    "count": 31955,
                    "self": 0.577407999560819,
                    "children": {
                        "env_step": {
                            "total": 347.47521510026127,
                            "count": 31955,
                            "self": 239.5726982003689,
                            "children": {
                                "SubprocessEnvManager._take_step": {
                                    "total": 107.47458139993614,