{
    "name": "root",
    "gauges": {
        "Dodge.Policy.Entropy.mean": {
            "value": 1.3998184204101562,
            "min": 1.398231029510498,
            "max": 1.4189382791519165,
            "count": 51
        },
        "Dodge.Policy.Entropy.sum": {
            "value": 14143.765625,
            "min": 13469.8828125,
            "max": 15801.296875,
            "count": 51
        },
        "Dodge.Environment.EpisodeLength.mean": {
            "value": 186.45283018867926,
            "min": 77.140625,
            "max": 199.0,
            "count": 51
        },
        "Dodge.Environment.EpisodeLength.sum": {
            "value": 9882.0,
            "min": 9083.0,
            "max": 10645.0,
            "count": 51
        },
        "Dodge.Step.mean": {
            "value": 509971.0,
            "min": 9977.0,
            "max": 509971.0,
            "count": 51
        },
        "Dodge.Step.sum": {
            "value": 509971.0,
            "min": 9977.0,
            "max": 509971.0,
            "count": 51
        },
        "Dodge.Policy.ExtrinsicValueEstimate.mean": {
            "value": 0.18472084403038025,
            "min": -0.19092172384262085,
            "max": 0.2586904466152191,
            "count": 51
        },
        "Dodge.Policy.ExtrinsicValueEstimate.sum": {
            "value": 36.94416809082031,
            "min": -38.375267028808594,
            "max": 51.99678039550781,
            "count": 51
        },
        "Dodge.Environment.CumulativeReward.mean": {
            "value": 0.8113207547169812,
            "min": 0.046511627906976744,
            "max": 1.0,
            "count": 51
        },
        "Dodge.Environment.CumulativeReward.sum": {
            "value": 43.0,
            "min": 6.0,
            "max": 51.0,
            "count": 51
        },
        "Dodge.Policy.ExtrinsicReward.mean": {
            "value": 0.8113207547169812,
            "min": 0.046511627906976744,
            "max": 1.0,
            "count": 51
        },
        "Dodge.Policy.ExtrinsicReward.sum": {
            "value": 43.0,
            "min": 6.0,
            "max": 51.0,
            "count": 51
        },
        "Dodge.IsTraining.mean": {
            "value": 1.0,
            "min": 1.0,
            "max": 1.0,
            "count": 51
        },
        "Dodge.IsTraining.sum": {
            "value": 1.0,
            "min": 1.0,
            "max": 1.0,
            "count": 51
        },
        "Dodge.Losses.PolicyLoss.mean": {
            "value": 0.023898680452947265,
            "min": 0.016965318591920315,
            "max": 0.03045069277976398,
            "count": 50
        },
        "Dodge.Losses.PolicyLoss.sum": {
            "value": 0.023898680452947265,
            "min": 0.016965318591920315,
            "max": 0.03045069277976398,
            "count": 50
        },
        "Dodge.Losses.ValueLoss.mean": {
            "value": 0.035018578102743184,
            "min": 0.004451121117367789,
            "max": 0.03830915448014383,
            "count": 50
        },
        "Dodge.Losses.ValueLoss.sum": {
            "value": 0.035018578102743184,
            "min": 0.004451121117367789,
            "max": 0.03830915448014383,
            "count": 50
        },
        "Dodge.Policy.LearningRate.mean": {
            "value": 0.0001492605502465,
            "min": 0.0001492605502465,
            "max": 0.0002968533010489001,
            "count": 50
        },
        "Dodge.Policy.LearningRate.sum": {
            "value": 0.0001492605502465,
            "min": 0.0001492605502465,
            "max": 0.0002968533010489001,
            "count": 50
        },
        "Dodge.Policy.Epsilon.mean": {
            "value": 0.24926050000000005,
            "min": 0.24926050000000005,
            "max": 0.3968533000000001,
            "count": 50
        },
        "Dodge.Policy.Epsilon.sum": {
            "value": 0.24926050000000005,
            "min": 0.24926050000000005,
            "max": 0.3968533000000001,
            "count": 50
        },
        "Dodge.Policy.Beta.mean": {
            "value": 0.005,
            "min": 0.005,
            "max": 0.005000000000000001,
            "count": 50
        },
        "Dodge.Policy.Beta.sum": {
            "value": 0.005,
            "min": 0.005,
            "max": 0.005000000000000001,
            "count": 50
        }
    },
    "metadata": {
        "timer_format_version": "0.1.0",
        "start_time_seconds": "1708909055",
        "python_version": "3.10.12 | packaged by Anaconda, Inc. | (main, Jul  5 2023, 19:01:18) [MSC v.1916 64 bit (AMD64)]",
        "command_line_arguments": "C:\\Users\\sjasr\\anaconda3\\envs\\mlagents\\Scripts\\mlagents-learn config/dodge_config.yaml --run-id=dodge_35",
        "mlagents_version": "1.0.0",
        "mlagents_envs_version": "1.0.0",
        "communication_protocol_version": "1.5.0",
        "pytorch_version": "1.13.1+cu117",
        "numpy_version": "1.23.1",
        "end_time_seconds": "1708909681"
    },
    "total": 625.9817925000025,
    "count": 1,
    "self": 0.006777200003853068,
    "children": {
        "run_training.setup": {
            "total": 0.09179890000086743,
            "count": 1,
            "self": 0.09179890000086743
        },
        "TrainerController.start_learning": {
            "total": 625.8832163999978,
            "count": 1,
            "self": 0.500156300207891,
            "children": {
                "TrainerController._reset_env": {
                    "total": 41.394058400001086,
                    "count": 1,
                    "self": 41.394058400001086
                },
                "TrainerController.advance": {
                    "total": 583.7755091997897,
                    "count": 23942,
                    "self": 0.4014214995113434,
                    "children": {
                        "env_step": {
                            "total": 371.92215400058194,
                            "count": 23942,
                            "self": 313.73405360099423,
                            "children": {
                                "SubprocessEnvManager._take_step": {
                                    "total": 57.88436699911108,
                                    "count": 23942,
                                    "self": 1.428787099343026,
                                    "children": {
                                        "TorchPolicy.evaluate": {
                                            "total": 56.455579899768054,
                                            "count": 21687,
                                            "self": 56.455579899768054
                                        }
                                    }
                                },
                                "workers": {
                                    "total": 0.3037334004766308,
                                    "count": 23941,
                                    "self": 0.0,
                                    "children": {
                                        "worker_root": {
                                            "total": 583.0798254996844,
                                            "count": 23941,
                                            "is_parallel": true,
                                            "self": 305.4495165994231,
                                            "children": {
                                                "steps_from_proto": {
                                                    "total": 0.0006349999966914766,
                                                    "count": 1,
                                                    "is_parallel": true,
                                                    "self": 0.00012799999967683107,