{
    "name": "root",
    "gauges": {
        "Mage.Policy.Entropy.mean": {
            "value": 1.4141031503677368,
            "min": 1.4091503620147705,
            "max": 1.5700236558914185,
            "count": 71
        },
        "Mage.Policy.Entropy.sum": {
            "value": 30940.576171875,
            "min": 27251.943359375,
            "max": 35289.703125,
            "count": 71
        },
        "Mage.Step.mean": {
            "value": 709877.0,
            "min": 9980.0,
            "max": 709877.0,
            "count": 71
        },
        "Mage.Step.sum": {
            "value": 709877.0,
            "min": 9980.0,
            "max": 709877.0,
            "count": 71
        },
        "Mage.Policy.ExtrinsicValueEstimate.mean": {
            "value": -0.00520677026361227,
            "min": -0.019917543977499008,
            "max": 0.017901534214615822,
            "count": 71
        },
        "Mage.Policy.ExtrinsicValueEstimate.sum": {
            "value": -0.4790228605270386,
            "min": -1.8124964237213135,
            "max": 1.6290396451950073,
            "count": 71
        },
        "Mage.Policy.GailValueEstimate.mean": {
            "value": 25.587343215942383,
            "min": 8.994621276855469,
            "max": 39.94594192504883,
            "count": 71
        },
        "Mage.Policy.GailValueEstimate.sum": {
            "value": 2354.03564453125,
            "min": 755.5482177734375,
            "max": 3754.91845703125,
            "count": 71
        },
        "Mage.Environment.EpisodeLength.mean": {
            "value": 277.48387096774195,
            "min": 236.16666666666666,
            "max": 478.8,
            "count": 71
        },
        "Mage.Environment.EpisodeLength.sum": {
            "value": 17204.0,
            "min": 14170.0,
            "max": 23004.0,
            "count": 71
        },
        "Mage.Self-play.ELO.mean": {
            "value": 1130.6904514791083,
            "min": 1130.6904514791083,
            "max": 1195.793911621503,
            "count": 71
        },
        "Mage.Self-play.ELO.sum": {
            "value": 35051.40399585236,
            "min": 23824.335075545583,
            "max": 41287.551159117436,
            "count": 71
        },
        "Mage.Environment.CumulativeReward.mean": {
            "value": 0.005531203234568238,
            "min": -0.8542286079110843,
            "max": 0.7076386982394803,
            "count": 71
        },
        "Mage.Environment.CumulativeReward.sum": {
            "value": 0.17699850350618362,
            "min": -23.918401021510363,
            "max": 21.93679964542389,
            "count": 71
        },
        "Mage.Policy.ExtrinsicReward.mean": {
            "value": 0.005531203234568238,
            "min": -0.8542286079110843,
            "max": 0.7076386982394803,
            "count": 71
        },
        "Mage.Policy.ExtrinsicReward.sum": {
            "value": 0.17699850350618362,
            "min": -23.918401021510363,
            "max": 21.93679964542389,
            "count": 71
        },
        "Mage.Policy.GailReward.mean": {
            "value": 100.89811705611646,
            "min": 100.10440692901611,
            "max": 293.62654583270734,
            "count": 71
        },
        "Mage.Policy.GailReward.sum": {
            "value": 3228.739745795727,
            "min": 2785.1518046855927,
            "max": 7634.290191650391,
            "count": 71
        },
        "Mage.IsTraining.mean": {
            "value": 1.0,
            "min": 1.0,
            "max": 1.0,
            "count": 71
        },
        "Mage.IsTraining.sum": {
            "value": 1.0,
            "min": 1.0,
            "max": 1.0,
            "count": 71
        },
        "Mage.Losses.PolicyLoss.mean": {
            "value": 0.015364248635523835,
            "min": 0.011881683144019916,
            "max": 0.022804834088310598,
            "count": 34
        },
        "Mage.Losses.PolicyLoss.sum": {
            "value": 0.015364248635523835,
            "min": 0.011881683144019916,
            "max": 0.022804834088310598,
            "count": 34
        },
        "Mage.Losses.ValueLoss.mean": {
            "value": 15.243085145950317,
            "min": 3.1190114498138426,
            "max": 26.590515232086183,
            "count": 34
        },
        "Mage.Losses.ValueLoss.sum": {
            "value": 15.243085145950317,
            "min": 3.1190114498138426,
            "max": 26.590515232086183,
            "count": 34
        },
        "Mage.Policy.LearningRate.mean": {
            "value": 0.00019527198490935002,
            "min": 0.00019527198490935002,
            "max": 0.00029692125102625,
            "count": 34
        },
        "Mage.Policy.LearningRate.sum": {
            "value": 0.00019527198490935002,
            "min": 0.00019527198490935002,
            "max": 0.00029692125102625,
            "count": 34
        },
        "Mage.Policy.Epsilon.mean": {
            "value": 0.16509065,
            "min": 0.16509065,
            "max": 0.19897375,
            "count": 34
        },
        "Mage.Policy.Epsilon.sum": {
            "value": 0.16509065,
            "min": 0.16509065,
            "max": 0.19897375,
            "count": 34
        },
        "Mage.Policy.Beta.mean": {
            "value": 0.005,
            "min": 0.005,
            "max": 0.005,
            "count": 34
        },
        "Mage.Policy.Beta.sum": {
            "value": 0.005,
            "min": 0.005,
            "max": 0.005,
            "count": 34
        },
        "Mage.Policy.GAILPolicyEstimate.mean": {
            "value": 0.3051578179001808,
            "min": 0.2828463286161423,
            "max": 0.5210941664874553,
            "count": 34
        },
        "Mage.Policy.GAILPolicyEstimate.sum": {
            "value": 0.3051578179001808,
            "min": 0.2828463286161423,
            "max": 0.5210941664874553,
            "count": 34
        },
        "Mage.Policy.GAILExpertEstimate.mean": {
            "value": 0.6684194505214691,
            "min": 0.5102915830910206,
            "max": 0.6895239040255546,
            "count": 34
        },
        "Mage.Policy.GAILExpertEstimate.sum": {
            "value": 0.6684194505214691,
            "min": 0.5102915830910206,
            "max": 0.6895239040255546,
            "count": 34
        },
        "Mage.Losses.GAILLoss.mean": {
            "value": 0.9470361098647118,
            "min": 0.8728876277804375,
            "max": 1.4584509164094925,
            "count": 34
        },
        "Mage.Losses.GAILLoss.sum": {
            "value": 0.9470361098647118,
            "min": 0.8728876277804375,
            "max": 1.4584509164094925,
            "count": 34
        },
        "Mage.Policy.GAILGradMagLoss.mean": {
            "value": 7.93138747215271,
            "min": 6.167565262317657,
            "max": 8.030713880062104,
            "count": 34
        },
        "Mage.Policy.GAILGradMagLoss.sum": {
            "value": 7.93138747215271,
            "min": 6.167565262317657,
            "max": 8.030713880062104,
            "count": 34
        },
        "Mage.Losses.PretrainingLoss.mean": {
            "value": 0.9632878462473552,
            "min": 0.9632878462473552,
            "max": 1.220382269223531,
            "count": 34
        },
        "Mage.Losses.PretrainingLoss.sum": {
            "value": 0.9632878462473552,
            "min": 0.9632878462473552,
            "max": 1.220382269223531,
            "count": 34
        }
    },
    "metadata": {
        "timer_format_version": "0.1.0",
        "start_time_seconds": "1710807428",
        "python_version": "3.10.12 | packaged by Anaconda, Inc. | (main, Jul  5 2023, 19:01:18) [MSC v.1916 64 bit (AMD64)]",