{
    "name": "root",
    "gauges": {
        "em_gail.Policy.Entropy.mean": {
            "value": 2.129389762878418,
            "min": 2.0835328102111816,
            "max": 2.517620086669922,
            "count": 100
        },
        "em_gail.Policy.Entropy.sum": {
            "value": 21336.484375,
            "min": 20468.9140625,
            "max": 26278.2421875,
            "count": 100
        },
        "em_gail.Step.mean": {
            "value": 999977.0,
            "min": 9987.0,
            "max": 999977.0,
            "count": 100
        },
        "em_gail.Step.sum": {
            "value": 999977.0,
            "min": 9987.0,
            "max": 999977.0,
            "count": 100
        },
        "em_gail.Policy.ExtrinsicValueEstimate.mean": {
            "value": -0.22208702564239502,
            "min": -0.32179805636405945,
            "max": -0.08661174774169922,
            "count": 100
        },
        "em_gail.Policy.ExtrinsicValueEstimate.sum": {
            "value": -36.422271728515625,
            "min": -54.38386917114258,
            "max": -13.684656143188477,
            "count": 100
        },
        "em_gail.Policy.GailValueEstimate.mean": {
            "value": 2.82608962059021,
            "min": 0.19726841151714325,
            "max": 6.674962043762207,
            "count": 100
        },
        "em_gail.Policy.GailValueEstimate.sum": {
            "value": 463.47869873046875,
            "min": 31.16840934753418,
            "max": 1088.018798828125,
            "count": 100
        },
        "em_gail.Environment.EpisodeLength.mean": {
            "value": 555.1111111111111,
            "min": 438.5,
            "max": 669.8421052631579,
            "count": 100
        },
        "em_gail.Environment.EpisodeLength.sum": {
            "value": 9992.0,
            "min": 1855.0,
            "max": 13810.0,
            "count": 100
        },
        "em_gail.Environment.CumulativeReward.mean": {
            "value": -4.812222583840291,
            "min": -7.740396766364574,
            "max": -3.9033008977770804,
            "count": 100
        },
        "em_gail.Environment.CumulativeReward.sum": {
            "value": -86.62000650912523,
            "min": -142.3132959380746,
            "max": -22.931343875825405,
            "count": 100
        },
        "em_gail.Policy.ExtrinsicReward.mean": {
            "value": -4.812222583840291,
            "min": -7.740396766364574,
            "max": -3.9033008977770804,
            "count": 100
        },
        "em_gail.Policy.ExtrinsicReward.sum": {
            "value": -86.62000650912523,
            "min": -142.3132959380746,
            "max": -22.931343875825405,
            "count": 100
        },
        "em_gail.Policy.GailReward.mean": {
            "value": 74.31780368844016,
            "min": 55.5671056128156,
            "max": 235.7857021602831,
            "count": 100
        },
        "em_gail.Policy.GailReward.sum": {
            "value": 1337.7204663919229,
            "min": 659.9946269989014,
            "max": 4391.458530783653,
            "count": 100
        },
        "em_gail.Losses.PolicyLoss.mean": {
            "value": 0.029973731769132428,
            "min": 0.024396411445801885,
            "max": 0.04277287827426335,
            "count": 100
        },
        "em_gail.Losses.PolicyLoss.sum": {
            "value": 0.029973731769132428,
            "min": 0.024396411445801885,
            "max": 0.0780815744389353,
            "count": 100
        },
        "em_gail.Losses.ValueLoss.mean": {
            "value": 2.1925551841656366,
            "min": 0.5058742531885704,
            "max": 4.426556025942166,
            "count": 100
        },
        "em_gail.Losses.ValueLoss.sum": {
            "value": 2.1925551841656366,
            "min": 0.5058742531885704,
            "max": 5.891870591789484,
            "count": 100
        },
        "em_gail.Policy.LearningRate.mean": {
            "value": 8.487997170999912e-07,
            "min": 8.487997170999912e-07,
            "max": 0.00029731320089559996,
            "count": 100
        },
        "em_gail.Policy.LearningRate.sum": {
            "value": 8.487997170999912e-07,
            "min": 8.487997170999912e-07,
            "max": 0.0005673843108718998,
            "count": 100
        },
        "em_gail.Policy.Epsilon.mean": {
            "value": 0.10028290000000002,
            "min": 0.10028290000000002,
            "max": 0.19910439999999996,
            "count": 100
        },
        "em_gail.Policy.Epsilon.sum": {
            "value": 0.10028290000000002,
            "min": 0.10028290000000002,
            "max": 0.38912810000000003,
            "count": 100
        },
        "em_gail.Policy.Beta.mean": {
            "value": 0.005,
            "min": 0.005,
            "max": 0.005,
            "count": 100
        },
        "em_gail.Policy.Beta.sum": {
            "value": 0.005,
            "min": 0.005,
            "max": 0.01,
            "count": 100
        },
        "em_gail.Policy.GAILPolicyEstimate.mean": {
            "value": 0.16099853410075107,
            "min": 0.147211874059091,
            "max": 0.45121366369958016,
            "count": 100
        },
        "em_gail.Policy.GAILPolicyEstimate.sum": {
            "value": 0.16099853410075107,
            "min": 0.147211874059091,
            "max": 0.45121366369958016,
            "count": 100
        },
        "em_gail.Policy.GAILExpertEstimate.mean": {
            "value": 0.8458859709401926,
            "min": 0.51252094670838,
            "max": 0.863400841752688,
            "count": 100
        },
        "em_gail.Policy.GAILExpertEstimate.sum": {
            "value": 0.8458859709401926,
            "min": 0.51252094670838,
            "max": 1.6991015101472535,
            "count": 100
        },
        "em_gail.Losses.GAILLoss.mean": {
            "value": 0.48137277737259865,
            "min": 0.42480172341068584,
            "max": 1.3341733147116268,
            "count": 100
        },
        "em_gail.Losses.GAILLoss.sum": {
            "value": 0.48137277737259865,
            "min": 0.42480172341068584,
            "max": 1.3760676632324853,
            "count": 100
        },
        "em_gail.Policy.GAILGradMagLoss.mean": {
            "value": 4.197202513615291,
            "min": 3.313343604405721,
            "max": 7.967848665574017,
            "count": 100
        },
        "em_gail.Policy.GAILGradMagLoss.sum": {
            "value": 4.197202513615291,
            "min": 3.313343604405721,
            "max": 12.45179804166158,
            "count": 100
        },
        "em_gail.IsTraining.mean": {
            "value": 1.0,
            "min": 1.0,
            "max": 1.0,
            "count": 100
        },
        "em_gail.IsTraining.sum": {
            "value": 1.0,
            "min": 1.0,
            "max": 1.0,
            "count": 100
        }
    },
    "metadata": {
        "timer_format_version": "0.1.0",
        "start_time_seconds": "1711745786",
        "python_version": "3.10.12 | packaged by Anaconda, Inc. | (main, Jul  5 2023, 19:01:18) [MSC v.1916 64 bit (AMD64)]",
        "command_line_arguments": "\\\\?\\C:\\Users\\sjasr\\anaconda3\\envs\\mlagents\\Scripts\\mlagents-learn config/em_gail_config.yaml --run-id=em_gail_no_actions --time-scale=1",
        "mlagents_version": "1.0.0",
        "mlagents_envs_version": "1.0.0",
        "communication_protocol_version": "1.5.0",
        "pytorch_version": "2.2.1+cu121",
        "numpy_version": "1.23.5",
        "end_time_seconds": "1711747661"
    },
    "total": 1874.6823317001108,
    "count": 1,
    "self": 0.013860699953511357,
    "children": {
        "run_training.setup": {
            "total": 0.08370020007714629,
            "count": 1,
            "self": 0.08370020007714629
        },
        "TrainerController.start_learning": {
            "total": 1874.5847708000802,