{
    "name": "root",
    "gauges": {
        "Chase.Policy.Entropy.mean": {
            "value": 1.0115656852722168,
            "min": 1.0115656852722168,
            "max": 1.4244451522827148,
            "count": 35
        },
        "Chase.Policy.Entropy.sum": {
            "value": 10099.4716796875,
            "min": 10099.4716796875,
            "max": 14741.66015625,
            "count": 35
        },
        "Chase.Environment.EpisodeLength.mean": {
            "value": 16463.0,
            "min": 44.206896551724135,
            "max": 16463.0,
            "count": 33
        },
        "Chase.Environment.EpisodeLength.sum": {
            "value": 16463.0,
            "min": 709.0,
            "max": 18003.0,
            "count": 33
        },
        "Chase.Step.mean": {
            "value": 349947.0,
            "min": 9947.0,
            "max": 349947.0,
            "count": 35
        },
        "Chase.Step.sum": {
            "value": 349947.0,
            "min": 9947.0,
            "max": 349947.0,
            "count": 35
        },
        "Chase.Policy.ExtrinsicValueEstimate.mean": {
            "value": -0.0020443808753043413,
            "min": -0.5368468165397644,
            "max": 0.0033754296600818634,
            "count": 35
        },
        "Chase.Policy.ExtrinsicValueEstimate.sum": {
            "value": -0.32096779346466064,
            "min": -132.06431579589844,
            "max": 0.5299424529075623,
            "count": 35
        },
        "Chase.Environment.CumulativeReward.mean": {
            "value": -1.0,
            "min": -1.0,
            "max": 0.0,
            "count": 33
        },
        "Chase.Environment.CumulativeReward.sum": {
            "value": -1.0,
            "min": -115.0,
            "max": 0.0,
            "count": 33
        },
        "Chase.Policy.ExtrinsicReward.mean": {
            "value": -1.0,
            "min": -1.0,
            "max": 0.0,
            "count": 33
        },
        "Chase.Policy.ExtrinsicReward.sum": {
            "value": -1.0,
            "min": -115.0,
            "max": 0.0,
            "count": 33
        },
        "Chase.Losses.PolicyLoss.mean": {
            "value": 0.23964829881320468,
            "min": 0.23561177852990176,
            "max": 0.2520679058199364,
            "count": 35
        },
        "Chase.Losses.PolicyLoss.sum": {
            "value": 18.692567307429965,
            "min": 16.382559896861306,
            "max": 19.409228748135103,
            "count": 35
        },
        "Chase.Losses.ValueLoss.mean": {
            "value": 0.0009732705203219524,
            "min": 2.2613596712746396e-05,
            "max": 0.14932331660065065,
            "count": 35
        },
        "Chase.Losses.ValueLoss.sum": {
            "value": 0.07591510058511229,
            "min": 0.0017412469468814724,
            "max": 10.601955478646197,
            "count": 35
        },
        "Chase.Policy.LearningRate.mean": {
            "value": 9.303642283403589e-05,
            "min": 9.303642283403589e-05,
            "max": 0.0002970117812777633,
            "count": 35
        },
        "Chase.Policy.LearningRate.sum": {
            "value": 0.0072568409810547995,
            "min": 0.0072568409810547995,
            "max": 0.022114428228523997,
            "count": 35
        },
        "Chase.Policy.Epsilon.mean": {
            "value": 0.13101211794871795,
            "min": 0.13101211794871795,
            "max": 0.19900392676056342,
            "count": 35
        },
        "Chase.Policy.Epsilon.sum": {
            "value": 10.2189452,
            "min": 10.2189452,
            "max": 15.0546588,
            "count": 35
        },
        "Chase.Policy.Beta.mean": {
            "value": 0.0005000000000000001,
            "min": 0.0005,
            "max": 0.0005000000000000001,
            "count": 35
        },
        "Chase.Policy.Beta.sum": {
            "value": 0.03900000000000001,
            "min": 0.0335,
            "max": 0.03950000000000001,
            "count": 35
        },
        "Chase.IsTraining.mean": {
            "value": 1.0,
            "min": 1.0,
            "max": 1.0,
            "count": 35
        },
        "Chase.IsTraining.sum": {
            "value": 1.0,
            "min": 1.0,
            "max": 1.0,
            "count": 35
        }
    },
    "metadata": {
        "timer_format_version": "0.1.0",
        "start_time_seconds": "1703479060",
        "python_version": "3.10.12 | packaged by Anaconda, Inc. | (main, Jul  5 2023, 19:01:18) [MSC v.1916 64 bit (AMD64)]",
        "command_line_arguments": "C:\\Users\\sjasr\\anaconda3\\envs\\mlagents\\Scripts\\mlagents-learn config/chase_config.yaml --run-id=Chase8",
        "mlagents_version": "1.0.0",
        "mlagents_envs_version": "1.0.0",
        "communication_protocol_version": "1.5.0",
        "pytorch_version": "1.13.1+cu117",
        "numpy_version": "1.23.1",
        "end_time_seconds": "1703480206"
    },
    "total": 1145.862699600002,
    "count": 1,
    "self": 0.0070114000045577995,
    "children": {
        "run_training.setup": {
            "total": 0.09122409999690717,
            "count": 1,
            "self": 0.09122409999690717
        },
        "TrainerController.start_learning": {
            "total": 1145.7644641000006,
            "count": 1,
            "self": 0.5715081007074332,
            "children": {
                "TrainerController._reset_env": {
                    "total": 9.766150800001924,
                    "count": 1,
                    "self": 9.766150800001924
                },
                "TrainerController.advance": {
                    "total": 1135.3135324992982,
                    "count": 30350,
                    "self": 0.49676720073330216,
                    "children": {
                        "env_step": {
                            "total": 319.7456549990966,
                            "count": 30350,
                            "self": 252.8428787977391,
                            "children": {
                                "SubprocessEnvManager._take_step": {
                                    "total": 66.54513920029422,
                                    "count": 30350,
                                    "self": 1.8181061009236146,
                                    "children": {
                                        "TorchPolicy.evaluate": {
                                            "total": 64.7270330993706,
                                            "count": 29907,
                                            "self": 64.7270330993706
                                        }
                                    }
                                },
                                "workers": {
                                    "total": 0.35763700106326723,
                                    "count": 30349,
                                    "self": 0.0,
                                    "children": {
                                        "worker_root": {
                                            "total": 1114.4607668996905,
                                            "count": 30349,
                                            "is_parallel": true,
                                            "self": 917.6277178997407,
                                            "children": {
                                                "steps_from_proto": {
                                                    "total": 0.0003572999994503334,
                                                    "count": 1,
                                                    "is_parallel": true,
                                                    "self": 0.00010750000365078449,