{
    "name": "root",
    "gauges": {
        "Dodge.Policy.Entropy.mean": {
            "value": 1.3983232975006104,
            "min": 1.3983232975006104,
            "max": 1.418938398361206,
            "count": 8
        },
        "Dodge.Policy.Entropy.sum": {
            "value": 13927.2998046875,
            "min": 13866.091796875,
            "max": 14915.8798828125,
            "count": 8
        },
        "Dodge.Environment.EpisodeLength.mean": {
            "value": 29.86969696969697,
            "min": 26.317548746518106,
            "max": 31.622149837133552,
            "count": 8
        },
        "Dodge.Environment.EpisodeLength.sum": {
            "value": 9857.0,
            "min": 9448.0,
            "max": 9857.0,
            "count": 8
        },
        "Dodge.Step.mean": {
            "value": 79974.0,
            "min": 9967.0,
            "max": 79974.0,
            "count": 8
        },
        "Dodge.Step.sum": {
            "value": 79974.0,
            "min": 9967.0,
            "max": 79974.0,
            "count": 8
        },
        "Dodge.Policy.ExtrinsicValueEstimate.mean": {
            "value": -0.16053827106952667,
            "min": -0.1726026087999344,
            "max": -0.003673593048006296,
            "count": 8
        },
        "Dodge.Policy.ExtrinsicValueEstimate.sum": {
            "value": -59.55970001220703,
            "min": -66.27940368652344,
            "max": -1.4143333435058594,
            "count": 8
        },
        "Dodge.Environment.CumulativeReward.mean": {
            "value": -0.174439383094961,
            "min": -0.22288857001946166,
            "max": -0.15689575555658497,
            "count": 8
        },
        "Dodge.Environment.CumulativeReward.sum": {
            "value": -57.56499642133713,
            "min": -80.01699663698673,
            "max": -48.16699695587158,
            "count": 8
        },
        "Dodge.Policy.ExtrinsicReward.mean": {
            "value": -0.174439383094961,
            "min": -0.22288857001946166,
            "max": -0.15689575555658497,
            "count": 8
        },
        "Dodge.Policy.ExtrinsicReward.sum": {
            "value": -57.56499642133713,
            "min": -80.01699663698673,
            "max": -48.16699695587158,
            "count": 8
        },
        "Dodge.IsTraining.mean": {
            "value": 1.0,
            "min": 1.0,
            "max": 1.0,
            "count": 8
        },
        "Dodge.IsTraining.sum": {
            "value": 1.0,
            "min": 1.0,
            "max": 1.0,
            "count": 8
        },
        "Dodge.Losses.PolicyLoss.mean": {
            "value": 0.02477278436223666,
            "min": 0.019393827817920182,
            "max": 0.031012924870959035,
            "count": 7
        },
        "Dodge.Losses.PolicyLoss.sum": {
            "value": 0.02477278436223666,
            "min": 0.019393827817920182,
            "max": 0.031012924870959035,
            "count": 7
        },
        "Dodge.Losses.ValueLoss.mean": {
            "value": 0.05041191092243901,
            "min": 0.047696567657921046,
            "max": 0.08025493031298672,
            "count": 7
        },
        "Dodge.Losses.ValueLoss.sum": {
            "value": 0.05041191092243901,
            "min": 0.047696567657921046,
            "max": 0.08025493031298672,
            "count": 7
        },
        "Dodge.Policy.LearningRate.mean": {
            "value": 0.00027895200701599993,
            "min": 0.00027895200701599993,
            "max": 0.0002969907010031,
            "count": 7
        },
        "Dodge.Policy.LearningRate.sum": {
            "value": 0.00027895200701599993,
            "min": 0.00027895200701599993,
            "max": 0.0002969907010031,
            "count": 7
        },
        "Dodge.Policy.Epsilon.mean": {
            "value": 0.5649200000000001,
            "min": 0.5649200000000001,
            "max": 0.5949845000000001,
            "count": 7
        },
        "Dodge.Policy.Epsilon.sum": {
            "value": 0.5649200000000001,
            "min": 0.5649200000000001,
            "max": 0.5949845000000001,
            "count": 7
        },
        "Dodge.Policy.Beta.mean": {
            "value": 0.005,
            "min": 0.005,
            "max": 0.005,
            "count": 7
        },
        "Dodge.Policy.Beta.sum": {
            "value": 0.005,
            "min": 0.005,
            "max": 0.005,
            "count": 7
        }
    },
    "metadata": {
        "timer_format_version": "0.1.0",
        "start_time_seconds": "1708913233",
        "python_version": "3.10.12 | packaged by Anaconda, Inc. | (main, Jul  5 2023, 19:01:18) [MSC v.1916 64 bit (AMD64)]",
        "command_line_arguments": "C:\\Users\\sjasr\\anaconda3\\envs\\mlagents\\Scripts\\mlagents-learn config/dodge_config.yaml --run-id=dodge_39",
        "mlagents_version": "1.0.0",
        "mlagents_envs_version": "1.0.0",
        "communication_protocol_version": "1.5.0",
        "pytorch_version": "1.13.1+cu117",
        "numpy_version": "1.23.1",
        "end_time_seconds": "1708913410"
    },
    "total": 177.41989979999926,
    "count": 1,
    "self": 0.007237099998746999,
    "children": {
        "run_training.setup": {
            "total": 0.08693370000401046,
            "count": 1,
            "self": 0.08693370000401046
        },
        "TrainerController.start_learning": {
            "total": 177.3257289999965,
            "count": 1,
            "self": 0.11660670017590746,
            "children": {
                "TrainerController._reset_env": {
                    "total": 7.789627800004382,
                    "count": 1,
                    "self": 7.789627800004382
                },
                "TrainerController.advance": {
                    "total": 169.20547319982143,
                    "count": 5718,
                    "self": 0.09313399928214494,
                    "children": {
                        "env_step": {
                            "total": 105.45626440055639,
                            "count": 5718,
                            "self": 95.43566460058355,
                            "children": {
                                "SubprocessEnvManager._take_step": {
                                    "total": 9.94948979968467,
                                    "count": 5718,
                                    "self": 0.23995639968052274,
                                    "children": {
                                        "TorchPolicy.evaluate": {
                                            "total": 9.709533400004148,
                                            "count": 3371,
                                            "self": 9.709533400004148
                                        }
                                    }
                                },
                                "workers": {
                                    "total": 0.07111000028817216,
                                    "count": 5717,
                                    "self": 0.0,
                                    "children": {
                                        "worker_root": {
                                            "total": 168.8349372001394,
                                            "count": 5717,
                                            "is_parallel": true,
                                            "self": 81.44200469997304,
                                            "children": {
                                                "steps_from_proto": {
                                                    "total": 0.0005944000004092231,
                                                    "count": 1,
                                                    "is_parallel": true,
                                                    "self": 0.00013299999409355223,