{
    "name": "root",
    "gauges": {
        "Dodge.Policy.Entropy.mean": {
            "value": 1.36910879611969,
            "min": 1.36910879611969,
            "max": 1.3998581171035767,
            "count": 4
        },
        "Dodge.Policy.Entropy.sum": {
            "value": 13714.36328125,
            "min": 13705.544921875,
            "max": 14011.1796875,
            "count": 4
        },
        "Dodge.Environment.EpisodeLength.mean": {
            "value": 40.48559670781893,
            "min": 31.496753246753247,
            "max": 43.09251101321586,
            "count": 4
        },
        "Dodge.Environment.EpisodeLength.sum": {
            "value": 9838.0,
            "min": 9664.0,
            "max": 9838.0,
            "count": 4
        },
        "Dodge.Step.mean": {
            "value": 39979.0,
            "min": 9993.0,
            "max": 39979.0,
            "count": 4
        },
        "Dodge.Step.sum": {
            "value": 39979.0,
            "min": 9993.0,
            "max": 39979.0,
            "count": 4
        },
        "Dodge.Policy.ExtrinsicValueEstimate.mean": {
            "value": -0.7773146629333496,
            "min": -0.8050979971885681,
            "max": -0.7773146629333496,
            "count": 4
        },
        "Dodge.Policy.ExtrinsicValueEstimate.sum": {
            "value": -227.75320434570312,
            "min": -268.2743225097656,
            "max": -220.5968475341797,
            "count": 4
        },
        "Dodge.Environment.CumulativeReward.mean": {
            "value": -1.0,
            "min": -1.0,
            "max": -1.0,
            "count": 4
        },
        "Dodge.Environment.CumulativeReward.sum": {
            "value": -242.0,
            "min": -307.0,
            "max": -227.0,
            "count": 4
        },
        "Dodge.Policy.ExtrinsicReward.mean": {
            "value": -1.0,
            "min": -1.0,
            "max": -1.0,
            "count": 4
        },
        "Dodge.Policy.ExtrinsicReward.sum": {
            "value": -242.0,
            "min": -307.0,
            "max": -227.0,
            "count": 4
        },
        "Dodge.Losses.PolicyLoss.mean": {
            "value": 0.2415105139606785,
            "min": 0.23925400181184026,
            "max": 0.24919036766209163,
            "count": 4
        },
        "Dodge.Losses.PolicyLoss.sum": {
            "value": 19.32084111685428,
            "min": 19.150761338549692,
            "max": 20.682800515953605,
            "count": 4
        },
        "Dodge.Losses.ValueLoss.mean": {
            "value": 0.012054357328997062,
            "min": 0.008574863539647348,
            "max": 0.012054357328997062,
            "count": 4
        },
        "Dodge.Losses.ValueLoss.sum": {
            "value": 0.9643485863197649,
            "min": 0.7117136737907298,
            "max": 0.9643485863197649,
            "count": 4
        },
        "Dodge.Policy.LearningRate.mean": {
            "value": 0.0002790122694959125,
            "min": 0.0002790122694959125,
            "max": 0.00029690481789919755,
            "count": 4
        },
        "Dodge.Policy.LearningRate.sum": {
            "value": 0.022320981559673,
            "min": 0.022320981559673,
            "max": 0.024643099885633398,
            "count": 4
        },
        "Dodge.Policy.Epsilon.mean": {
            "value": 0.19300408750000003,
            "min": 0.19300408750000003,
            "max": 0.19896827228915662,
            "count": 4
        },
        "Dodge.Policy.Epsilon.sum": {
            "value": 15.440327000000002,
            "min": 15.440327000000002,
            "max": 16.5143666,
            "count": 4
        },
        "Dodge.Policy.Beta.mean": {
            "value": 0.0005000000000000001,
            "min": 0.0005000000000000001,
            "max": 0.0005000000000000001,
            "count": 4
        },
        "Dodge.Policy.Beta.sum": {
            "value": 0.04000000000000001,
            "min": 0.04000000000000001,
            "max": 0.04150000000000001,
            "count": 4
        },
        "Dodge.IsTraining.mean": {
            "value": 1.0,
            "min": 1.0,
            "max": 1.0,
            "count": 4
        },
        "Dodge.IsTraining.sum": {
            "value": 1.0,
            "min": 1.0,
            "max": 1.0,
            "count": 4
        }
    },
    "metadata": {
        "timer_format_version": "0.1.0",
        "start_time_seconds": "1708876787",
        "python_version": "3.10.12 | packaged by Anaconda, Inc. | (main, Jul  5 2023, 19:01:18) [MSC v.1916 64 bit (AMD64)]",
        "command_line_arguments": "C:\\Users\\sjasr\\anaconda3\\envs\\mlagents\\Scripts\\mlagents-learn config/dodge_config.yaml --run-id=dodge_19",
        "mlagents_version": "1.0.0",
        "mlagents_envs_version": "1.0.0",
        "communication_protocol_version": "1.5.0",
        "pytorch_version": "1.13.1+cu117",
        "numpy_version": "1.23.1",
        "end_time_seconds": "1708877478"
    },
    "total": 690.9404155000011,
    "count": 1,
    "self": 0.0069512000009126496,
    "children": {
        "run_training.setup": {
            "total": 0.09074150000014924,
            "count": 1,
            "self": 0.09074150000014924
        },
        "TrainerController.start_learning": {
            "total": 690.8427228,
            "count": 1,
            "self": 0.9227169003497693,
            "children": {
                "TrainerController._reset_env": {
                    "total": 8.724820600000385,
                    "count": 1,
                    "self": 8.724820600000385
                },
                "TrainerController.advance": {
                    "total": 680.9176156996509,
                    "count": 49800,
                    "self": 0.7403105994653743,
                    "children": {
                        "env_step": {
                            "total": 399.20701220005503,
                            "count": 49800,
                            "self": 265.98230890021296,
                            "children": {
                                "SubprocessEnvManager._take_step": {
                                    "total": 132.63120039999376,
                                    "count": 49800,
                                    "self": 2.533934899878659,
                                    "children": {
                                        "TorchPolicy.evaluate": {
                                            "total": 130.0972655001151,
                                            "count": 48767,
                                            "self": 130.0972655001151
                                        }
                                    }
                                },
                                "workers": {
                                    "total": 0.5935028998483176,
                                    "count": 49799,
                                    "self": 0.0,
                                    "children": {
                                        "worker_root": {
                                            "total": 671.743560799936,
                                            "count": 49799,
                                            "is_parallel": true,
                                            "self": 455.0389887000365,
                                            "children": {
                                                "steps_from_proto": {
                                                    "total": 0.00041449999844189733,
                                                    "count": 1,
                                                    "is_parallel": true,
                                                    "self": 0.00013519999629352242,