{
    "name": "root",
    "gauges": {
        "Mage.Policy.Entropy.mean": {
            "value": 1.4189386367797852,
            "min": 1.4189386367797852,
            "max": 1.4189386367797852,
            "count": 1
        },
        "Mage.Policy.Entropy.sum": {
            "value": 7457.94140625,
            "min": 7457.94140625,
            "max": 7457.94140625,
            "count": 1
        },
        "Mage.Step.mean": {
            "value": 9756.0,
            "min": 9756.0,
            "max": 9756.0,
            "count": 1
        },
        "Mage.Step.sum": {
            "value": 9756.0,
            "min": 9756.0,
            "max": 9756.0,
            "count": 1
        },
        "Mage.Policy.ExtrinsicValueEstimate.mean": {
            "value": 0.002673874143511057,
            "min": 0.002673874143511057,
            "max": 0.002673874143511057,
            "count": 1
        },
        "Mage.Policy.ExtrinsicValueEstimate.sum": {
            "value": 0.05347748473286629,
            "min": 0.05347748473286629,
            "max": 0.05347748473286629,
            "count": 1
        },
        "Mage.Policy.CuriosityValueEstimate.mean": {
            "value": -0.0007977414061315358,
            "min": -0.0007977414061315358,
            "max": -0.0007977414061315358,
            "count": 1
        },
        "Mage.Policy.CuriosityValueEstimate.sum": {
            "value": -0.01595482788980007,
            "min": -0.01595482788980007,
            "max": -0.01595482788980007,
            "count": 1
        },
        "Mage.Environment.EpisodeLength.mean": {
            "value": 499.0,
            "min": 499.0,
            "max": 499.0,
            "count": 1
        },
        "Mage.Environment.EpisodeLength.sum": {
            "value": 4990.0,
            "min": 4990.0,
            "max": 4990.0,
            "count": 1
        },
        "Mage.Environment.CumulativeReward.mean": {
            "value": 1.0000000894069672,
            "min": 1.0000000894069672,
            "max": 1.0000000894069672,
            "count": 1
        },
        "Mage.Environment.CumulativeReward.sum": {
            "value": 10.000000894069672,
            "min": 10.000000894069672,
            "max": 10.000000894069672,
            "count": 1
        },
        "Mage.Policy.ExtrinsicReward.mean": {
            "value": 1.0000000894069672,
            "min": 1.0000000894069672,
            "max": 1.0000000894069672,
            "count": 1
        },
        "Mage.Policy.ExtrinsicReward.sum": {
            "value": 10.000000894069672,
            "min": 10.000000894069672,
            "max": 10.000000894069672,
            "count": 1
        },
        "Mage.Policy.CuriosityReward.mean": {
            "value": 0.0,
            "min": 0.0,
            "max": 0.0,
            "count": 1
        },
        "Mage.Policy.CuriosityReward.sum": {
            "value": 0.0,
            "min": 0.0,
            "max": 0.0,
            "count": 1
        },
        "Mage.IsTraining.mean": {
            "value": 1.0,
            "min": 1.0,
            "max": 1.0,
            "count": 1
        },
        "Mage.IsTraining.sum": {
            "value": 1.0,
            "min": 1.0,
            "max": 1.0,
            "count": 1
        }
    },
    "metadata": {
        "timer_format_version": "0.1.0",
        "start_time_seconds": "1710004617",
        "python_version": "3.10.12 | packaged by Anaconda, Inc. | (main, Jul  5 2023, 19:01:18) [MSC v.1916 64 bit (AMD64)]",
        "command_line_arguments": "C:\\Users\\sjasr\\anaconda3\\envs\\mlagents\\Scripts\\mlagents-learn config/mage_config.yaml --run-id=mage_01 --time-scale=1 --resume",
        "mlagents_version": "1.0.0",
        "mlagents_envs_version": "1.0.0",
        "communication_protocol_version": "1.5.0",
        "pytorch_version": "1.13.1+cu117",
        "numpy_version": "1.23.1",
        "end_time_seconds": "1710004732"
    },
    "total": 114.95446699999957,
    "count": 1,
    "self": 0.008054900001297938,
    "children": {
        "run_training.setup": {
            "total": 0.08948529999906896,
            "count": 1,
            "self": 0.08948529999906896
        },
        "TrainerController.start_learning": {
            "total": 114.8569267999992,
            "count": 1,
            "self": 0.124045899923658,
            "children": {
                "TrainerController._reset_env": {
                    "total": 9.015871600000537,
                    "count": 1,
                    "self": 9.015871600000537
                },
                "TrainerController.advance": {
                    "total": 105.61831080007323,
                    "count": 6710,
                    "self": 0.10532540015992709,
                    "children": {
                        "env_step": {
                            "total": 104.99844889996893,
                            "count": 6710,
                            "self": 95.38282879991311,
                            "children": {
                                "SubprocessEnvManager._take_step": {
                                    "total": 9.534808300086297,
                                    "count": 6710,
                                    "self": 0.3678358999968623,
                                    "children": {
                                        "TorchPolicy.evaluate": {
                                            "total": 9.166972400089435,
                                            "count": 6710,
                                            "self": 9.166972400089435
                                        }
                                    }
                                },
                                "workers": {
                                    "total": 0.08081179996952415,
                                    "count": 6709,
                                    "self": 0.0,
                                    "children": {
                                        "worker_root": {
                                            "total": 46.412419700223836,
                                            "count": 6709,
                                            "is_parallel": true,
                                            "self": 16.2825194998004,
                                            "children": {
                                                "steps_from_proto": {
                                                    "total": 0.00025570000070729293,
                                                    "count": 1,
                                                    "is_parallel": true,
                                                    "self": 0.00010939999992842786,
                                                    "children": {
                                                        "_process_rank_one_or_two_observation": {
                                                            "total": 0.00014630000077886507,
                                                            "count": 2,
                                                            "is_parallel": true,
                                                            "self": 0.00014630000077886507
                                                        }
                                                    }
                                                },
                                                "UnityEnvironment.step": {
                                                    "total": 30.129644500422728,
                                                    "count": 6709,
                                                    "is_parallel": true,
                                                    "self": 0.36173030004283646,
                                                    "children": {
                                                        "UnityEnvironment._generate_step_input": {
                                                            "total": 0.2937059001305897,