{
    "name": "root",
    "gauges": {
        "Mage.Policy.Entropy.mean": {
            "value": 3.2229559421539307,
            "min": 3.2096939086914062,
            "max": 3.223604917526245,
            "count": 57
        },
        "Mage.Policy.Entropy.sum": {
            "value": 34575.87109375,
            "min": 26971.388671875,
            "max": 38538.546875,
            "count": 57
        },
        "Mage.Step.mean": {
            "value": 569842.0,
            "min": 9764.0,
            "max": 569842.0,
            "count": 57
        },
        "Mage.Step.sum": {
            "value": 569842.0,
            "min": 9764.0,
            "max": 569842.0,
            "count": 57
        },
        "Mage.Policy.ExtrinsicValueEstimate.mean": {
            "value": 0.018893152475357056,
            "min": -0.03895057737827301,
            "max": 0.07215146720409393,
            "count": 57
        },
        "Mage.Policy.ExtrinsicValueEstimate.sum": {
            "value": 0.7746192812919617,
            "min": -1.5969736576080322,
            "max": 3.0303616523742676,
            "count": 57
        },
        "Mage.Policy.CuriosityValueEstimate.mean": {
            "value": 0.02919420599937439,
            "min": 0.008136428892612457,
            "max": 0.25130245089530945,
            "count": 57
        },
        "Mage.Policy.CuriosityValueEstimate.sum": {
            "value": 1.1969624757766724,
            "min": 0.3254571557044983,
            "max": 10.303400039672852,
            "count": 57
        },
        "Mage.Environment.EpisodeLength.mean": {
            "value": 479.6521739130435,
            "min": 311.3333333333333,
            "max": 499.0,
            "count": 57
        },
        "Mage.Environment.EpisodeLength.sum": {
            "value": 11032.0,
            "min": 1868.0,
            "max": 12254.0,
            "count": 57
        },
        "Mage.Environment.CumulativeReward.mean": {
            "value": 0.043478260869565216,
            "min": 0.0,
            "max": 0.25,
            "count": 57
        },
        "Mage.Environment.CumulativeReward.sum": {
            "value": 1.0,
            "min": 0.0,
            "max": 6.0,
            "count": 57
        },
        "Mage.Policy.ExtrinsicReward.mean": {
            "value": 0.043478260869565216,
            "min": 0.0,
            "max": 0.25,
            "count": 57
        },
        "Mage.Policy.ExtrinsicReward.sum": {
            "value": 1.0,
            "min": 0.0,
            "max": 6.0,
            "count": 57
        },
        "Mage.Policy.CuriosityReward.mean": {
            "value": 0.005709102827772174,
            "min": 0.0,
            "max": 0.2099467332009226,
            "count": 57
        },
        "Mage.Policy.CuriosityReward.sum": {
            "value": 0.13130936503876,
            "min": 0.0,
            "max": 4.72781902551651,
            "count": 57
        },
        "Mage.IsTraining.mean": {
            "value": 1.0,
            "min": 1.0,
            "max": 1.0,
            "count": 57
        },
        "Mage.IsTraining.sum": {
            "value": 1.0,
            "min": 1.0,
            "max": 1.0,
            "count": 57
        },
        "Mage.Losses.PolicyLoss.mean": {
            "value": 0.013477195675174395,
            "min": 0.009135577932465822,
            "max": 0.013477195675174395,
            "count": 13
        },
        "Mage.Losses.PolicyLoss.sum": {
            "value": 0.013477195675174395,
            "min": 0.009135577932465822,
            "max": 0.013477195675174395,
            "count": 13
        },
        "Mage.Losses.ValueLoss.mean": {
            "value": 0.0008704958202239747,
            "min": 0.0007132576128545527,
            "max": 0.0025926601064080994,
            "count": 13
        },
        "Mage.Losses.ValueLoss.sum": {
            "value": 0.0008704958202239747,
            "min": 0.0007132576128545527,
            "max": 0.0025926601064080994,
            "count": 13
        },
        "Mage.Policy.LearningRate.mean": {
            "value": 0.0001389618536794,
            "min": 0.0001389618536794,
            "max": 0.00028769130410289995,
            "count": 13
        },
        "Mage.Policy.LearningRate.sum": {
            "value": 0.0001389618536794,
            "min": 0.0001389618536794,
            "max": 0.00028769130410289995,
            "count": 13
        },
        "Mage.Policy.Epsilon.mean": {
            "value": 0.14632060000000005,
            "min": 0.14632060000000005,
            "max": 0.19589709999999996,
            "count": 13
        },
        "Mage.Policy.Epsilon.sum": {
            "value": 0.14632060000000005,
            "min": 0.14632060000000005,
            "max": 0.19589709999999996,
            "count": 13
        },
        "Mage.Policy.Beta.mean": {
            "value": 0.005000000000000001,
            "min": 0.005000000000000001,
            "max": 0.005000000000000001,
            "count": 13
        },
        "Mage.Policy.Beta.sum": {
            "value": 0.005000000000000001,
            "min": 0.005000000000000001,
            "max": 0.005000000000000001,
            "count": 13
        },
        "Mage.Losses.CuriosityForwardLoss.mean": {
            "value": 0.013786716479808092,
            "min": 0.013786716479808092,
            "max": 0.9474921683470409,
            "count": 13
        },
        "Mage.Losses.CuriosityForwardLoss.sum": {
            "value": 0.013786716479808092,
            "min": 0.013786716479808092,
            "max": 0.9474921683470409,
            "count": 13
        },
        "Mage.Losses.CuriosityInverseLoss.mean": {
            "value": 3.884985836346944,
            "min": 3.78875892162323,
            "max": 3.884985836346944,
            "count": 13
        },
        "Mage.Losses.CuriosityInverseLoss.sum": {
            "value": 3.884985836346944,
            "min": 3.78875892162323,
            "max": 3.884985836346944,
            "count": 13
        }
    },
    "metadata": {
        "timer_format_version": "0.1.0",
        "start_time_seconds": "1710180679",
        "python_version": "3.10.12 | packaged by Anaconda, Inc. | (main, Jul  5 2023, 19:01:18) [MSC v.1916 64 bit (AMD64)]",
        "command_line_arguments": "C:\\Users\\sjasr\\anaconda3\\envs\\mlagents\\Scripts\\mlagents-learn config/mage_config.yaml --run-id=mage_ability1_03 --time-scale=1",
        "mlagents_version": "1.0.0",
        "mlagents_envs_version": "1.0.0",
        "communication_protocol_version": "1.5.0",
        "pytorch_version": "1.13.1+cu117",
        "numpy_version": "1.23.1",
        "end_time_seconds": "1710181198"
    },
    "total": 518.7688372999983,
    "count": 1,
    "self": 0.009415299995453097,
    "children": {
        "run_training.setup": {
            "total": 0.09285800000179734,
            "count": 1,
            "self": 0.09285800000179734
        },
        "TrainerController.start_learning": {
            "total": 518.666564000001,
            "count": 1,
            "self": 0.5811804001314158,
            "children": {
                "TrainerController._reset_env": {
                    "total": 9.693650499999421,
                    "count": 1,
                    "self": 9.693650499999421
                },
                "TrainerController.advance": {
                    "total": 508.24372059987036,
                    "count": 24195,
                    "self": 0.5044981997489231,
                    "children": {
                        "env_step": {
                            "total": 340.45989239996925,
                            "count": 24195,
                            "self": 267.6901574998792,
                            "children": {
                                "SubprocessEnvManager._take_step": {
                                    "total": 72.40594279994002,
                                    "count": 24195,
                                    "self": 1.565952200018728,