{
    "name": "root",
    "gauges": {
        "Bullet.Policy.Entropy.mean": {
            "value": 1.564501166343689,
            "min": 1.04836905002594,
            "max": 1.6585627794265747,
            "count": 147
        },
        "Bullet.Policy.Entropy.sum": {
            "value": 15707.591796875,
            "min": 10735.298828125,
            "max": 16610.79296875,
            "count": 147
        },
        "Bullet.Step.mean": {
            "value": 1469968.0,
            "min": 9993.0,
            "max": 1469968.0,
            "count": 147
        },
        "Bullet.Step.sum": {
            "value": 1469968.0,
            "min": 9993.0,
            "max": 1469968.0,
            "count": 147
        },
        "Bullet.Policy.ExtrinsicValueEstimate.mean": {
            "value": 0.366413950920105,
            "min": -0.2169046700000763,
            "max": 0.4048597812652588,
            "count": 147
        },
        "Bullet.Policy.ExtrinsicValueEstimate.sum": {
            "value": 118.71812438964844,
            "min": -69.40949249267578,
            "max": 132.38914489746094,
            "count": 147
        },
        "Bullet.Environment.EpisodeLength.mean": {
            "value": 369.64,
            "min": 342.3,
            "max": 806.0625,
            "count": 147
        },
        "Bullet.Environment.EpisodeLength.sum": {
            "value": 9241.0,
            "min": 3423.0,
            "max": 14473.0,
            "count": 147
        },
        "Bullet.Environment.CumulativeReward.mean": {
            "value": 1.363759872019291,
            "min": -1.411588337875026,
            "max": 2.0889997444200246,
            "count": 147
        },
        "Bullet.Environment.CumulativeReward.sum": {
            "value": 34.09399680048227,
            "min": -23.997001743875444,
            "max": 45.95799437724054,
            "count": 147
        },
        "Bullet.Policy.ExtrinsicReward.mean": {
            "value": 1.363759872019291,
            "min": -1.411588337875026,
            "max": 2.0889997444200246,
            "count": 147
        },
        "Bullet.Policy.ExtrinsicReward.sum": {
            "value": 34.09399680048227,
            "min": -23.997001743875444,
            "max": 45.95799437724054,
            "count": 147
        },
        "Bullet.Losses.PolicyLoss.mean": {
            "value": 0.025008743086194347,
            "min": 0.014668186557325194,
            "max": 0.03436748365250727,
            "count": 147
        },
        "Bullet.Losses.PolicyLoss.sum": {
            "value": 0.025008743086194347,
            "min": 0.014668186557325194,
            "max": 0.05901940651529003,
            "count": 147
        },
        "Bullet.Losses.ValueLoss.mean": {
            "value": 0.024357198737561703,
            "min": 0.00920689688064158,
            "max": 0.04375230319177111,
            "count": 147
        },
        "Bullet.Losses.ValueLoss.sum": {
            "value": 0.024357198737561703,
            "min": 0.00920689688064158,
            "max": 0.06316358766828974,
            "count": 147
        },
        "Bullet.Policy.LearningRate.mean": {
            "value": 8.058127313959997e-05,
            "min": 8.058127313959997e-05,
            "max": 0.0002987622004126,
            "count": 147
        },
        "Bullet.Policy.LearningRate.sum": {
            "value": 8.058127313959997e-05,
            "min": 8.058127313959997e-05,
            "max": 0.0005864337045221,
            "count": 147
        },
        "Bullet.Policy.Epsilon.mean": {
            "value": 0.1268604,
            "min": 0.1268604,
            "max": 0.19958740000000005,
            "count": 147
        },
        "Bullet.Policy.Epsilon.sum": {
            "value": 0.1268604,
            "min": 0.1268604,
            "max": 0.39547790000000005,
            "count": 147
        },
        "Bullet.Policy.Beta.mean": {
            "value": 0.005,
            "min": 0.005,
            "max": 0.005,
            "count": 147
        },
        "Bullet.Policy.Beta.sum": {
            "value": 0.005,
            "min": 0.005,
            "max": 0.01,
            "count": 147
        },
        "Bullet.IsTraining.mean": {
            "value": 1.0,
            "min": 1.0,
            "max": 1.0,
            "count": 147
        },
        "Bullet.IsTraining.sum": {
            "value": 1.0,
            "min": 1.0,
            "max": 1.0,
            "count": 147
        }
    },
    "metadata": {
        "timer_format_version": "0.1.0",
        "start_time_seconds": "1711323705",
        "python_version": "3.10.12 | packaged by Anaconda, Inc. | (main, Jul  5 2023, 19:01:18) [MSC v.1916 64 bit (AMD64)]",
        "command_line_arguments": "C:\\Users\\sjasr\\anaconda3\\envs\\mlagents\\Scripts\\mlagents-learn config/bullet_config.yaml --run-id=bullet_arena_final_general_03 --time-scale=1 --initialize-from=bullet_arena_final_general_02",
        "mlagents_version": "1.0.0",
        "mlagents_envs_version": "1.0.0",
        "communication_protocol_version": "1.5.0",
        "pytorch_version": "1.13.1+cu117",
        "numpy_version": "1.23.1",
        "end_time_seconds": "1711326622"
    },
    "total": 2917.9093944999986,
    "count": 1,
    "self": 0.007402499999443535,
    "children": {
        "run_training.setup": {
            "total": 0.0892359999998007,
            "count": 1,
            "self": 0.0892359999998007
        },
        "TrainerController.start_learning": {
            "total": 2917.8127559999994,
            "count": 1,
            "self": 1.8187282994695124,
            "children": {
                "TrainerController._reset_env": {
                    "total": 18.538498299996718,
                    "count": 1,
                    "self": 18.538498299996718
                },
                "TrainerController.advance": {
                    "total": 2897.170901000536,
                    "count": 73903,
                    "self": 1.4985403011742164,
                    "children": {
                        "env_step": {
                            "total": 1803.5170969999963,
                            "count": 73903,
                            "self": 1250.2343483004515,
                            "children": {
                                "SubprocessEnvManager._take_step": {
                                    "total": 552.1712222995848,
                                    "count": 73903,
                                    "self": 4.726708799957123,
                                    "children": {
                                        "TorchPolicy.evaluate": {
                                            "total": 547.4445134996276,
                                            "count": 73903,
                                            "self": 547.4445134996276
                                        }
                                    }
                                },
                                "workers": {
                                    "total": 1.1115263999599847,
                                    "count": 73902,
                                    "self": 0.0,
                                    "children": {
                                        "worker_root": {
                                            "total": 2897.823499601327,
                                            "count": 73902,
                                            "is_parallel": true,
                                            "self": 1774.3852196021544,
                                            "children": {
                                                "steps_from_proto": {
                                                    "total": 0.0017135000016423874,
                                                    "count": 1,
                                                    "is_parallel": true,
                                                    "self": 0.0002888999952119775,