{
    "name": "root",
    "gauges": {
        "Dodge.Policy.Entropy.mean": {
            "value": 1.2919050455093384,
            "min": 1.2919050455093384,
            "max": 1.3965104818344116,
            "count": 8
        },
        "Dodge.Policy.Entropy.sum": {
            "value": 12753.6865234375,
            "min": 12753.6865234375,
            "max": 14546.0537109375,
            "count": 8
        },
        "Dodge.Environment.EpisodeLength.mean": {
            "value": 71.12878787878788,
            "min": 42.48458149779736,
            "max": 88.3125,
            "count": 8
        },
        "Dodge.Environment.EpisodeLength.sum": {
            "value": 9389.0,
            "min": 9389.0,
            "max": 10251.0,
            "count": 8
        },
        "Dodge.Step.mean": {
            "value": 79975.0,
            "min": 9963.0,
            "max": 79975.0,
            "count": 8
        },
        "Dodge.Step.sum": {
            "value": 79975.0,
            "min": 9963.0,
            "max": 79975.0,
            "count": 8
        },
        "Dodge.Policy.ExtrinsicValueEstimate.mean": {
            "value": -0.6204707026481628,
            "min": -0.6204707026481628,
            "max": 0.056595318019390106,
            "count": 8
        },
        "Dodge.Policy.ExtrinsicValueEstimate.sum": {
            "value": -144.56967163085938,
            "min": -144.56967163085938,
            "max": 12.564160346984863,
            "count": 8
        },
        "Dodge.Environment.CumulativeReward.mean": {
            "value": -0.9431818181818182,
            "min": -0.9431818181818182,
            "max": 0.06422018348623854,
            "count": 8
        },
        "Dodge.Environment.CumulativeReward.sum": {
            "value": -124.5,
            "min": -143.5,
            "max": 7.0,
            "count": 8
        },
        "Dodge.Policy.ExtrinsicReward.mean": {
            "value": -0.9431818181818182,
            "min": -0.9431818181818182,
            "max": 0.06422018348623854,
            "count": 8
        },
        "Dodge.Policy.ExtrinsicReward.sum": {
            "value": -124.5,
            "min": -143.5,
            "max": 7.0,
            "count": 8
        },
        "Dodge.Losses.PolicyLoss.mean": {
            "value": 0.24451949545951976,
            "min": 0.2403889525709473,
            "max": 0.24660048989308475,
            "count": 8
        },
        "Dodge.Losses.PolicyLoss.sum": {
            "value": 18.338962159463982,
            "min": 17.363462285228202,
            "max": 19.541790511216824,
            "count": 8
        },
        "Dodge.Losses.ValueLoss.mean": {
            "value": 0.02373357897015096,
            "min": 4.7472540280159266e-07,
            "max": 0.02373357897015096,
            "count": 8
        },
        "Dodge.Losses.ValueLoss.sum": {
            "value": 1.780018422761322,
            "min": 3.7978032224127414e-05,
            "max": 1.780018422761322,
            "count": 8
        },
        "Dodge.Policy.LearningRate.mean": {
            "value": 0.0002550374709875146,
            "min": 0.0002550374709875146,
            "max": 0.00029687093343738877,
            "count": 8
        },
        "Dodge.Policy.LearningRate.sum": {
            "value": 0.019127810324063597,
            "min": 0.019127810324063597,
            "max": 0.021840945719685,
            "count": 8
        },
        "Dodge.Policy.Epsilon.mean": {
            "value": 0.18501248533333334,
            "min": 0.18501248533333334,
            "max": 0.19895697746478871,
            "count": 8
        },
        "Dodge.Policy.Epsilon.sum": {
            "value": 13.8759364,
            "min": 13.8759364,
            "max": 15.280315000000002,
            "count": 8
        },
        "Dodge.Policy.Beta.mean": {
            "value": 0.0005000000000000001,
            "min": 0.0005,
            "max": 0.0005000000000000001,
            "count": 8
        },
        "Dodge.Policy.Beta.sum": {
            "value": 0.037500000000000006,
            "min": 0.035500000000000004,
            "max": 0.04000000000000001,
            "count": 8
        },
        "Dodge.IsTraining.mean": {
            "value": 1.0,
            "min": 1.0,
            "max": 1.0,
            "count": 8
        },
        "Dodge.IsTraining.sum": {
            "value": 1.0,
            "min": 1.0,
            "max": 1.0,
            "count": 8
        }
    },
    "metadata": {
        "timer_format_version": "0.1.0",
        "start_time_seconds": "1708831140",
        "python_version": "3.10.12 | packaged by Anaconda, Inc. | (main, Jul  5 2023, 19:01:18) [MSC v.1916 64 bit (AMD64)]",
        "command_line_arguments": "C:\\Users\\sjasr\\anaconda3\\envs\\mlagents\\Scripts\\mlagents-learn config/dodge_config.yaml --run-id=dodge_16",
        "mlagents_version": "1.0.0",
        "mlagents_envs_version": "1.0.0",
        "communication_protocol_version": "1.5.0",
        "pytorch_version": "1.13.1+cu117",
        "numpy_version": "1.23.1",
        "end_time_seconds": "1708831702"
    },
    "total": 562.3439719000016,
    "count": 1,
    "self": 0.006687699999019969,
    "children": {
        "run_training.setup": {
            "total": 0.09224839999660617,
            "count": 1,
            "self": 0.09224839999660617
        },
        "TrainerController.start_learning": {
            "total": 562.245035800006,
            "count": 1,
            "self": 0.11962749993836042,
            "children": {
                "TrainerController._reset_env": {
                    "total": 12.580380300001707,
                    "count": 1,
                    "self": 12.580380300001707
                },
                "TrainerController.advance": {
                    "total": 549.3209648000629,
                    "count": 6141,
                    "self": 0.09692910034937086,
                    "children": {
                        "env_step": {
                            "total": 123.60597899968707,
                            "count": 6141,
                            "self": 109.60817179919104,
                            "children": {
                                "SubprocessEnvManager._take_step": {
                                    "total": 13.924686800251948,
                                    "count": 6142,
                                    "self": 0.3186834998850827,
                                    "children": {
                                        "TorchPolicy.evaluate": {
                                            "total": 13.606003300366865,
                                            "count": 5095,
                                            "self": 13.606003300366865
                                        }
                                    }
                                },
                                "workers": {
                                    "total": 0.07312040024407906,
                                    "count": 6140,
                                    "self": 0.0,
                                    "children": {
                                        "worker_root": {
                                            "total": 499.6552135000675,
                                            "count": 6140,
                                            "is_parallel": true,
                                            "self": 447.6573776000587,
                                            "children": {
                                                "steps_from_proto": {
                                                    "total": 0.001189199996588286,
                                                    "count": 2,
                                                    "is_parallel": true,
                                                    "self": 0.00030679999326821417,