{
    "name": "root",
    "gauges": {
        "Dodge.Policy.Entropy.mean": {
            "value": 1.5226435661315918,
            "min": 1.517831802368164,
            "max": 1.6091628074645996,
            "count": 25
        },
        "Dodge.Policy.Entropy.sum": {
            "value": 15604.05078125,
            "min": 15047.0703125,
            "max": 17301.453125,
            "count": 25
        },
        "Dodge.Environment.EpisodeLength.mean": {
            "value": 163.59649122807016,
            "min": 129.0,
            "max": 212.19230769230768,
            "count": 25
        },
        "Dodge.Environment.EpisodeLength.sum": {
            "value": 9325.0,
            "min": 7611.0,
            "max": 12058.0,
            "count": 25
        },
        "Dodge.Step.mean": {
            "value": 249995.0,
            "min": 9974.0,
            "max": 249995.0,
            "count": 25
        },
        "Dodge.Step.sum": {
            "value": 249995.0,
            "min": 9974.0,
            "max": 249995.0,
            "count": 25
        },
        "Dodge.Policy.ExtrinsicValueEstimate.mean": {
            "value": 0.07913579791784286,
            "min": -0.0726395919919014,
            "max": 0.07913579791784286,
            "count": 25
        },
        "Dodge.Policy.ExtrinsicValueEstimate.sum": {
            "value": 14.719258308410645,
            "min": -13.583603858947754,
            "max": 14.719258308410645,
            "count": 25
        },
        "Dodge.Environment.CumulativeReward.mean": {
            "value": 0.32733334620940713,
            "min": 0.2580000099457674,
            "max": 0.4245769403821144,
            "count": 25
        },
        "Dodge.Environment.CumulativeReward.sum": {
            "value": 18.658000733936206,
            "min": 15.222000586800277,
            "max": 24.126000915421173,
            "count": 25
        },
        "Dodge.Policy.ExtrinsicReward.mean": {
            "value": 0.32733334620940713,
            "min": 0.2580000099457674,
            "max": 0.4245769403821144,
            "count": 25
        },
        "Dodge.Policy.ExtrinsicReward.sum": {
            "value": 18.658000733936206,
            "min": 15.222000586800277,
            "max": 24.126000915421173,
            "count": 25
        },
        "Dodge.IsTraining.mean": {
            "value": 1.0,
            "min": 1.0,
            "max": 1.0,
            "count": 25
        },
        "Dodge.IsTraining.sum": {
            "value": 1.0,
            "min": 1.0,
            "max": 1.0,
            "count": 25
        },
        "Dodge.Losses.PolicyLoss.mean": {
            "value": 0.023989146835083373,
            "min": 0.023499492034170545,
            "max": 0.025957732449751348,
            "count": 6
        },
        "Dodge.Losses.PolicyLoss.sum": {
            "value": 0.023989146835083373,
            "min": 0.023499492034170545,
            "max": 0.025957732449751348,
            "count": 6
        },
        "Dodge.Losses.ValueLoss.mean": {
            "value": 0.0004025177615403663,
            "min": 0.0004025177615403663,
            "max": 0.004327164694404928,
            "count": 6
        },
        "Dodge.Losses.ValueLoss.sum": {
            "value": 0.0004025177615403663,
            "min": 0.0004025177615403663,
            "max": 0.004327164694404928,
            "count": 6
        },
        "Dodge.Policy.LearningRate.mean": {
            "value": 0.00022616702461100002,
            "min": 0.00022616702461100002,
            "max": 0.0002877108040963999,
            "count": 6
        },
        "Dodge.Policy.LearningRate.sum": {
            "value": 0.00022616702461100002,
            "min": 0.00022616702461100002,
            "max": 0.0002877108040963999,
            "count": 6
        },
        "Dodge.Policy.Epsilon.mean": {
            "value": 0.32616699999999993,
            "min": 0.32616699999999993,
            "max": 0.38771079999999997,
            "count": 6
        },
        "Dodge.Policy.Epsilon.sum": {
            "value": 0.32616699999999993,
            "min": 0.32616699999999993,
            "max": 0.38771079999999997,
            "count": 6
        },
        "Dodge.Policy.Beta.mean": {
            "value": 0.004999999999999999,
            "min": 0.004999999999999999,
            "max": 0.004999999999999999,
            "count": 6
        },
        "Dodge.Policy.Beta.sum": {
            "value": 0.004999999999999999,
            "min": 0.004999999999999999,
            "max": 0.004999999999999999,
            "count": 6
        }
    },
    "metadata": {
        "timer_format_version": "0.1.0",
        "start_time_seconds": "1709430049",
        "python_version": "3.10.12 | packaged by Anaconda, Inc. | (main, Jul  5 2023, 19:01:18) [MSC v.1916 64 bit (AMD64)]",
        "command_line_arguments": "C:\\Users\\sjasr\\anaconda3\\envs\\mlagents\\Scripts\\mlagents-learn config/dodge_config.yaml --run-id=dodge_discrete_02",
        "mlagents_version": "1.0.0",
        "mlagents_envs_version": "1.0.0",
        "communication_protocol_version": "1.5.0",
        "pytorch_version": "1.13.1+cu117",
        "numpy_version": "1.23.1",
        "end_time_seconds": "1709430418"
    },
    "total": 368.9557417000033,
    "count": 1,
    "self": 0.007346400001551956,
    "children": {
        "run_training.setup": {
            "total": 0.10236020000593271,
            "count": 1,
            "self": 0.10236020000593271
        },
        "TrainerController.start_learning": {
            "total": 368.8460350999958,
            "count": 1,
            "self": 0.2205947001784807,
            "children": {
                "TrainerController._reset_env": {
                    "total": 15.852708200000052,
                    "count": 1,
                    "self": 15.852708200000052
                },
                "TrainerController.advance": {
                    "total": 352.5208588998212,
                    "count": 10551,
                    "self": 0.17723479989217594,
                    "children": {
                        "env_step": {
                            "total": 153.52891760018974,
                            "count": 10551,
                            "self": 114.31182500015711,
                            "children": {
                                "SubprocessEnvManager._take_step": {
                                    "total": 39.0897188004019,
                                    "count": 10551,
                                    "self": 0.7131811004219344,
                                    "children": {
                                        "TorchPolicy.evaluate": {
                                            "total": 38.37653769997996,
                                            "count": 10551,
                                            "self": 38.37653769997996
                                        }
                                    }
                                },
                                "workers": {
                                    "total": 0.1273737996307318,
                                    "count": 10550,
                                    "self": 0.0,
                                    "children": {
                                        "worker_root": {
                                            "total": 352.5425043998912,
                                            "count": 10550,
                                            "is_parallel": true,
                                            "self": 256.44542240008013,
                                            "children": {
                                                "steps_from_proto": {
                                                    "total": 0.0009554000062053092,
                                                    "count": 1,
                                                    "is_parallel": true,