{
    "name": "root",
    "gauges": {
        "Dodge.Policy.Entropy.mean": {
            "value": 1.3893592357635498,
            "min": 1.3893592357635498,
            "max": 1.4189382791519165,
            "count": 69
        },
        "Dodge.Policy.Entropy.sum": {
            "value": 14138.119140625,
            "min": 13508.69140625,
            "max": 15256.4248046875,
            "count": 69
        },
        "Dodge.Environment.EpisodeLength.mean": {
            "value": 483.0,
            "min": 211.25,
            "max": 499.0,
            "count": 69
        },
        "Dodge.Environment.EpisodeLength.sum": {
            "value": 9177.0,
            "min": 845.0,
            "max": 15590.0,
            "count": 69
        },
        "Dodge.Step.mean": {
            "value": 689965.0,
            "min": 9937.0,
            "max": 689965.0,
            "count": 69
        },
        "Dodge.Step.sum": {
            "value": 689965.0,
            "min": 9937.0,
            "max": 689965.0,
            "count": 69
        },
        "Dodge.Policy.ExtrinsicValueEstimate.mean": {
            "value": 0.2648637294769287,
            "min": -0.4382537007331848,
            "max": 0.3715175688266754,
            "count": 69
        },
        "Dodge.Policy.ExtrinsicValueEstimate.sum": {
            "value": 42.378196716308594,
            "min": -68.80583190917969,
            "max": 62.41495132446289,
            "count": 69
        },
        "Dodge.Environment.CumulativeReward.mean": {
            "value": 0.9444444444444444,
            "min": 0.0,
            "max": 1.0,
            "count": 69
        },
        "Dodge.Environment.CumulativeReward.sum": {
            "value": 17.0,
            "min": 0.0,
            "max": 23.0,
            "count": 69
        },
        "Dodge.Policy.ExtrinsicReward.mean": {
            "value": 0.9444444444444444,
            "min": 0.0,
            "max": 1.0,
            "count": 69
        },
        "Dodge.Policy.ExtrinsicReward.sum": {
            "value": 17.0,
            "min": 0.0,
            "max": 23.0,
            "count": 69
        },
        "Dodge.IsTraining.mean": {
            "value": 1.0,
            "min": 1.0,
            "max": 1.0,
            "count": 69
        },
        "Dodge.IsTraining.sum": {
            "value": 1.0,
            "min": 1.0,
            "max": 1.0,
            "count": 69
        },
        "Dodge.Losses.PolicyLoss.mean": {
            "value": 0.0226686949910665,
            "min": 0.016585959871816967,
            "max": 0.030189395882189274,
            "count": 68
        },
        "Dodge.Losses.PolicyLoss.sum": {
            "value": 0.0226686949910665,
            "min": 0.016585959871816967,
            "max": 0.030189395882189274,
            "count": 68
        },
        "Dodge.Losses.ValueLoss.mean": {
            "value": 0.043289159735043846,
            "min": 0.012778084759634954,
            "max": 0.047275330319448756,
            "count": 68
        },
        "Dodge.Losses.ValueLoss.sum": {
            "value": 0.043289159735043846,
            "min": 0.012778084759634954,
            "max": 0.047275330319448756,
            "count": 68
        },
        "Dodge.Policy.LearningRate.mean": {
            "value": 9.50385683205e-05,
            "min": 9.50385683205e-05,
            "max": 0.00029680770106409995,
            "count": 68
        },
        "Dodge.Policy.LearningRate.sum": {
            "value": 9.50385683205e-05,
            "min": 9.50385683205e-05,
            "max": 0.00029680770106409995,
            "count": 68
        },
        "Dodge.Policy.Epsilon.mean": {
            "value": 0.19503850000000003,
            "min": 0.19503850000000003,
            "max": 0.3968077000000001,
            "count": 68
        },
        "Dodge.Policy.Epsilon.sum": {
            "value": 0.19503850000000003,
            "min": 0.19503850000000003,
            "max": 0.3968077000000001,
            "count": 68
        },
        "Dodge.Policy.Beta.mean": {
            "value": 0.005,
            "min": 0.005,
            "max": 0.005000000000000001,
            "count": 68
        },
        "Dodge.Policy.Beta.sum": {
            "value": 0.005,
            "min": 0.005,
            "max": 0.005000000000000001,
            "count": 68
        }
    },
    "metadata": {
        "timer_format_version": "0.1.0",
        "start_time_seconds": "1708910035",
        "python_version": "3.10.12 | packaged by Anaconda, Inc. | (main, Jul  5 2023, 19:01:18) [MSC v.1916 64 bit (AMD64)]",
        "command_line_arguments": "C:\\Users\\sjasr\\anaconda3\\envs\\mlagents\\Scripts\\mlagents-learn config/dodge_config.yaml --run-id=dodge_36",
        "mlagents_version": "1.0.0",
        "mlagents_envs_version": "1.0.0",
        "communication_protocol_version": "1.5.0",
        "pytorch_version": "1.13.1+cu117",
        "numpy_version": "1.23.1",
        "end_time_seconds": "1708910711"
    },
    "total": 676.007211600001,
    "count": 1,
    "self": 0.007371899999270681,
    "children": {
        "run_training.setup": {
            "total": 0.0904757000025711,
            "count": 1,
            "self": 0.0904757000025711
        },
        "TrainerController.start_learning": {
            "total": 675.9093639999992,
            "count": 1,
            "self": 0.5897015996670234,
            "children": {
                "TrainerController._reset_env": {
                    "total": 46.49280110000109,
                    "count": 1,
                    "self": 46.49280110000109
                },
                "TrainerController.advance": {
                    "total": 628.5742634003327,
                    "count": 29891,
                    "self": 0.483521199261304,
                    "children": {
                        "env_step": {
                            "total": 358.09144710048713,
                            "count": 29891,
                            "self": 286.2125097009557,
                            "children": {
                                "SubprocessEnvManager._take_step": {
                                    "total": 71.51855560013064,
                                    "count": 29891,
                                    "self": 1.899029700376559,
                                    "children": {
                                        "TorchPolicy.evaluate": {
                                            "total": 69.61952589975408,
                                            "count": 28915,
                                            "self": 69.61952589975408
                                        }
                                    }
                                },
                                "workers": {
                                    "total": 0.3603817994007841,
                                    "count": 29891,
                                    "self": 0.0,
                                    "children": {
                                        "worker_root": {
                                            "total": 626.7923240004384,
                                            "count": 29891,
                                            "is_parallel": true,
                                            "self": 384.36165700055426,
                                            "children": {
                                                "steps_from_proto": {
                                                    "total": 0.0006781999982194975,
                                                    "count": 1,
                                                    "is_parallel": true,
                                                    "self": 0.000137999995786231,
                                                    "children": {
                                                        "_process_rank_one_or_two_observation": {
                                                            "total": 0.0005402000024332665,