{
    "name": "root",
    "gauges": {
        "Dodge.Policy.Entropy.mean": {
            "value": 1.3160462379455566,
            "min": 1.3160462379455566,
            "max": 1.4105615615844727,
            "count": 4
        },
        "Dodge.Policy.Entropy.sum": {
            "value": 13181.51953125,
            "min": 13181.51953125,
            "max": 14579.564453125,
            "count": 4
        },
        "Dodge.Environment.EpisodeLength.mean": {
            "value": 29.601823708206688,
            "min": 29.601823708206688,
            "max": 38.87951807228916,
            "count": 4
        },
        "Dodge.Environment.EpisodeLength.sum": {
            "value": 9739.0,
            "min": 9624.0,
            "max": 9865.0,
            "count": 4
        },
        "Dodge.Step.mean": {
            "value": 39996.0,
            "min": 9989.0,
            "max": 39996.0,
            "count": 4
        },
        "Dodge.Step.sum": {
            "value": 39996.0,
            "min": 9989.0,
            "max": 39996.0,
            "count": 4
        },
        "Dodge.Policy.ExtrinsicValueEstimate.mean": {
            "value": -7.33637425582856e-05,
            "min": -0.002509054960682988,
            "max": -5.650507955579087e-05,
            "count": 4
        },
        "Dodge.Policy.ExtrinsicValueEstimate.sum": {
            "value": -0.025383854284882545,
            "min": -0.7778070569038391,
            "max": -0.01689501851797104,
            "count": 4
        },
        "Dodge.Environment.CumulativeReward.mean": {
            "value": 0.0,
            "min": 0.0,
            "max": 0.0,
            "count": 4
        },
        "Dodge.Environment.CumulativeReward.sum": {
            "value": 0.0,
            "min": 0.0,
            "max": 0.0,
            "count": 4
        },
        "Dodge.Policy.ExtrinsicReward.mean": {
            "value": 0.0,
            "min": 0.0,
            "max": 0.0,
            "count": 4
        },
        "Dodge.Policy.ExtrinsicReward.sum": {
            "value": 0.0,
            "min": 0.0,
            "max": 0.0,
            "count": 4
        },
        "Dodge.Losses.PolicyLoss.mean": {
            "value": 0.24002478037199157,
            "min": 0.24002478037199157,
            "max": 0.2457059588492124,
            "count": 4
        },
        "Dodge.Losses.PolicyLoss.sum": {
            "value": 19.201982429759326,
            "min": 18.880510809593808,
            "max": 20.147888625635417,
            "count": 4
        },
        "Dodge.Losses.ValueLoss.mean": {
            "value": 2.865671588944324e-06,
            "min": 2.865671588944324e-06,
            "max": 0.0005452864379761373,
            "count": 4
        },
        "Dodge.Losses.ValueLoss.sum": {
            "value": 0.00022925372711554595,
            "min": 0.00022925372711554595,
            "max": 0.04198705572416257,
            "count": 4
        },
        "Dodge.Policy.LearningRate.mean": {
            "value": 0.00027898946950351245,
            "min": 0.00027898946950351245,
            "max": 0.00029696495945323896,
            "count": 4
        },
        "Dodge.Policy.LearningRate.sum": {
            "value": 0.022319157560280998,
            "min": 0.022319157560280998,
            "max": 0.02336712041096,
            "count": 4
        },
        "Dodge.Policy.Epsilon.mean": {
            "value": 0.37898946250000004,
            "min": 0.37898946250000004,
            "max": 0.39696495844155844,
            "count": 4
        },
        "Dodge.Policy.Epsilon.sum": {
            "value": 30.319157000000004,
            "min": 30.319157000000004,
            "max": 31.567120000000006,
            "count": 4
        },
        "Dodge.Policy.Beta.mean": {
            "value": 0.0005000000000000001,
            "min": 0.0005000000000000001,
            "max": 0.0005000000000000001,
            "count": 4
        },
        "Dodge.Policy.Beta.sum": {
            "value": 0.04000000000000001,
            "min": 0.038500000000000006,
            "max": 0.04100000000000001,
            "count": 4
        },
        "Dodge.IsTraining.mean": {
            "value": 1.0,
            "min": 1.0,
            "max": 1.0,
            "count": 4
        },
        "Dodge.IsTraining.sum": {
            "value": 1.0,
            "min": 1.0,
            "max": 1.0,
            "count": 4
        }
    },
    "metadata": {
        "timer_format_version": "0.1.0",
        "start_time_seconds": "1708878542",
        "python_version": "3.10.12 | packaged by Anaconda, Inc. | (main, Jul  5 2023, 19:01:18) [MSC v.1916 64 bit (AMD64)]",
        "command_line_arguments": "C:\\Users\\sjasr\\anaconda3\\envs\\mlagents\\Scripts\\mlagents-learn config/dodge_config.yaml --run-id=dodge_20",
        "mlagents_version": "1.0.0",
        "mlagents_envs_version": "1.0.0",
        "communication_protocol_version": "1.5.0",
        "pytorch_version": "1.13.1+cu117",
        "numpy_version": "1.23.1",
        "end_time_seconds": "1708878831"
    },
    "total": 289.29882199999884,
    "count": 1,
    "self": 0.006804200000260607,
    "children": {
        "run_training.setup": {
            "total": 0.08638459999929182,
            "count": 1,
            "self": 0.08638459999929182
        },
        "TrainerController.start_learning": {
            "total": 289.2056331999993,
            "count": 1,
            "self": 0.07591770003091369,
            "children": {
                "TrainerController._reset_env": {
                    "total": 8.276365200001237,
                    "count": 1,
                    "self": 8.276365200001237
                },
                "TrainerController.advance": {
                    "total": 280.4733429999669,
                    "count": 3875,
                    "self": 0.06335349992150441,
                    "children": {
                        "env_step": {
                            "total": 37.65092520003964,
                            "count": 3875,
                            "self": 29.97555600004125,
                            "children": {
                                "SubprocessEnvManager._take_step": {
                                    "total": 7.629477800037421,
                                    "count": 3875,
                                    "self": 0.18336470001304406,
                                    "children": {
                                        "TorchPolicy.evaluate": {
                                            "total": 7.446113100024377,
                                            "count": 2874,
                                            "self": 7.446113100024377
                                        }
                                    }
                                },
                                "workers": {
                                    "total": 0.04589139996096492,
                                    "count": 3874,
                                    "self": 0.0,
                                    "children": {
                                        "worker_root": {
                                            "total": 280.3646570000219,
                                            "count": 3874,
                                            "is_parallel": true,
                                            "self": 255.5784900000508,
                                            "children": {
                                                "steps_from_proto": {
                                                    "total": 0.0005222999989200616,
                                                    "count": 1,
                                                    "is_parallel": true,
                                                    "self": 0.00012629999582713936,