{
    "name": "root",
    "gauges": {
        "Dodge.Policy.Entropy.mean": {
            "value": 1.3481305837631226,
            "min": 1.3481305837631226,
            "max": 1.4205186367034912,
            "count": 4
        },
        "Dodge.Policy.Entropy.sum": {
            "value": 13497.4833984375,
            "min": 13497.4833984375,
            "max": 14225.0732421875,
            "count": 4
        },
        "Dodge.Step.mean": {
            "value": 39948.0,
            "min": 9950.0,
            "max": 39948.0,
            "count": 4
        },
        "Dodge.Step.sum": {
            "value": 39948.0,
            "min": 9950.0,
            "max": 39948.0,
            "count": 4
        },
        "Dodge.Policy.ExtrinsicValueEstimate.mean": {
            "value": 0.3787078857421875,
            "min": 0.3642728328704834,
            "max": 0.42495691776275635,
            "count": 4
        },
        "Dodge.Policy.ExtrinsicValueEstimate.sum": {
            "value": 66.652587890625,
            "min": 59.740745544433594,
            "max": 72.61416625976562,
            "count": 4
        },
        "Dodge.Losses.PolicyLoss.mean": {
            "value": 0.24315564025149847,
            "min": 0.24292005115298912,
            "max": 0.2503306835395786,
            "count": 4
        },
        "Dodge.Losses.PolicyLoss.sum": {
            "value": 18.96613993961688,
            "min": 18.70484393878016,
            "max": 19.52579331608713,
            "count": 4
        },
        "Dodge.Losses.ValueLoss.mean": {
            "value": 0.007337795747283176,
            "min": 0.005309463751561295,
            "max": 0.007337795747283176,
            "count": 4
        },
        "Dodge.Losses.ValueLoss.sum": {
            "value": 0.5723480682880877,
            "min": 0.4123214949566668,
            "max": 0.5723480682880877,
            "count": 4
        },
        "Dodge.Policy.LearningRate.mean": {
            "value": 0.0002790293377594538,
            "min": 0.0002790293377594538,
            "max": 0.00029699802631711394,
            "count": 4
        },
        "Dodge.Policy.LearningRate.sum": {
            "value": 0.021764288345237397,
            "min": 0.021764288345237397,
            "max": 0.023462844079052,
            "count": 4
        },
        "Dodge.Policy.Epsilon.mean": {
            "value": 0.19300977692307691,
            "min": 0.19300977692307691,
            "max": 0.19899934177215192,
            "count": 4
        },
        "Dodge.Policy.Epsilon.sum": {
            "value": 15.0547626,
            "min": 15.015089600000001,
            "max": 15.720948000000002,
            "count": 4
        },
        "Dodge.Policy.Beta.mean": {
            "value": 0.0005000000000000001,
            "min": 0.0005000000000000001,
            "max": 0.0005000000000000001,
            "count": 4
        },
        "Dodge.Policy.Beta.sum": {
            "value": 0.03900000000000001,
            "min": 0.038500000000000006,
            "max": 0.03950000000000001,
            "count": 4
        },
        "Dodge.Environment.EpisodeLength.mean": {
            "value": 271.77777777777777,
            "min": 271.77777777777777,
            "max": 515.9473684210526,
            "count": 4
        },
        "Dodge.Environment.EpisodeLength.sum": {
            "value": 9784.0,
            "min": 9562.0,
            "max": 10562.0,
            "count": 4
        },
        "Dodge.Environment.CumulativeReward.mean": {
            "value": 1.359108201819598,
            "min": 1.359108201819598,
            "max": 2.5802107008272097,
            "count": 4
        },
        "Dodge.Environment.CumulativeReward.sum": {
            "value": 50.28700346732512,
            "min": 47.81400326639414,
            "max": 51.46000350918621,
            "count": 4
        },
        "Dodge.Policy.ExtrinsicReward.mean": {
            "value": 1.359108201819598,
            "min": 1.359108201819598,
            "max": 2.5802107008272097,
            "count": 4
        },
        "Dodge.Policy.ExtrinsicReward.sum": {
            "value": 50.28700346732512,
            "min": 47.81400326639414,
            "max": 51.46000350918621,
            "count": 4
        },
        "Dodge.IsTraining.mean": {
            "value": 1.0,
            "min": 1.0,
            "max": 1.0,
            "count": 4
        },
        "Dodge.IsTraining.sum": {
            "value": 1.0,
            "min": 1.0,
            "max": 1.0,
            "count": 4
        }
    },
    "metadata": {
        "timer_format_version": "0.1.0",
        "start_time_seconds": "1708302798",
        "python_version": "3.10.12 | packaged by Anaconda, Inc. | (main, Jul  5 2023, 19:01:18) [MSC v.1916 64 bit (AMD64)]",
        "command_line_arguments": "C:\\Users\\sjasr\\anaconda3\\envs\\mlagents\\Scripts\\mlagents-learn config/dodge_config.yaml --run-id=dodge_06",
        "mlagents_version": "1.0.0",
        "mlagents_envs_version": "1.0.0",
        "communication_protocol_version": "1.5.0",
        "pytorch_version": "1.13.1+cu117",
        "numpy_version": "1.23.1",
        "end_time_seconds": "1708303333"
    },
    "total": 535.0446920000104,
    "count": 1,
    "self": 0.007084800017764792,
    "children": {
        "run_training.setup": {
            "total": 0.09044859999266919,
            "count": 1,
            "self": 0.09044859999266919
        },
        "TrainerController.start_learning": {
            "total": 534.9471586,
            "count": 1,
            "self": 0.6081468020565808,
            "children": {
                "TrainerController._reset_env": {
                    "total": 10.360000399989076,
                    "count": 1,
                    "self": 10.360000399989076
                },
                "TrainerController.advance": {
                    "total": 523.7252764979494,
                    "count": 41334,
                    "self": 0.5563905967137543,
                    "children": {
                        "env_step": {
                            "total": 311.3874403004738,
                            "count": 41334,
                            "self": 191.87348589698377,
                            "children": {
                                "SubprocessEnvManager._take_step": {
                                    "total": 119.09651970124105,
                                    "count": 41334,
                                    "self": 1.766761700506322,
                                    "children": {
                                        "TorchPolicy.evaluate": {
                                            "total": 117.32975800073473,
                                            "count": 41241,
                                            "self": 117.32975800073473
                                        }
                                    }
                                },
                                "workers": {
                                    "total": 0.417434702249011,
                                    "count": 41333,
                                    "self": 0.0,
                                    "children": {
                                        "worker_root": {
                                            "total": 521.8306022011238,
                                            "count": 41333,
                                            "is_parallel": true,
                                            "self": 361.17266400149674,
                                            "children": {
                                                "steps_from_proto": {
                                                    "total": 0.0002842999965650961,
                                                    "count": 1,
                                                    "is_parallel": true,
                                                    "self": 9.470000804867595e-05,