{
    "name": "root",
    "gauges": {
        "Dodge.Policy.Entropy.mean": {
            "value": 2.0750787258148193,
            "min": 2.0401129722595215,
            "max": 2.1455023288726807,
            "count": 87
        },
        "Dodge.Policy.Entropy.sum": {
            "value": 20667.78515625,
            "min": 20150.6484375,
            "max": 21633.8515625,
            "count": 87
        },
        "Dodge.Step.mean": {
            "value": 869998.0,
            "min": 9975.0,
            "max": 869998.0,
            "count": 87
        },
        "Dodge.Step.sum": {
            "value": 869998.0,
            "min": 9975.0,
            "max": 869998.0,
            "count": 87
        },
        "Dodge.Policy.ExtrinsicValueEstimate.mean": {
            "value": 0.2667999565601349,
            "min": 0.21791356801986694,
            "max": 0.26753076910972595,
            "count": 87
        },
        "Dodge.Policy.ExtrinsicValueEstimate.sum": {
            "value": 89.37798309326172,
            "min": 73.43687438964844,
            "max": 90.69293212890625,
            "count": 87
        },
        "Dodge.Policy.CuriosityValueEstimate.mean": {
            "value": 0.0012675134930759668,
            "min": -0.0016034551663324237,
            "max": 0.0037037876900285482,
            "count": 87
        },
        "Dodge.Policy.CuriosityValueEstimate.sum": {
            "value": 0.4246170222759247,
            "min": -0.5403643846511841,
            "max": 1.2555840015411377,
            "count": 87
        },
        "Dodge.Environment.EpisodeLength.mean": {
            "value": 254.56410256410257,
            "min": 183.67307692307693,
            "max": 257.5405405405405,
            "count": 87
        },
        "Dodge.Environment.EpisodeLength.sum": {
            "value": 9928.0,
            "min": 6425.0,
            "max": 11675.0,
            "count": 87
        },
        "Dodge.Environment.CumulativeReward.mean": {
            "value": 0.8505983111950067,
            "min": 0.6091824025091417,
            "max": 0.8638211597756642,
            "count": 87
        },
        "Dodge.Environment.CumulativeReward.sum": {
            "value": 33.17333413660526,
            "min": 21.4566671513021,
            "max": 39.02000091224909,
            "count": 87
        },
        "Dodge.Policy.ExtrinsicReward.mean": {
            "value": 0.8505983111950067,
            "min": 0.6091824025091417,
            "max": 0.8638211597756642,
            "count": 87
        },
        "Dodge.Policy.ExtrinsicReward.sum": {
            "value": 33.17333413660526,
            "min": 21.4566671513021,
            "max": 39.02000091224909,
            "count": 87
        },
        "Dodge.Policy.CuriosityReward.mean": {
            "value": 0.000967558944583475,
            "min": 0.00021320124105841387,
            "max": 0.0013995424001444828,
            "count": 87
        },
        "Dodge.Policy.CuriosityReward.sum": {
            "value": 0.03773479883875552,
            "min": 0.006396037231752416,
            "max": 0.061428254928387105,
            "count": 87
        },
        "Dodge.Losses.PolicyLoss.mean": {
            "value": 0.03377463758806698,
            "min": 0.023277377761486504,
            "max": 0.04124094465643995,
            "count": 87
        },
        "Dodge.Losses.PolicyLoss.sum": {
            "value": 0.06754927517613396,
            "min": 0.05318143645611902,
            "max": 0.12372283396931985,
            "count": 87
        },
        "Dodge.Losses.ValueLoss.mean": {
            "value": 0.00034549575229902985,
            "min": 0.00022166625331010437,
            "max": 0.0015294159232629076,
            "count": 87
        },
        "Dodge.Losses.ValueLoss.sum": {
            "value": 0.0006909915045980597,
            "min": 0.00044333250662020873,
            "max": 0.0030588318465258153,
            "count": 87
        },
        "Dodge.Policy.LearningRate.mean": {
            "value": 4.0530836489750005e-05,
            "min": 4.0530836489750005e-05,
            "max": 0.0002980293006569,
            "count": 87
        },
        "Dodge.Policy.LearningRate.sum": {
            "value": 8.106167297950001e-05,
            "min": 8.106167297950001e-05,
            "max": 0.0008773749075417,
            "count": 87
        },
        "Dodge.Policy.Epsilon.mean": {
            "value": 0.10000000000000002,
            "min": 0.10000000000000002,
            "max": 0.10000000000000002,
            "count": 87
        },
        "Dodge.Policy.Epsilon.sum": {
            "value": 0.20000000000000004,
            "min": 0.20000000000000004,
            "max": 0.30000000000000004,
            "count": 87
        },
        "Dodge.Policy.Beta.mean": {
            "value": 0.005,
            "min": 0.005,
            "max": 0.005,
            "count": 87
        },
        "Dodge.Policy.Beta.sum": {
            "value": 0.01,
            "min": 0.01,
            "max": 0.015,
            "count": 87
        },
        "Dodge.Losses.CuriosityForwardLoss.mean": {
            "value": 0.0038927137599481893,
            "min": 0.0021262506035984396,
            "max": 0.0056276363029610366,
            "count": 87
        },
        "Dodge.Losses.CuriosityForwardLoss.sum": {
            "value": 0.007785427519896379,
            "min": 0.004433092658776634,
            "max": 0.016390396607069608,
            "count": 87
        },
        "Dodge.Losses.CuriosityInverseLoss.mean": {
            "value": 2.0712093710899353,
            "min": 2.033623141547044,
            "max": 2.1473323454459505,
            "count": 87
        },
        "Dodge.Losses.CuriosityInverseLoss.sum": {
            "value": 4.142418742179871,
            "min": 4.067246283094088,
            "max": 6.4346927503744755,
            "count": 87
        },
        "Dodge.IsTraining.mean": {
            "value": 1.0,
            "min": 1.0,
            "max": 1.0,
            "count": 87
        },
        "Dodge.IsTraining.sum": {
            "value": 1.0,
            "min": 1.0,
            "max": 1.0,
            "count": 87
        }
    },
    "metadata": {
        "timer_format_version": "0.1.0",
        "start_time_seconds": "1709482705",
        "python_version": "3.10.12 | packaged by Anaconda, Inc. | (main, Jul  5 2023, 19:01:18) [MSC v.1916 64 bit (AMD64)]",
        "command_line_arguments": "C:\\Users\\sjasr\\anaconda3\\envs\\mlagents\\Scripts\\mlagents-learn config/dodge_config.yaml --initialize-from=dodge_discrete_13 --run-id=dodge_discrete_13.1",
        "mlagents_version": "1.0.0",
        "mlagents_envs_version": "1.0.0",
        "communication_protocol_version": "1.5.0",
        "pytorch_version": "1.13.1+cu117",
        "numpy_version": "1.23.1",
        "end_time_seconds": "1709483774"
    },
    "total": 1068.5491322999987,
    "count": 1,
    "self": 0.008938199998738128,
    "children": {
        "run_training.setup": {
            "total": 0.10011020000092685,
            "count": 1,
            "self": 0.10011020000092685
        },
        "TrainerController.start_learning": {
            "total": 1068.440083899999,
            "count": 1,
            "self": 0.7861507001161954,
            "children": {
                "TrainerController._reset_env": {
                    "total": 12.59079600000041,
                    "count": 1,
                    "self": 12.59079600000041
                },
                "TrainerController.advance": {
                    "total": 1054.8514597998837,
                    "count": 36334,
                    "self": 0.5961694001471187,
                    "children": {
                        "env_step": {
                            "total": 371.07184559993766,
                            "count": 36334,
                            "self": 252.81280940004035,