{
    "name": "root",
    "gauges": {
        "Chase.Policy.Entropy.mean": {
            "value": 1.173233151435852,
            "min": 1.1142046451568604,
            "max": 1.2291290760040283,
            "count": 16
        },
        "Chase.Policy.Entropy.sum": {
            "value": 11840.2685546875,
            "min": 11166.14453125,
            "max": 12363.8447265625,
            "count": 16
        },
        "Chase.Environment.EpisodeLength.mean": {
            "value": 69.14393939393939,
            "min": 35.739622641509435,
            "max": 146.42222222222222,
            "count": 16
        },
        "Chase.Environment.EpisodeLength.sum": {
            "value": 9127.0,
            "min": 7285.0,
            "max": 13178.0,
            "count": 16
        },
        "Chase.Step.mean": {
            "value": 159990.0,
            "min": 9992.0,
            "max": 159990.0,
            "count": 16
        },
        "Chase.Step.sum": {
            "value": 159990.0,
            "min": 9992.0,
            "max": 159990.0,
            "count": 16
        },
        "Chase.Policy.ExtrinsicValueEstimate.mean": {
            "value": 0.13352203369140625,
            "min": -0.08727286010980606,
            "max": 0.43203020095825195,
            "count": 16
        },
        "Chase.Policy.ExtrinsicValueEstimate.sum": {
            "value": 31.64472198486328,
            "min": -20.858213424682617,
            "max": 139.1137237548828,
            "count": 16
        },
        "Chase.Environment.CumulativeReward.mean": {
            "value": 0.23484848484848486,
            "min": -0.053691275167785234,
            "max": 0.5660377358490566,
            "count": 16
        },
        "Chase.Environment.CumulativeReward.sum": {
            "value": 31.0,
            "min": -8.0,
            "max": 150.0,
            "count": 16
        },
        "Chase.Policy.ExtrinsicReward.mean": {
            "value": 0.23484848484848486,
            "min": -0.053691275167785234,
            "max": 0.5660377358490566,
            "count": 16
        },
        "Chase.Policy.ExtrinsicReward.sum": {
            "value": 31.0,
            "min": -8.0,
            "max": 150.0,
            "count": 16
        },
        "Chase.Losses.PolicyLoss.mean": {
            "value": 0.24089247242033326,
            "min": 0.23831357587206686,
            "max": 0.252546985903854,
            "count": 16
        },
        "Chase.Losses.PolicyLoss.sum": {
            "value": 18.54872037636566,
            "min": 17.635764830444348,
            "max": 19.536553876480014,
            "count": 16
        },
        "Chase.Losses.ValueLoss.mean": {
            "value": 0.1315353203433935,
            "min": 0.08734347234440473,
            "max": 0.17124108900743634,
            "count": 16
        },
        "Chase.Losses.ValueLoss.sum": {
            "value": 10.128219666441298,
            "min": 6.46341695348595,
            "max": 13.528046031587472,
            "count": 16
        },
        "Chase.Policy.LearningRate.mean": {
            "value": 0.00020704549851731165,
            "min": 0.00020704549851731165,
            "max": 0.00029699312758456965,
            "count": 16
        },
        "Chase.Policy.LearningRate.sum": {
            "value": 0.015942503385832998,
            "min": 0.015942503385832998,
            "max": 0.023462457079181,
            "count": 16
        },
        "Chase.Policy.Epsilon.mean": {
            "value": 0.16901515584415583,
            "min": 0.16901515584415583,
            "max": 0.19899770886075951,
            "count": 16
        },
        "Chase.Policy.Epsilon.sum": {
            "value": 13.014166999999999,
            "min": 12.775167399999999,
            "max": 15.720819000000002,
            "count": 16
        },
        "Chase.Policy.Beta.mean": {
            "value": 0.0005000000000000001,
            "min": 0.0005,
            "max": 0.0005000000000000001,
            "count": 16
        },
        "Chase.Policy.Beta.sum": {
            "value": 0.038500000000000006,
            "min": 0.036500000000000005,
            "max": 0.04050000000000001,
            "count": 16
        },
        "Chase.IsTraining.mean": {
            "value": 1.0,
            "min": 1.0,
            "max": 1.0,
            "count": 16
        },
        "Chase.IsTraining.sum": {
            "value": 1.0,
            "min": 1.0,
            "max": 1.0,
            "count": 16
        }
    },
    "metadata": {
        "timer_format_version": "0.1.0",
        "start_time_seconds": "1703545526",
        "python_version": "3.10.12 | packaged by Anaconda, Inc. | (main, Jul  5 2023, 19:01:18) [MSC v.1916 64 bit (AMD64)]",
        "command_line_arguments": "C:\\Users\\sjasr\\anaconda3\\envs\\mlagents\\Scripts\\mlagents-learn config/chase_config.yaml --initialize-from=Chase4 --run-id=Chase11",
        "mlagents_version": "1.0.0",
        "mlagents_envs_version": "1.0.0",
        "communication_protocol_version": "1.5.0",
        "pytorch_version": "1.13.1+cu117",
        "numpy_version": "1.23.1",
        "end_time_seconds": "1703546075"
    },
    "total": 549.5634668999992,
    "count": 1,
    "self": 0.012277800000447314,
    "children": {
        "run_training.setup": {
            "total": 0.0900493999979517,
            "count": 1,
            "self": 0.0900493999979517
        },
        "TrainerController.start_learning": {
            "total": 549.4611397000008,
            "count": 1,
            "self": 0.3092153999459697,
            "children": {
                "TrainerController._reset_env": {
                    "total": 8.600655800000823,
                    "count": 1,
                    "self": 8.600655800000823
                },
                "TrainerController.advance": {
                    "total": 540.4609847000538,
                    "count": 15829,
                    "self": 0.25422829997114604,
                    "children": {
                        "env_step": {
                            "total": 153.57170479989145,
                            "count": 15829,
                            "self": 122.22485509967737,
                            "children": {
                                "SubprocessEnvManager._take_step": {
                                    "total": 31.154804100053298,
                                    "count": 15829,
                                    "self": 0.8242439999703493,
                                    "children": {
                                        "TorchPolicy.evaluate": {
                                            "total": 30.33056010008295,
                                            "count": 13621,
                                            "self": 30.33056010008295
                                        }
                                    }
                                },
                                "workers": {
                                    "total": 0.19204560016078176,
                                    "count": 15828,
                                    "self": 0.0,
                                    "children": {
                                        "worker_root": {
                                            "total": 540.3568914001044,
                                            "count": 15828,
                                            "is_parallel": true,
                                            "self": 435.8447904002933,
                                            "children": {
                                                "steps_from_proto": {
                                                    "total": 0.0005657999972754624,
                                                    "count": 1,
                                                    "is_parallel": true,
                                                    "self": 0.00016139999570441432,