{
    "name": "root",
    "gauges": {
        "Dodge.Policy.Entropy.mean": {
            "value": 2.0885140895843506,
            "min": 2.010255813598633,
            "max": 2.1853573322296143,
            "count": 93
        },
        "Dodge.Policy.Entropy.sum": {
            "value": 21052.22265625,
            "min": 19790.58203125,
            "max": 23496.962890625,
            "count": 93
        },
        "Dodge.Step.mean": {
            "value": 929997.0,
            "min": 9957.0,
            "max": 929997.0,
            "count": 93
        },
        "Dodge.Step.sum": {
            "value": 929997.0,
            "min": 9957.0,
            "max": 929997.0,
            "count": 93
        },
        "Dodge.Policy.ExtrinsicValueEstimate.mean": {
            "value": 0.08704143017530441,
            "min": -0.1271994411945343,
            "max": 0.09831830859184265,
            "count": 93
        },
        "Dodge.Policy.ExtrinsicValueEstimate.sum": {
            "value": 14.100711822509766,
            "min": -20.733509063720703,
            "max": 16.320838928222656,
            "count": 93
        },
        "Dodge.Environment.EpisodeLength.mean": {
            "value": 898.2142857142857,
            "min": 193.3235294117647,
            "max": 898.2142857142857,
            "count": 93
        },
        "Dodge.Environment.EpisodeLength.sum": {
            "value": 12575.0,
            "min": 3393.0,
            "max": 14259.0,
            "count": 93
        },
        "Dodge.Environment.CumulativeReward.mean": {
            "value": 0.8911538880604964,
            "min": 0.1948857228138617,
            "max": 1.0427059246199752,
            "count": 93
        },
        "Dodge.Environment.CumulativeReward.sum": {
            "value": 11.585000544786453,
            "min": 3.479000142775476,
            "max": 17.72600071853958,
            "count": 93
        },
        "Dodge.Policy.ExtrinsicReward.mean": {
            "value": 0.8911538880604964,
            "min": 0.1948857228138617,
            "max": 1.0427059246199752,
            "count": 93
        },
        "Dodge.Policy.ExtrinsicReward.sum": {
            "value": 11.585000544786453,
            "min": 3.479000142775476,
            "max": 17.72600071853958,
            "count": 93
        },
        "Dodge.Losses.PolicyLoss.mean": {
            "value": 0.06972561731163296,
            "min": 0.06122999536637508,
            "max": 0.076271980704405,
            "count": 93
        },
        "Dodge.Losses.PolicyLoss.sum": {
            "value": 0.13945123462326592,
            "min": 0.12245999073275016,
            "max": 0.21982416207174538,
            "count": 93
        },
        "Dodge.Losses.ValueLoss.mean": {
            "value": 3.316314382040275e-05,
            "min": 1.811667136841777e-05,
            "max": 0.0020642545496046584,
            "count": 93
        },
        "Dodge.Losses.ValueLoss.sum": {
            "value": 6.63262876408055e-05,
            "min": 3.623334273683554e-05,
            "max": 0.004128509099209317,
            "count": 93
        },
        "Dodge.Policy.LearningRate.mean": {
            "value": 2.2600142466649996e-05,
            "min": 2.2600142466649996e-05,
            "max": 0.0002979828006724,
            "count": 93
        },
        "Dodge.Policy.LearningRate.sum": {
            "value": 4.520028493329999e-05,
            "min": 4.520028493329999e-05,
            "max": 0.0008768721077092998,
            "count": 93
        },
        "Dodge.Policy.Epsilon.mean": {
            "value": 0.10753335,
            "min": 0.10753335,
            "max": 0.19932760000000002,
            "count": 93
        },
        "Dodge.Policy.Epsilon.sum": {
            "value": 0.2150667,
            "min": 0.2150667,
            "max": 0.5922907000000001,
            "count": 93
        },
        "Dodge.Policy.Beta.mean": {
            "value": 0.005,
            "min": 0.004999999999999999,
            "max": 0.005,
            "count": 93
        },
        "Dodge.Policy.Beta.sum": {
            "value": 0.01,
            "min": 0.009999999999999998,
            "max": 0.015,
            "count": 93
        },
        "Dodge.IsTraining.mean": {
            "value": 1.0,
            "min": 1.0,
            "max": 1.0,
            "count": 93
        },
        "Dodge.IsTraining.sum": {
            "value": 1.0,
            "min": 1.0,
            "max": 1.0,
            "count": 93
        }
    },
    "metadata": {
        "timer_format_version": "0.1.0",
        "start_time_seconds": "1709475209",
        "python_version": "3.10.12 | packaged by Anaconda, Inc. | (main, Jul  5 2023, 19:01:18) [MSC v.1916 64 bit (AMD64)]",
        "command_line_arguments": "C:\\Users\\sjasr\\anaconda3\\envs\\mlagents\\Scripts\\mlagents-learn config/dodge_config.yaml --run-id=dodge_discrete_10",
        "mlagents_version": "1.0.0",
        "mlagents_envs_version": "1.0.0",
        "communication_protocol_version": "1.5.0",
        "pytorch_version": "1.13.1+cu117",
        "numpy_version": "1.23.1",
        "end_time_seconds": "1709476496"
    },
    "total": 1287.6341824999995,
    "count": 1,
    "self": 0.010154599999168568,
    "children": {
        "run_training.setup": {
            "total": 0.09282010000015362,
            "count": 1,
            "self": 0.09282010000015362
        },
        "TrainerController.start_learning": {
            "total": 1287.5312078000002,
            "count": 1,
            "self": 0.8143116999553968,
            "children": {
                "TrainerController._reset_env": {
                    "total": 9.712708600000042,
                    "count": 1,
                    "self": 9.712708600000042
                },
                "TrainerController.advance": {
                    "total": 1276.7811356000443,
                    "count": 39034,
                    "self": 0.645441100206881,
                    "children": {
                        "env_step": {
                            "total": 400.74591639987057,
                            "count": 39034,
                            "self": 259.83804509997026,
                            "children": {
                                "SubprocessEnvManager._take_step": {
                                    "total": 140.4445555000052,
                                    "count": 39035,
                                    "self": 2.1843537000877404,
                                    "children": {
                                        "TorchPolicy.evaluate": {
                                            "total": 138.26020179991747,
                                            "count": 39035,
                                            "self": 138.26020179991747
                                        }
                                    }
                                },
                                "workers": {
                                    "total": 0.4633157998950992,
                                    "count": 39033,
                                    "self": 0.0,
                                    "children": {
                                        "worker_root": {
                                            "total": 1262.6574257999896,
                                            "count": 39033,
                                            "is_parallel": true,
                                            "self": 1080.2627626999906,
                                            "children": {
                                                "steps_from_proto": {
                                                    "total": 0.00809389999949417,
                                                    "count": 2,
                                                    "is_parallel": true,
                                                    "self": 0.0032175999995160964,