{
    "name": "root",
    "gauges": {
        "Dodge.Policy.Entropy.mean": {
            "value": 2.0453732013702393,
            "min": 1.909613013267517,
            "max": 2.1938512325286865,
            "count": 38
        },
        "Dodge.Policy.Entropy.sum": {
            "value": 20476.23046875,
            "min": 19071.3046875,
            "max": 22890.64453125,
            "count": 38
        },
        "Dodge.Environment.EpisodeLength.mean": {
            "value": 308.3103448275862,
            "min": 112.96,
            "max": 367.36842105263156,
            "count": 38
        },
        "Dodge.Environment.EpisodeLength.sum": {
            "value": 8941.0,
            "min": 5521.0,
            "max": 13960.0,
            "count": 38
        },
        "Dodge.Step.mean": {
            "value": 379984.0,
            "min": 9996.0,
            "max": 379984.0,
            "count": 38
        },
        "Dodge.Step.sum": {
            "value": 379984.0,
            "min": 9996.0,
            "max": 379984.0,
            "count": 38
        },
        "Dodge.Policy.ExtrinsicValueEstimate.mean": {
            "value": 0.07268234342336655,
            "min": -0.00842983741313219,
            "max": 0.07911597937345505,
            "count": 38
        },
        "Dodge.Policy.ExtrinsicValueEstimate.sum": {
            "value": 23.83980941772461,
            "min": -2.840855121612549,
            "max": 25.870925903320312,
            "count": 38
        },
        "Dodge.Policy.CuriosityValueEstimate.mean": {
            "value": 0.0022994624450802803,
            "min": 0.0013217494124546647,
            "max": 0.23257151246070862,
            "count": 38
        },
        "Dodge.Policy.CuriosityValueEstimate.sum": {
            "value": 0.754223644733429,
            "min": 0.44014254212379456,
            "max": 78.84174346923828,
            "count": 38
        },
        "Dodge.Environment.CumulativeReward.mean": {
            "value": 0.3185000151404113,
            "min": 0.11287755631765693,
            "max": 0.376184228443124,
            "count": 38
        },
        "Dodge.Environment.CumulativeReward.sum": {
            "value": 8.918000423931517,
            "min": 5.5310002595651895,
            "max": 14.295000680838712,
            "count": 38
        },
        "Dodge.Policy.ExtrinsicReward.mean": {
            "value": 0.3185000151404113,
            "min": 0.11287755631765693,
            "max": 0.376184228443124,
            "count": 38
        },
        "Dodge.Policy.ExtrinsicReward.sum": {
            "value": 8.918000423931517,
            "min": 5.5310002595651895,
            "max": 14.295000680838712,
            "count": 38
        },
        "Dodge.Policy.CuriosityReward.mean": {
            "value": 0.0024896222053192624,
            "min": 0.0022998558244758096,
            "max": 0.026818321188218353,
            "count": 38
        },
        "Dodge.Policy.CuriosityReward.sum": {
            "value": 0.06970942174893935,
            "min": 0.06450425489492773,
            "max": 1.3140977382226993,
            "count": 38
        },
        "Dodge.Losses.PolicyLoss.mean": {
            "value": 0.032752014567247696,
            "min": 0.024527328583644703,
            "max": 0.0404244510573335,
            "count": 38
        },
        "Dodge.Losses.PolicyLoss.sum": {
            "value": 0.0982560437017431,
            "min": 0.049054657167289406,
            "max": 0.11892186419572681,
            "count": 38
        },
        "Dodge.Losses.ValueLoss.mean": {
            "value": 5.564784138793281e-05,
            "min": 3.997794891574813e-05,
            "max": 0.008657423546537757,
            "count": 38
        },
        "Dodge.Losses.ValueLoss.sum": {
            "value": 0.00016694352416379843,
            "min": 7.995589783149626e-05,
            "max": 0.017314847093075514,
            "count": 38
        },
        "Dodge.Policy.LearningRate.mean": {
            "value": 0.00018739493753503335,
            "min": 0.00018739493753503335,
            "max": 0.00029810370063209995,
            "count": 38
        },
        "Dodge.Policy.LearningRate.sum": {
            "value": 0.0005621848126051,
            "min": 0.0003809739730087,
            "max": 0.0008775963074678999,
            "count": 38
        },
        "Dodge.Policy.Epsilon.mean": {
            "value": 0.16246496666666668,
            "min": 0.16246496666666668,
            "max": 0.1993679,
            "count": 38
        },
        "Dodge.Policy.Epsilon.sum": {
            "value": 0.4873949000000001,
            "min": 0.3269913,
            "max": 0.5925321,
            "count": 38
        },
        "Dodge.Policy.Beta.mean": {
            "value": 0.005,
            "min": 0.005,
            "max": 0.005,
            "count": 38
        },
        "Dodge.Policy.Beta.sum": {
            "value": 0.015,
            "min": 0.01,
            "max": 0.015,
            "count": 38
        },
        "Dodge.Losses.CuriosityForwardLoss.mean": {
            "value": 0.006685300749571373,
            "min": 0.006685300749571373,
            "max": 0.8041383568197489,
            "count": 38
        },
        "Dodge.Losses.CuriosityForwardLoss.sum": {
            "value": 0.02005590224871412,
            "min": 0.017216528746454667,
            "max": 1.6082767136394978,
            "count": 38
        },
        "Dodge.Losses.CuriosityInverseLoss.mean": {
            "value": 2.0417925102843175,
            "min": 1.882999062538147,
            "max": 2.19966197013855,
            "count": 38
        },
        "Dodge.Losses.CuriosityInverseLoss.sum": {
            "value": 6.125377530852953,
            "min": 3.765998125076294,
            "max": 6.450826893250147,
            "count": 38
        },
        "Dodge.IsTraining.mean": {
            "value": 1.0,
            "min": 1.0,
            "max": 1.0,
            "count": 38
        },
        "Dodge.IsTraining.sum": {
            "value": 1.0,
            "min": 1.0,
            "max": 1.0,
            "count": 38
        }
    },
    "metadata": {
        "timer_format_version": "0.1.0",
        "start_time_seconds": "1709485064",
        "python_version": "3.10.12 | packaged by Anaconda, Inc. | (main, Jul  5 2023, 19:01:18) [MSC v.1916 64 bit (AMD64)]",
        "command_line_arguments": "C:\\Users\\sjasr\\anaconda3\\envs\\mlagents\\Scripts\\mlagents-learn config/dodge_config.yaml --run-id=dodge_discrete_14",
        "mlagents_version": "1.0.0",
        "mlagents_envs_version": "1.0.0",
        "communication_protocol_version": "1.5.0",
        "pytorch_version": "1.13.1+cu117",
        "numpy_version": "1.23.1",
        "end_time_seconds": "1709485574"
    },
    "total": 510.29554370000005,
    "count": 1,
    "self": 0.008076800000708317,
    "children": {
        "run_training.setup": {
            "total": 0.09099779999996827,
            "count": 1,
            "self": 0.09099779999996827
        },
        "TrainerController.start_learning": {
            "total": 510.1964690999994,
            "count": 1,
            "self": 0.3925849998831836,
            "children": {
                "TrainerController._reset_env": {
                    "total": 11.3732643000003,
                    "count": 1,
                    "self": 11.3732643000003
                },
                "TrainerController.advance": {
                    "total": 498.1731462001171,
                    "count": 16434,
                    "self": 0.3001763003285305,
                    "children": {
                        "env_step": {
                            "total": 183.51655809981457,
                            "count": 16434,
                            "self": 123.43105849985295,
                            "children": {
                                "SubprocessEnvManager._take_step": {
                                    "total": 59.871084899961716,