{
    "name": "root",
    "gauges": {
        "Bullet.Policy.Entropy.mean": {
            "value": 0.49761125445365906,
            "min": 0.49761125445365906,
            "max": 0.7217345833778381,
            "count": 41
        },
        "Bullet.Policy.Entropy.sum": {
            "value": 10529.4541015625,
            "min": 10067.51171875,
            "max": 14925.470703125,
            "count": 41
        },
        "Bullet.Step.mean": {
            "value": 409946.0,
            "min": 9949.0,
            "max": 409946.0,
            "count": 41
        },
        "Bullet.Step.sum": {
            "value": 409946.0,
            "min": 9949.0,
            "max": 409946.0,
            "count": 41
        },
        "Bullet.Policy.ExtrinsicValueEstimate.mean": {
            "value": 0.0013086404651403427,
            "min": -0.012311318889260292,
            "max": 0.03152773901820183,
            "count": 41
        },
        "Bullet.Policy.ExtrinsicValueEstimate.sum": {
            "value": 0.21985159814357758,
            "min": -2.1052355766296387,
            "max": 5.296660423278809,
            "count": 41
        },
        "Bullet.Policy.GailValueEstimate.mean": {
            "value": 0.822523295879364,
            "min": 0.20044158399105072,
            "max": 1.1554327011108398,
            "count": 41
        },
        "Bullet.Policy.GailValueEstimate.sum": {
            "value": 138.1839141845703,
            "min": 32.32611083984375,
            "max": 193.89093017578125,
            "count": 41
        },
        "Bullet.Environment.EpisodeLength.mean": {
            "value": 208.74074074074073,
            "min": 208.74074074074073,
            "max": 568.304347826087,
            "count": 41
        },
        "Bullet.Environment.EpisodeLength.sum": {
            "value": 11272.0,
            "min": 8866.0,
            "max": 27170.0,
            "count": 41
        },
        "Bullet.Self-play.ELO.mean": {
            "value": 1188.2842326022555,
            "min": 1188.2842326022555,
            "max": 1210.306749591719,
            "count": 41
        },
        "Bullet.Self-play.ELO.sum": {
            "value": 32083.674280260897,
            "min": 14416.757411458366,
            "max": 37185.28278129713,
            "count": 41
        },
        "Bullet.Environment.CumulativeReward.mean": {
            "value": -0.320851797858874,
            "min": -2.1170740171715066,
            "max": 0.7350435817371244,
            "count": 41
        },
        "Bullet.Environment.CumulativeReward.sum": {
            "value": -8.662998542189598,
            "min": -57.160998463630676,
            "max": 16.90600237995386,
            "count": 41
        },
        "Bullet.Policy.ExtrinsicReward.mean": {
            "value": -0.320851797858874,
            "min": -2.1170740171715066,
            "max": 0.7350435817371244,
            "count": 41
        },
        "Bullet.Policy.ExtrinsicReward.sum": {
            "value": -8.662998542189598,
            "min": -57.160998463630676,
            "max": 16.90600237995386,
            "count": 41
        },
        "Bullet.Policy.GailReward.mean": {
            "value": 51.98852682084112,
            "min": 51.98852682084112,
            "max": 179.5629695850303,
            "count": 41
        },
        "Bullet.Policy.GailReward.sum": {
            "value": 1403.6902241627104,
            "min": 1275.493044871837,
            "max": 4308.291262871586,
            "count": 41
        },
        "Bullet.IsTraining.mean": {
            "value": 1.0,
            "min": 1.0,
            "max": 1.0,
            "count": 41
        },
        "Bullet.IsTraining.sum": {
            "value": 1.0,
            "min": 1.0,
            "max": 1.0,
            "count": 41
        },
        "Bullet.Losses.PolicyLoss.mean": {
            "value": 0.01661265751117753,
            "min": 0.013441846293244453,
            "max": 0.02042017290368676,
            "count": 19
        },
        "Bullet.Losses.PolicyLoss.sum": {
            "value": 0.01661265751117753,
            "min": 0.013441846293244453,
            "max": 0.02042017290368676,
            "count": 19
        },
        "Bullet.Losses.ValueLoss.mean": {
            "value": 0.25547357462346554,
            "min": 0.18855950683355333,
            "max": 0.37697257846593857,
            "count": 19
        },
        "Bullet.Losses.ValueLoss.sum": {
            "value": 0.25547357462346554,
            "min": 0.18855950683355333,
            "max": 0.37697257846593857,
            "count": 19
        },
        "Bullet.Policy.LearningRate.mean": {
            "value": 0.00024152746949084999,
            "min": 0.00024152746949084999,
            "max": 0.00029692785102405,
            "count": 19
        },
        "Bullet.Policy.LearningRate.sum": {
            "value": 0.00024152746949084999,
            "min": 0.00024152746949084999,
            "max": 0.00029692785102405,
            "count": 19
        },
        "Bullet.Policy.Epsilon.mean": {
            "value": 0.18050915,
            "min": 0.18050915,
            "max": 0.19897595,
            "count": 19
        },
        "Bullet.Policy.Epsilon.sum": {
            "value": 0.18050915,
            "min": 0.18050915,
            "max": 0.19897595,
            "count": 19
        },
        "Bullet.Policy.Beta.mean": {
            "value": 0.005,
            "min": 0.005,
            "max": 0.005,
            "count": 19
        },
        "Bullet.Policy.Beta.sum": {
            "value": 0.005,
            "min": 0.005,
            "max": 0.005,
            "count": 19
        },
        "Bullet.Policy.GAILPolicyEstimate.mean": {
            "value": 0.18287650384008886,
            "min": 0.18041919767856598,
            "max": 0.22938761115074158,
            "count": 19
        },
        "Bullet.Policy.GAILPolicyEstimate.sum": {
            "value": 0.18287650384008886,
            "min": 0.18041919767856598,
            "max": 0.22938761115074158,
            "count": 19
        },
        "Bullet.Policy.GAILExpertEstimate.mean": {
            "value": 0.8089590415358543,
            "min": 0.7699688374996185,
            "max": 0.8103550106287003,
            "count": 19
        },
        "Bullet.Policy.GAILExpertEstimate.sum": {
            "value": 0.8089590415358543,
            "min": 0.7699688374996185,
            "max": 0.8103550106287003,
            "count": 19
        },
        "Bullet.Losses.GAILLoss.mean": {
            "value": 0.5614272013306618,
            "min": 0.5614272013306618,
            "max": 0.6847117528319359,
            "count": 19
        },
        "Bullet.Losses.GAILLoss.sum": {
            "value": 0.5614272013306618,
            "min": 0.5614272013306618,
            "max": 0.6847117528319359,
            "count": 19
        },
        "Bullet.Policy.GAILGradMagLoss.mean": {
            "value": 4.911048316955567,
            "min": 4.293587017059326,
            "max": 4.991059708595276,
            "count": 19
        },
        "Bullet.Policy.GAILGradMagLoss.sum": {
            "value": 4.911048316955567,
            "min": 4.293587017059326,
            "max": 4.991059708595276,
            "count": 19
        }
    },
    "metadata": {
        "timer_format_version": "0.1.0",
        "start_time_seconds": "1710980777",
        "python_version": "3.10.12 | packaged by Anaconda, Inc. | (main, Jul  5 2023, 19:01:18) [MSC v.1916 64 bit (AMD64)]",
        "command_line_arguments": "C:\\Users\\sjasr\\anaconda3\\envs\\mlagents\\Scripts\\mlagents-learn config/bullet_config.yaml --initialize-from=bullet_arena_gail_final_04 --run-id=bullet_arena_gail_self_play_final_05 --time-scale=1",
        "mlagents_version": "1.0.0",
        "mlagents_envs_version": "1.0.0",
        "communication_protocol_version": "1.5.0",
        "pytorch_version": "1.13.1+cu117",
        "numpy_version": "1.23.1",
        "end_time_seconds": "1710981736"
    },