{
    "name": "root",
    "gauges": {
        "Bullet.Policy.Entropy.mean": {
            "value": 0.7517950534820557,
            "min": 0.7035995721817017,
            "max": 0.8704769611358643,
            "count": 200
        },
        "Bullet.Policy.Entropy.sum": {
            "value": 7292.412109375,
            "min": 6853.0595703125,
            "max": 9255.9111328125,
            "count": 200
        },
        "Bullet.Step.mean": {
            "value": 1999986.0,
            "min": 9872.0,
            "max": 1999986.0,
            "count": 200
        },
        "Bullet.Step.sum": {
            "value": 1999986.0,
            "min": 9872.0,
            "max": 1999986.0,
            "count": 200
        },
        "Bullet.Policy.ExtrinsicValueEstimate.mean": {
            "value": 0.06854471564292908,
            "min": -0.13355478644371033,
            "max": 0.11183110624551773,
            "count": 200
        },
        "Bullet.Policy.ExtrinsicValueEstimate.sum": {
            "value": 5.963390350341797,
            "min": -11.485711097717285,
            "max": 10.288461685180664,
            "count": 200
        },
        "Bullet.Policy.GailValueEstimate.mean": {
            "value": 0.7583945989608765,
            "min": 0.5847667455673218,
            "max": 4.704240798950195,
            "count": 200
        },
        "Bullet.Policy.GailValueEstimate.sum": {
            "value": 65.98033142089844,
            "min": 51.45947265625,
            "max": 404.564697265625,
            "count": 200
        },
        "Bullet.Environment.EpisodeLength.mean": {
            "value": 442.42105263157896,
            "min": 324.3333333333333,
            "max": 573.875,
            "count": 200
        },
        "Bullet.Environment.EpisodeLength.sum": {
            "value": 8406.0,
            "min": 4865.0,
            "max": 14210.0,
            "count": 200
        },
        "Bullet.Environment.CumulativeReward.mean": {
            "value": 1.493553587872731,
            "min": -1.692900434633096,
            "max": 2.576900539919734,
            "count": 200
        },
        "Bullet.Environment.CumulativeReward.sum": {
            "value": 28.37751816958189,
            "min": -36.69788096100092,
            "max": 53.62835397571325,
            "count": 200
        },
        "Bullet.Policy.ExtrinsicReward.mean": {
            "value": 1.493553587872731,
            "min": -1.692900434633096,
            "max": 2.576900539919734,
            "count": 200
        },
        "Bullet.Policy.ExtrinsicReward.sum": {
            "value": 28.37751816958189,
            "min": -36.69788096100092,
            "max": 53.62835397571325,
            "count": 200
        },
        "Bullet.Policy.GailReward.mean": {
            "value": 20.298830832330214,
            "min": 13.450368574200239,
            "max": 39.70689353636408,
            "count": 200
        },
        "Bullet.Policy.GailReward.sum": {
            "value": 385.6777858142741,
            "min": 281.50300376246105,
            "max": 952.9654448727379,
            "count": 200
        },
        "Bullet.Losses.PolicyLoss.mean": {
            "value": 0.027682602548641928,
            "min": 0.015222464793017329,
            "max": 0.03335624973018033,
            "count": 200
        },
        "Bullet.Losses.PolicyLoss.sum": {
            "value": 0.055365205097283855,
            "min": 0.015222464793017329,
            "max": 0.06222861458081752,
            "count": 200
        },
        "Bullet.Losses.ValueLoss.mean": {
            "value": 0.15910289684931436,
            "min": 0.0523957108768324,
            "max": 0.7639326403538386,
            "count": 200
        },
        "Bullet.Losses.ValueLoss.sum": {
            "value": 0.3182057936986287,
            "min": 0.0523957108768324,
            "max": 0.7639326403538386,
            "count": 200
        },
        "Bullet.Policy.LearningRate.mean": {
            "value": 8.79699706799997e-07,
            "min": 8.79699706799997e-07,
            "max": 0.0002987697004101,
            "count": 200
        },
        "Bullet.Policy.LearningRate.sum": {
            "value": 1.759399413599994e-06,
            "min": 1.759399413599994e-06,
            "max": 0.0005864016045328,
            "count": 200
        },
        "Bullet.Policy.Epsilon.mean": {
            "value": 0.10029320000000001,
            "min": 0.10029320000000001,
            "max": 0.19958990000000001,
            "count": 200
        },
        "Bullet.Policy.Epsilon.sum": {
            "value": 0.20058640000000003,
            "min": 0.10090995000000001,
            "max": 0.3954672,
            "count": 200
        },
        "Bullet.Policy.Beta.mean": {
            "value": 0.005,
            "min": 0.005,
            "max": 0.005,
            "count": 200
        },
        "Bullet.Policy.Beta.sum": {
            "value": 0.01,
            "min": 0.005,
            "max": 0.01,
            "count": 200
        },
        "Bullet.Policy.GAILPolicyEstimate.mean": {
            "value": 0.20570927299559116,
            "min": 0.16988788172602654,
            "max": 0.3119713154931863,
            "count": 200
        },
        "Bullet.Policy.GAILPolicyEstimate.sum": {
            "value": 0.4114185459911823,
            "min": 0.16988788172602654,
            "max": 0.5708789359778166,
            "count": 200
        },
        "Bullet.Policy.GAILExpertEstimate.mean": {
            "value": 0.7941706416507561,
            "min": 0.7151496236522993,
            "max": 0.8235837469498316,
            "count": 200
        },
        "Bullet.Policy.GAILExpertEstimate.sum": {
            "value": 1.5883412833015123,
            "min": 0.7151496236522993,
            "max": 1.6386057759324708,
            "count": 200
        },
        "Bullet.Losses.GAILLoss.mean": {
            "value": 0.6415501249333223,
            "min": 0.5114716117580732,
            "max": 0.936070442199707,
            "count": 200
        },
        "Bullet.Losses.GAILLoss.sum": {
            "value": 1.2831002498666446,
            "min": 0.5114716117580732,
            "max": 1.6303832828998566,
            "count": 200
        },
        "Bullet.Policy.GAILGradMagLoss.mean": {
            "value": 1.7188625211517017,
            "min": 1.3151630361874898,
            "max": 2.4640082716941833,
            "count": 200
        },
        "Bullet.Policy.GAILGradMagLoss.sum": {
            "value": 3.4377250423034034,
            "min": 1.3151630361874898,
            "max": 4.380716532468796,
            "count": 200
        },
        "Bullet.IsTraining.mean": {
            "value": 1.0,
            "min": 1.0,
            "max": 1.0,
            "count": 200
        },
        "Bullet.IsTraining.sum": {
            "value": 1.0,
            "min": 1.0,
            "max": 1.0,
            "count": 200
        }
    },
    "metadata": {
        "timer_format_version": "0.1.0",
        "start_time_seconds": "1711462853",
        "python_version": "3.10.12 | packaged by Anaconda, Inc. | (main, Jul  5 2023, 19:01:18) [MSC v.1916 64 bit (AMD64)]",
        "command_line_arguments": "C:\\Users\\sjasr\\anaconda3\\envs\\mlagents\\Scripts\\mlagents-learn config/bullet_config.yaml --run-id=bullet_arena_final_general_10 --initialize-from=bullet_arena_final_general_09 --time-scale=1",
        "mlagents_version": "1.0.0",
        "mlagents_envs_version": "1.0.0",
        "communication_protocol_version": "1.5.0",
        "pytorch_version": "1.13.1+cu117",
        "numpy_version": "1.23.1",
        "end_time_seconds": "1711465947"
    },
    "total": 3091.9731334,
    "count": 1,
    "self": 0.018656799999916984,
    "children": {
        "run_training.setup": {
            "total": 0.09409119999963877,
            "count": 1,
            "self": 0.09409119999963877
        },
        "TrainerController.start_learning": {
            "total": 3091.8603854000003,