{
    "name": "root",
    "gauges": {
        "em_self_play.Policy.Entropy.mean": {
            "value": 2.385723352432251,
            "min": 2.355731248855591,
            "max": 2.5267560482025146,
            "count": 274
        },
        "em_self_play.Policy.Entropy.sum": {
            "value": 48477.8984375,
            "min": 37841.74609375,
            "max": 76218.71875,
            "count": 274
        },
        "em_self_play.Environment.EpisodeLength.mean": {
            "value": 305.3125,
            "min": 233.5,
            "max": 499.0,
            "count": 274
        },
        "em_self_play.Environment.EpisodeLength.sum": {
            "value": 19540.0,
            "min": 18262.0,
            "max": 22358.0,
            "count": 274
        },
        "em_self_play.Step.mean": {
            "value": 2739740.0,
            "min": 9500.0,
            "max": 2739740.0,
            "count": 274
        },
        "em_self_play.Step.sum": {
            "value": 2739740.0,
            "min": 9500.0,
            "max": 2739740.0,
            "count": 274
        },
        "em_self_play.Policy.ExtrinsicValueEstimate.mean": {
            "value": 0.006977833807468414,
            "min": -0.2792942225933075,
            "max": 0.24448761343955994,
            "count": 274
        },
        "em_self_play.Policy.ExtrinsicValueEstimate.sum": {
            "value": 0.22329068183898926,
            "min": -8.099532127380371,
            "max": 7.6222686767578125,
            "count": 274
        },
        "em_self_play.Policy.CuriosityValueEstimate.mean": {
            "value": 0.26379117369651794,
            "min": -0.0894470140337944,
            "max": 0.3464706838130951,
            "count": 274
        },
        "em_self_play.Policy.CuriosityValueEstimate.sum": {
            "value": 8.441317558288574,
            "min": -1.6994932889938354,
            "max": 13.122199058532715,
            "count": 274
        },
        "em_self_play.Environment.CumulativeReward.mean": {
            "value": -0.0625,
            "min": -0.45161290322580644,
            "max": 0.5,
            "count": 274
        },
        "em_self_play.Environment.CumulativeReward.sum": {
            "value": -2.0,
            "min": -14.0,
            "max": 13.0,
            "count": 274
        },
        "em_self_play.Policy.ExtrinsicReward.mean": {
            "value": -0.0625,
            "min": -0.45161290322580644,
            "max": 0.5,
            "count": 274
        },
        "em_self_play.Policy.ExtrinsicReward.sum": {
            "value": -2.0,
            "min": -14.0,
            "max": 13.0,
            "count": 274
        },
        "em_self_play.Policy.CuriosityReward.mean": {
            "value": 0.3354986417107284,
            "min": 0.0,
            "max": 1.7416410843531291,
            "count": 274
        },
        "em_self_play.Policy.CuriosityReward.sum": {
            "value": 10.735956534743309,
            "min": 0.0,
            "max": 36.57446277141571,
            "count": 274
        },
        "em_self_play.IsTraining.mean": {
            "value": 1.0,
            "min": 1.0,
            "max": 1.0,
            "count": 274
        },
        "em_self_play.IsTraining.sum": {
            "value": 1.0,
            "min": 1.0,
            "max": 1.0,
            "count": 274
        },
        "em_self_play.Losses.PolicyLoss.mean": {
            "value": 0.03188576246497641,
            "min": 0.024860098365024896,
            "max": 0.04602457818206555,
            "count": 270
        },
        "em_self_play.Losses.PolicyLoss.sum": {
            "value": 0.03188576246497641,
            "min": 0.024860098365024896,
            "max": 0.0794828611200786,
            "count": 270
        },
        "em_self_play.Losses.ValueLoss.mean": {
            "value": 0.0012069325928357156,
            "min": 7.810910035020737e-05,
            "max": 0.002960495046863798,
            "count": 270
        },
        "em_self_play.Losses.ValueLoss.sum": {
            "value": 0.0012069325928357156,
            "min": 7.810910035020737e-05,
            "max": 0.005114785883690051,
            "count": 270
        },
        "em_self_play.Policy.LearningRate.mean": {
            "value": 0.00021796433734522997,
            "min": 0.00021796433734522997,
            "max": 0.000299551365149545,
            "count": 270
        },
        "em_self_play.Policy.LearningRate.sum": {
            "value": 0.00021796433734522997,
            "min": 0.00021796433734522997,
            "max": 0.00059910273029909,
            "count": 270
        },
        "em_self_play.Policy.Epsilon.mean": {
            "value": 0.17265476999999999,
            "min": 0.17265476999999999,
            "max": 0.19985045499999998,
            "count": 270
        },
        "em_self_play.Policy.Epsilon.sum": {
            "value": 0.17265476999999999,
            "min": 0.17265476999999999,
            "max": 0.39970090999999996,
            "count": 270
        },
        "em_self_play.Policy.Beta.mean": {
            "value": 0.005,
            "min": 0.005,
            "max": 0.005000000000000001,
            "count": 270
        },
        "em_self_play.Policy.Beta.sum": {
            "value": 0.005,
            "min": 0.005,
            "max": 0.010000000000000002,
            "count": 270
        },
        "em_self_play.Losses.CuriosityForwardLoss.mean": {
            "value": 0.0356141702436349,
            "min": 0.03148458719563981,
            "max": 0.29243412058342966,
            "count": 270
        },
        "em_self_play.Losses.CuriosityForwardLoss.sum": {
            "value": 0.0356141702436349,
            "min": 0.03148458719563981,
            "max": 0.5848682411668593,
            "count": 270
        },
        "em_self_play.Losses.CuriosityInverseLoss.mean": {
            "value": 2.77204210617963,
            "min": 2.747501148897059,
            "max": 3.1448200047016144,
            "count": 270
        },
        "em_self_play.Losses.CuriosityInverseLoss.sum": {
            "value": 2.77204210617963,
            "min": 2.747501148897059,
            "max": 6.171912456552187,
            "count": 270
        },
        "em_self_play.Self-play.ELO.mean": {
            "value": 1271.0145970172182,
            "min": 1194.6081719624158,
            "max": 1273.6917885203611,
            "count": 260
        },
        "em_self_play.Self-play.ELO.sum": {
            "value": 40672.46710455098,
            "min": 1195.1081719624158,
            "max": 53495.05511785517,
            "count": 260
        }
    },
    "metadata": {
        "timer_format_version": "0.1.0",
        "start_time_seconds": "1712848921",
        "python_version": "3.10.12 | packaged by Anaconda, Inc. | (main, Jul  5 2023, 19:01:18) [MSC v.1916 64 bit (AMD64)]",
        "command_line_arguments": "C:\\Users\\sjasr\\anaconda3\\envs\\mlagents\\Scripts\\mlagents-learn config/em_self_play_config.yaml --run-id=em_self_play_zero_sum_10_mil",
        "mlagents_version": "1.0.0",
        "mlagents_envs_version": "1.0.0",
        "communication_protocol_version": "1.5.0",
        "pytorch_version": "1.13.1+cu117",
        "numpy_version": "1.23.1",
        "end_time_seconds": "1712853876"
    },
    "total": 4952.4111624,
    "count": 1,
    "self": 0.014069699998799479,
    "children": {
        "run_training.setup": {
            "total": 0.08590539999931934,
            "count": 1,
            "self": 0.08590539999931934
        },
        "TrainerController.start_learning": {
            "total": 4952.311187300002,
            "count": 1,
            "self": 3.1835238998464774,
            "children": {
                "TrainerController._reset_env": {
                    "total": 10.526898700009042,
                    "count": 28,
                    "self": 10.526898700009042
                },