{
    "name": "root",
    "gauges": {
        "Dodge.Policy.Entropy.mean": {
            "value": 0.87420254945755,
            "min": 0.87420254945755,
            "max": 1.437410593032837,
            "count": 38
        },
        "Dodge.Policy.Entropy.sum": {
            "value": 8714.05078125,
            "min": 8714.05078125,
            "max": 14738.53515625,
            "count": 38
        },
        "Dodge.Environment.EpisodeLength.mean": {
            "value": 51.952127659574465,
            "min": 37.21653543307087,
            "max": 94.39622641509433,
            "count": 38
        },
        "Dodge.Environment.EpisodeLength.sum": {
            "value": 9767.0,
            "min": 9453.0,
            "max": 10410.0,
            "count": 38
        },
        "Dodge.Step.mean": {
            "value": 379972.0,
            "min": 9980.0,
            "max": 379972.0,
            "count": 38
        },
        "Dodge.Step.sum": {
            "value": 379972.0,
            "min": 9980.0,
            "max": 379972.0,
            "count": 38
        },
        "Dodge.Policy.ExtrinsicValueEstimate.mean": {
            "value": 0.0012894500978291035,
            "min": -0.26003918051719666,
            "max": 0.08186745643615723,
            "count": 38
        },
        "Dodge.Policy.ExtrinsicValueEstimate.sum": {
            "value": 0.35073041915893555,
            "min": -58.65196228027344,
            "max": 23.0047550201416,
            "count": 38
        },
        "Dodge.Environment.CumulativeReward.mean": {
            "value": 0.2052381123815264,
            "min": -0.26521166941545304,
            "max": 0.25350001747620865,
            "count": 38
        },
        "Dodge.Environment.CumulativeReward.sum": {
            "value": 38.79000324010849,
            "min": -37.164999172091484,
            "max": 47.65800328552723,
            "count": 38
        },
        "Dodge.Policy.ExtrinsicReward.mean": {
            "value": 0.2052381123815264,
            "min": -0.26521166941545304,
            "max": 0.25350001747620865,
            "count": 38
        },
        "Dodge.Policy.ExtrinsicReward.sum": {
            "value": 38.79000324010849,
            "min": -37.164999172091484,
            "max": 47.65800328552723,
            "count": 38
        },
        "Dodge.Losses.PolicyLoss.mean": {
            "value": 0.24297032916195316,
            "min": 0.23904279062126585,
            "max": 0.24840557612589706,
            "count": 38
        },
        "Dodge.Losses.PolicyLoss.sum": {
            "value": 18.46574501630844,
            "min": 17.537678852675658,
            "max": 19.89398333066588,
            "count": 38
        },
        "Dodge.Losses.ValueLoss.mean": {
            "value": 0.05559379500240024,
            "min": 0.016826664659802905,
            "max": 0.0662143841615347,
            "count": 38
        },
        "Dodge.Losses.ValueLoss.sum": {
            "value": 4.225128420182418,
            "min": 1.245173184825415,
            "max": 5.225144752611153,
            "count": 38
        },
        "Dodge.Policy.LearningRate.mean": {
            "value": 7.498427763684473e-05,
            "min": 7.498427763684473e-05,
            "max": 0.0002968821902284594,
            "count": 38
        },
        "Dodge.Policy.LearningRate.sum": {
            "value": 0.0056988051004002,
            "min": 0.0056988051004002,
            "max": 0.022990761836412795,
            "count": 38
        },
        "Dodge.Policy.Epsilon.mean": {
            "value": 0.12499473421052634,
            "min": 0.12499473421052634,
            "max": 0.19896072972972975,
            "count": 38
        },
        "Dodge.Policy.Epsilon.sum": {
            "value": 9.499599800000002,
            "min": 9.499599800000002,
            "max": 15.563587200000002,
            "count": 38
        },
        "Dodge.Policy.Beta.mean": {
            "value": 0.0005000000000000001,
            "min": 0.0005,
            "max": 0.0005000000000000001,
            "count": 38
        },
        "Dodge.Policy.Beta.sum": {
            "value": 0.038000000000000006,
            "min": 0.036500000000000005,
            "max": 0.04100000000000001,
            "count": 38
        },
        "Dodge.IsTraining.mean": {
            "value": 1.0,
            "min": 1.0,
            "max": 1.0,
            "count": 38
        },
        "Dodge.IsTraining.sum": {
            "value": 1.0,
            "min": 1.0,
            "max": 1.0,
            "count": 38
        }
    },
    "metadata": {
        "timer_format_version": "0.1.0",
        "start_time_seconds": "1708889087",
        "python_version": "3.10.12 | packaged by Anaconda, Inc. | (main, Jul  5 2023, 19:01:18) [MSC v.1916 64 bit (AMD64)]",
        "command_line_arguments": "C:\\Users\\sjasr\\anaconda3\\envs\\mlagents\\Scripts\\mlagents-learn config/dodge_config.yaml --run-id=dodge_27",
        "mlagents_version": "1.0.0",
        "mlagents_envs_version": "1.0.0",
        "communication_protocol_version": "1.5.0",
        "pytorch_version": "1.13.1+cu117",
        "numpy_version": "1.23.1",
        "end_time_seconds": "1708891487"
    },
    "total": 2400.4575202999986,
    "count": 1,
    "self": 0.007594399998197332,
    "children": {
        "run_training.setup": {
            "total": 0.08596350000152597,
            "count": 1,
            "self": 0.08596350000152597
        },
        "TrainerController.start_learning": {
            "total": 2400.363962399999,
            "count": 1,
            "self": 0.5469453004916431,
            "children": {
                "TrainerController._reset_env": {
                    "total": 14.862312299999758,
                    "count": 1,
                    "self": 14.862312299999758
                },
                "TrainerController.advance": {
                    "total": 2384.720898099509,
                    "count": 29060,
                    "self": 0.45009439952264074,
                    "children": {
                        "env_step": {
                            "total": 352.7338613000502,
                            "count": 29060,
                            "self": 283.9309526997167,
                            "children": {
                                "SubprocessEnvManager._take_step": {
                                    "total": 68.46680570017998,
                                    "count": 29061,
                                    "self": 1.5420102999196388,
                                    "children": {
                                        "TorchPolicy.evaluate": {
                                            "total": 66.92479540026034,
                                            "count": 23899,
                                            "self": 66.92479540026034
                                        }
                                    }
                                },
                                "workers": {
                                    "total": 0.33610290015349165,
                                    "count": 29059,
                                    "self": 0.0,
                                    "children": {
                                        "worker_root": {
                                            "total": 2360.518585300062,
                                            "count": 29059,
                                            "is_parallel": true,
                                            "self": 2135.242072199704,
                                            "children": {
                                                "steps_from_proto": {
                                                    "total": 0.0009815999983402435,
                                                    "count": 2,
                                                    "is_parallel": true,
                                                    "self": 0.00025649999952293,