{
    "name": "root",
    "gauges": {
        "Dodge.Policy.Entropy.mean": {
            "value": 1.095001459121704,
            "min": 1.095001459121704,
            "max": 1.4085640907287598,
            "count": 18
        },
        "Dodge.Policy.Entropy.sum": {
            "value": 11037.615234375,
            "min": 11037.615234375,
            "max": 14716.677734375,
            "count": 18
        },
        "Dodge.Environment.EpisodeLength.mean": {
            "value": 119.4367816091954,
            "min": 90.16216216216216,
            "max": 129.85,
            "count": 18
        },
        "Dodge.Environment.EpisodeLength.sum": {
            "value": 10391.0,
            "min": 8947.0,
            "max": 10391.0,
            "count": 18
        },
        "Dodge.Step.mean": {
            "value": 179992.0,
            "min": 9936.0,
            "max": 179992.0,
            "count": 18
        },
        "Dodge.Step.sum": {
            "value": 179992.0,
            "min": 9936.0,
            "max": 179992.0,
            "count": 18
        },
        "Dodge.Policy.ExtrinsicValueEstimate.mean": {
            "value": -0.11335043609142303,
            "min": -0.18221448361873627,
            "max": 3.50726222677622e-05,
            "count": 18
        },
        "Dodge.Policy.ExtrinsicValueEstimate.sum": {
            "value": -22.103334426879883,
            "min": -36.26068115234375,
            "max": 0.00729510560631752,
            "count": 18
        },
        "Dodge.Environment.CumulativeReward.mean": {
            "value": -0.1724137931034483,
            "min": -0.2903225806451613,
            "max": 0.0,
            "count": 18
        },
        "Dodge.Environment.CumulativeReward.sum": {
            "value": -15.0,
            "min": -27.0,
            "max": 0.0,
            "count": 18
        },
        "Dodge.Policy.ExtrinsicReward.mean": {
            "value": -0.1724137931034483,
            "min": -0.2903225806451613,
            "max": 0.0,
            "count": 18
        },
        "Dodge.Policy.ExtrinsicReward.sum": {
            "value": -15.0,
            "min": -27.0,
            "max": 0.0,
            "count": 18
        },
        "Dodge.Losses.PolicyLoss.mean": {
            "value": 0.2436163102472642,
            "min": 0.2372084194097423,
            "max": 0.2520247003875665,
            "count": 18
        },
        "Dodge.Losses.PolicyLoss.sum": {
            "value": 17.540374337803023,
            "min": 16.783104013912663,
            "max": 19.209609866406854,
            "count": 18
        },
        "Dodge.Losses.ValueLoss.mean": {
            "value": 0.013669712968703686,
            "min": 8.931669482884135e-07,
            "max": 0.01569036649057374,
            "count": 18
        },
        "Dodge.Losses.ValueLoss.sum": {
            "value": 0.9842193337466654,
            "min": 6.698752112163101e-05,
            "max": 1.2081582197741778,
            "count": 18
        },
        "Dodge.Policy.LearningRate.mean": {
            "value": 0.00019489927670025278,
            "min": 0.00019489927670025278,
            "max": 0.0002966797069891176,
            "count": 18
        },
        "Dodge.Policy.LearningRate.sum": {
            "value": 0.014032747922418199,
            "min": 0.014032747922418199,
            "max": 0.022694814235062,
            "count": 18
        },
        "Dodge.Policy.Epsilon.mean": {
            "value": 0.29489924166666676,
            "min": 0.29489924166666676,
            "max": 0.39667970588235296,
            "count": 18
        },
        "Dodge.Policy.Epsilon.sum": {
            "value": 21.232745400000006,
            "min": 21.232745400000006,
            "max": 30.49481400000001,
            "count": 18
        },
        "Dodge.Policy.Beta.mean": {
            "value": 0.0005,
            "min": 0.0005,
            "max": 0.0005000000000000001,
            "count": 18
        },
        "Dodge.Policy.Beta.sum": {
            "value": 0.036000000000000004,
            "min": 0.034,
            "max": 0.03900000000000001,
            "count": 18
        },
        "Dodge.IsTraining.mean": {
            "value": 1.0,
            "min": 1.0,
            "max": 1.0,
            "count": 18
        },
        "Dodge.IsTraining.sum": {
            "value": 1.0,
            "min": 1.0,
            "max": 1.0,
            "count": 18
        }
    },
    "metadata": {
        "timer_format_version": "0.1.0",
        "start_time_seconds": "1708881655",
        "python_version": "3.10.12 | packaged by Anaconda, Inc. | (main, Jul  5 2023, 19:01:18) [MSC v.1916 64 bit (AMD64)]",
        "command_line_arguments": "C:\\Users\\sjasr\\anaconda3\\envs\\mlagents\\Scripts\\mlagents-learn config/dodge_config.yaml --run-id=dodge_23",
        "mlagents_version": "1.0.0",
        "mlagents_envs_version": "1.0.0",
        "communication_protocol_version": "1.5.0",
        "pytorch_version": "1.13.1+cu117",
        "numpy_version": "1.23.1",
        "end_time_seconds": "1708882716"
    },
    "total": 1061.1848725,
    "count": 1,
    "self": 0.011501300001327763,
    "children": {
        "run_training.setup": {
            "total": 0.0865680999995675,
            "count": 1,
            "self": 0.0865680999995675
        },
        "TrainerController.start_learning": {
            "total": 1061.086803099999,
            "count": 1,
            "self": 0.22299089998159616,
            "children": {
                "TrainerController._reset_env": {
                    "total": 10.844886299999416,
                    "count": 1,
                    "self": 10.844886299999416
                },
                "TrainerController.advance": {
                    "total": 1049.7937720000173,
                    "count": 12192,
                    "self": 0.18609119994835055,
                    "children": {
                        "env_step": {
                            "total": 104.56940680003027,
                            "count": 12192,
                            "self": 77.44242880006277,
                            "children": {
                                "SubprocessEnvManager._take_step": {
                                    "total": 26.99626329997045,
                                    "count": 12192,
                                    "self": 0.6553733999717224,
                                    "children": {
                                        "TorchPolicy.evaluate": {
                                            "total": 26.34088989999873,
                                            "count": 11334,
                                            "self": 26.34088989999873
                                        }
                                    }
                                },
                                "workers": {
                                    "total": 0.13071469999704277,
                                    "count": 12191,
                                    "self": 0.0,
                                    "children": {
                                        "worker_root": {
                                            "total": 1050.0784838999934,
                                            "count": 12191,
                                            "is_parallel": true,
                                            "self": 987.5609068000504,
                                            "children": {
                                                "steps_from_proto": {
                                                    "total": 0.0004931000003125519,
                                                    "count": 1,
                                                    "is_parallel": true,
                                                    "self": 0.00011639999866019934,