{
    "name": "root",
    "gauges": {
        "Dodge.Policy.Entropy.mean": {
            "value": 1.4737598896026611,
            "min": 1.451610803604126,
            "max": 1.6043974161148071,
            "count": 100
        },
        "Dodge.Policy.Entropy.sum": {
            "value": 14714.0185546875,
            "min": 14253.5849609375,
            "max": 17250.48046875,
            "count": 100
        },
        "Dodge.Environment.EpisodeLength.mean": {
            "value": 354.14285714285717,
            "min": 210.56521739130434,
            "max": 467.04545454545456,
            "count": 100
        },
        "Dodge.Environment.EpisodeLength.sum": {
            "value": 7437.0,
            "min": 4843.0,
            "max": 12103.0,
            "count": 100
        },
        "Dodge.Step.mean": {
            "value": 999962.0,
            "min": 9986.0,
            "max": 999962.0,
            "count": 100
        },
        "Dodge.Step.sum": {
            "value": 999962.0,
            "min": 9986.0,
            "max": 999962.0,
            "count": 100
        },
        "Dodge.Policy.ExtrinsicValueEstimate.mean": {
            "value": 0.16589146852493286,
            "min": -0.5318137407302856,
            "max": 0.1725340187549591,
            "count": 100
        },
        "Dodge.Policy.ExtrinsicValueEstimate.sum": {
            "value": 27.206199645996094,
            "min": -89.34471130371094,
            "max": 28.80558204650879,
            "count": 100
        },
        "Dodge.Environment.CumulativeReward.mean": {
            "value": 0.6899091185663234,
            "min": 0.4211304532364011,
            "max": 0.9326667026394889,
            "count": 100
        },
        "Dodge.Environment.CumulativeReward.sum": {
            "value": 15.178000608459115,
            "min": 9.686000424437225,
            "max": 24.23400093591772,
            "count": 100
        },
        "Dodge.Policy.ExtrinsicReward.mean": {
            "value": 0.6899091185663234,
            "min": 0.4211304532364011,
            "max": 0.9326667026394889,
            "count": 100
        },
        "Dodge.Policy.ExtrinsicReward.sum": {
            "value": 15.178000608459115,
            "min": 9.686000424437225,
            "max": 24.23400093591772,
            "count": 100
        },
        "Dodge.Losses.PolicyLoss.mean": {
            "value": 0.13457555252848277,
            "min": 0.1287373360483805,
            "max": 0.14825417441112615,
            "count": 100
        },
        "Dodge.Losses.PolicyLoss.sum": {
            "value": 0.40372665758544835,
            "min": 0.257474672096761,
            "max": 0.429351283724799,
            "count": 100
        },
        "Dodge.Losses.ValueLoss.mean": {
            "value": 0.000330604796617887,
            "min": 7.194415095683353e-05,
            "max": 0.012483089600668497,
            "count": 100
        },
        "Dodge.Losses.ValueLoss.sum": {
            "value": 0.000991814389853661,
            "min": 0.00017402895353429792,
            "max": 0.024966179201336994,
            "count": 100
        },
        "Dodge.Policy.LearningRate.mean": {
            "value": 1.680699439799999e-06,
            "min": 1.680699439799999e-06,
            "max": 0.000298041000653,
            "count": 100
        },
        "Dodge.Policy.LearningRate.sum": {
            "value": 5.042098319399997e-06,
            "min": 5.042098319399997e-06,
            "max": 0.0008772177075940999,
            "count": 100
        },
        "Dodge.Policy.Epsilon.mean": {
            "value": 0.10056020000000003,
            "min": 0.10056020000000003,
            "max": 0.19934700000000002,
            "count": 100
        },
        "Dodge.Policy.Epsilon.sum": {
            "value": 0.3016806000000001,
            "min": 0.20321170000000002,
            "max": 0.5924059,
            "count": 100
        },
        "Dodge.Policy.Beta.mean": {
            "value": 0.005,
            "min": 0.004999999999999999,
            "max": 0.005,
            "count": 100
        },
        "Dodge.Policy.Beta.sum": {
            "value": 0.015,
            "min": 0.009999999999999998,
            "max": 0.015,
            "count": 100
        },
        "Dodge.IsTraining.mean": {
            "value": 1.0,
            "min": 1.0,
            "max": 1.0,
            "count": 100
        },
        "Dodge.IsTraining.sum": {
            "value": 1.0,
            "min": 1.0,
            "max": 1.0,
            "count": 100
        }
    },
    "metadata": {
        "timer_format_version": "0.1.0",
        "start_time_seconds": "1709435295",
        "python_version": "3.10.12 | packaged by Anaconda, Inc. | (main, Jul  5 2023, 19:01:18) [MSC v.1916 64 bit (AMD64)]",
        "command_line_arguments": "C:\\Users\\sjasr\\anaconda3\\envs\\mlagents\\Scripts\\mlagents-learn config/dodge_config.yaml --run-id=dodge_discrete_8",
        "mlagents_version": "1.0.0",
        "mlagents_envs_version": "1.0.0",
        "communication_protocol_version": "1.5.0",
        "pytorch_version": "1.13.1+cu117",
        "numpy_version": "1.23.1",
        "end_time_seconds": "1709438199"
    },
    "total": 2903.777261400006,
    "count": 1,
    "self": 0.013485700001183432,
    "children": {
        "run_training.setup": {
            "total": 0.08679950000077952,
            "count": 1,
            "self": 0.08679950000077952
        },
        "TrainerController.start_learning": {
            "total": 2903.676976200004,
            "count": 1,
            "self": 0.7642705007383483,
            "children": {
                "TrainerController._reset_env": {
                    "total": 10.404716100005317,
                    "count": 1,
                    "self": 10.404716100005317
                },
                "TrainerController.advance": {
                    "total": 2892.318671999259,
                    "count": 41696,
                    "self": 0.6542701999860583,
                    "children": {
                        "env_step": {
                            "total": 372.6003589996908,
                            "count": 41696,
                            "self": 240.63217529871326,
                            "children": {
                                "SubprocessEnvManager._take_step": {
                                    "total": 131.50360099973477,
                                    "count": 41696,
                                    "self": 2.2580652990582166,
                                    "children": {
                                        "TorchPolicy.evaluate": {
                                            "total": 129.24553570067656,
                                            "count": 41696,
                                            "self": 129.24553570067656
                                        }
                                    }
                                },
                                "workers": {
                                    "total": 0.4645827012427617,
                                    "count": 41696,
                                    "self": 0.0,
                                    "children": {
                                        "worker_root": {
                                            "total": 2892.9197092014365,
                                            "count": 41696,
                                            "is_parallel": true,
                                            "self": 2715.581288400237,
                                            "children": {
                                                "steps_from_proto": {
                                                    "total": 0.0010048999974969774,
                                                    "count": 1,
                                                    "is_parallel": true,
                                                    "self": 0.000307999987853691,