{
    "name": "root",
    "gauges": {
        "Dodge.Policy.Entropy.mean": {
            "value": 0.47411784529685974,
            "min": 0.47411784529685974,
            "max": 0.996464192867279,
            "count": 21
        },
        "Dodge.Policy.Entropy.sum": {
            "value": 4771.52197265625,
            "min": 4771.52197265625,
            "max": 9540.796875,
            "count": 21
        },
        "Dodge.Environment.EpisodeLength.mean": {
            "value": 30.56782334384858,
            "min": 20.340425531914892,
            "max": 34.96389891696751,
            "count": 21
        },
        "Dodge.Environment.EpisodeLength.sum": {
            "value": 9690.0,
            "min": 4780.0,
            "max": 9725.0,
            "count": 21
        },
        "Dodge.Step.mean": {
            "value": 299974.0,
            "min": 99999.0,
            "max": 299974.0,
            "count": 21
        },
        "Dodge.Step.sum": {
            "value": 299974.0,
            "min": 99999.0,
            "max": 299974.0,
            "count": 21
        },
        "Dodge.Policy.ExtrinsicValueEstimate.mean": {
            "value": 0.5097134709358215,
            "min": 0.3158951699733734,
            "max": 0.5878721475601196,
            "count": 21
        },
        "Dodge.Policy.ExtrinsicValueEstimate.sum": {
            "value": 161.57916259765625,
            "min": 84.47501373291016,
            "max": 172.29177856445312,
            "count": 21
        },
        "Dodge.Environment.CumulativeReward.mean": {
            "value": 0.622794984544595,
            "min": 0.4188803571682328,
            "max": 0.7104910166500412,
            "count": 21
        },
        "Dodge.Environment.CumulativeReward.sum": {
            "value": 197.42601010063663,
            "min": 98.01800357736647,
            "max": 197.8020103033632,
            "count": 21
        },
        "Dodge.Policy.ExtrinsicReward.mean": {
            "value": 0.622794984544595,
            "min": 0.4188803571682328,
            "max": 0.7104910166500412,
            "count": 21
        },
        "Dodge.Policy.ExtrinsicReward.sum": {
            "value": 197.42601010063663,
            "min": 98.01800357736647,
            "max": 197.8020103033632,
            "count": 21
        },
        "Dodge.Losses.PolicyLoss.mean": {
            "value": 0.24147829045897215,
            "min": 0.23577698271674014,
            "max": 0.24896081375620588,
            "count": 21
        },
        "Dodge.Losses.PolicyLoss.sum": {
            "value": 19.801219817635715,
            "min": 10.064740540148213,
            "max": 21.082484974478295,
            "count": 21
        },
        "Dodge.Losses.ValueLoss.mean": {
            "value": 0.03537357155557807,
            "min": 0.021440367877003846,
            "max": 0.037507607703739905,
            "count": 21
        },
        "Dodge.Losses.ValueLoss.sum": {
            "value": 2.900632867557402,
            "min": 1.4275932449336532,
            "max": 3.0006086162991923,
            "count": 21
        },
        "Dodge.Policy.LearningRate.mean": {
            "value": 0.0001229960711964512,
            "min": 0.0001229960711964512,
            "max": 0.0002414771317027512,
            "count": 21
        },
        "Dodge.Policy.LearningRate.sum": {
            "value": 0.010085677838109,
            "min": 0.009900562399812799,
            "max": 0.0201419243860258,
            "count": 21
        },
        "Dodge.Policy.Epsilon.mean": {
            "value": 0.30499335365853664,
            "min": 0.30499335365853664,
            "max": 0.5024618536585366,
            "count": 21
        },
        "Dodge.Policy.Epsilon.sum": {
            "value": 25.009455000000003,
            "min": 20.600935999999997,
            "max": 42.06987099999999,
            "count": 21
        },
        "Dodge.Policy.Beta.mean": {
            "value": 0.0005000000000000001,
            "min": 0.0005000000000000001,
            "max": 0.0005000000000000001,
            "count": 21
        },
        "Dodge.Policy.Beta.sum": {
            "value": 0.04100000000000001,
            "min": 0.020500000000000004,
            "max": 0.04250000000000001,
            "count": 21
        },
        "Dodge.IsTraining.mean": {
            "value": 1.0,
            "min": 1.0,
            "max": 1.0,
            "count": 21
        },
        "Dodge.IsTraining.sum": {
            "value": 1.0,
            "min": 1.0,
            "max": 1.0,
            "count": 21
        }
    },
    "metadata": {
        "timer_format_version": "0.1.0",
        "start_time_seconds": "1708883793",
        "python_version": "3.10.12 | packaged by Anaconda, Inc. | (main, Jul  5 2023, 19:01:18) [MSC v.1916 64 bit (AMD64)]",
        "command_line_arguments": "C:\\Users\\sjasr\\anaconda3\\envs\\mlagents\\Scripts\\mlagents-learn config/dodge_config.yaml --resume --run-id=dodge_24",
        "mlagents_version": "1.0.0",
        "mlagents_envs_version": "1.0.0",
        "communication_protocol_version": "1.5.0",
        "pytorch_version": "1.13.1+cu117",
        "numpy_version": "1.23.1",
        "end_time_seconds": "1708885158"
    },
    "total": 1364.202411100001,
    "count": 1,
    "self": 0.006463800002165954,
    "children": {
        "run_training.setup": {
            "total": 0.09058689999983471,
            "count": 1,
            "self": 0.09058689999983471
        },
        "TrainerController.start_learning": {
            "total": 1364.105360399999,
            "count": 1,
            "self": 0.36994760008929006,
            "children": {
                "TrainerController._reset_env": {
                    "total": 8.782805299999382,
                    "count": 1,
                    "self": 8.782805299999382
                },
                "TrainerController.advance": {
                    "total": 1354.6958524999081,
                    "count": 19116,
                    "self": 0.32085179981731926,
                    "children": {
                        "env_step": {
                            "total": 232.2281366999032,
                            "count": 19116,
                            "self": 196.53818199975103,
                            "children": {
                                "SubprocessEnvManager._take_step": {
                                    "total": 35.45683129995996,
                                    "count": 19116,
                                    "self": 0.8432489998394885,
                                    "children": {
                                        "TorchPolicy.evaluate": {
                                            "total": 34.61358230012047,
                                            "count": 13114,
                                            "self": 34.61358230012047
                                        }
                                    }
                                },
                                "workers": {
                                    "total": 0.23312340019219846,
                                    "count": 19115,
                                    "self": 0.0,
                                    "children": {
                                        "worker_root": {
                                            "total": 1353.8865278999183,
                                            "count": 19115,
                                            "is_parallel": true,
                                            "self": 1180.6137527999854,
                                            "children": {
                                                "steps_from_proto": {
                                                    "total": 0.0006579000000783708,
                                                    "count": 1,
                                                    "is_parallel": true,
                                                    "self": 0.0001587999995535938,