{
    "name": "root",
    "gauges": {
        "Dodge.Policy.Entropy.mean": {
            "value": 2.0164794921875,
            "min": 1.8659818172454834,
            "max": 2.1928608417510986,
            "count": 43
        },
        "Dodge.Policy.Entropy.sum": {
            "value": 19938.94921875,
            "min": 18041.716796875,
            "max": 24893.35546875,
            "count": 43
        },
        "Dodge.Environment.EpisodeLength.mean": {
            "value": 203.0212765957447,
            "min": 160.62222222222223,
            "max": 273.6666666666667,
            "count": 43
        },
        "Dodge.Environment.EpisodeLength.sum": {
            "value": 9542.0,
            "min": 7228.0,
            "max": 11909.0,
            "count": 43
        },
        "Dodge.Step.mean": {
            "value": 429996.0,
            "min": 9961.0,
            "max": 429996.0,
            "count": 43
        },
        "Dodge.Step.sum": {
            "value": 429996.0,
            "min": 9961.0,
            "max": 429996.0,
            "count": 43
        },
        "Dodge.Policy.ExtrinsicValueEstimate.mean": {
            "value": 0.4977736473083496,
            "min": -0.07464039325714111,
            "max": 0.5000882148742676,
            "count": 43
        },
        "Dodge.Policy.ExtrinsicValueEstimate.sum": {
            "value": 51.270687103271484,
            "min": -7.538680076599121,
            "max": 51.270687103271484,
            "count": 43
        },
        "Dodge.Policy.CuriosityValueEstimate.mean": {
            "value": 0.015089912340044975,
            "min": -0.032309647649526596,
            "max": 0.02269994653761387,
            "count": 43
        },
        "Dodge.Policy.CuriosityValueEstimate.sum": {
            "value": 1.5542609691619873,
            "min": -3.295584201812744,
            "max": 2.315394639968872,
            "count": 43
        },
        "Dodge.Environment.CumulativeReward.mean": {
            "value": 0.5740000178136498,
            "min": 0.32124446435934967,
            "max": 1.4509999924643047,
            "count": 43
        },
        "Dodge.Environment.CumulativeReward.sum": {
            "value": 26.404000819427893,
            "min": 14.456000896170735,
            "max": 66.74599965335801,
            "count": 43
        },
        "Dodge.Policy.ExtrinsicReward.mean": {
            "value": 0.5740000178136498,
            "min": 0.32124446435934967,
            "max": 1.4509999924643047,
            "count": 43
        },
        "Dodge.Policy.ExtrinsicReward.sum": {
            "value": 26.404000819427893,
            "min": 14.456000896170735,
            "max": 66.74599965335801,
            "count": 43
        },
        "Dodge.Policy.CuriosityReward.mean": {
            "value": 0.0015942769695772333,
            "min": 0.0012992551690375676,
            "max": 0.023711752519011496,
            "count": 43
        },
        "Dodge.Policy.CuriosityReward.sum": {
            "value": 0.07333674060055273,
            "min": 0.05119959934381768,
            "max": 1.0670288633555174,
            "count": 43
        },
        "Dodge.Losses.PolicyLoss.mean": {
            "value": 0.03744822507724166,
            "min": 0.025978011622404058,
            "max": 0.0411693630546021,
            "count": 43
        },
        "Dodge.Losses.PolicyLoss.sum": {
            "value": 0.11234467523172498,
            "min": 0.051956023244808115,
            "max": 0.11387821077369153,
            "count": 43
        },
        "Dodge.Losses.ValueLoss.mean": {
            "value": 0.026855286592358932,
            "min": 0.006388741176730642,
            "max": 0.08885201152103642,
            "count": 43
        },
        "Dodge.Losses.ValueLoss.sum": {
            "value": 0.0805658597770768,
            "min": 0.012777482353461284,
            "max": 0.17770402304207283,
            "count": 43
        },
        "Dodge.Policy.LearningRate.mean": {
            "value": 0.00017242314252563333,
            "min": 0.00017242314252563333,
            "max": 0.00029812170062609993,
            "count": 43
        },
        "Dodge.Policy.LearningRate.sum": {
            "value": 0.0005172694275769,
            "min": 0.00035109278296910004,
            "max": 0.0008775018074993997,
            "count": 43
        },
        "Dodge.Policy.Epsilon.mean": {
            "value": 0.15747436666666667,
            "min": 0.15747436666666667,
            "max": 0.19937390000000002,
            "count": 43
        },
        "Dodge.Policy.Epsilon.sum": {
            "value": 0.47242310000000004,
            "min": 0.3170309,
            "max": 0.5925006,
            "count": 43
        },
        "Dodge.Policy.Beta.mean": {
            "value": 0.005,
            "min": 0.005,
            "max": 0.005,
            "count": 43
        },
        "Dodge.Policy.Beta.sum": {
            "value": 0.015,
            "min": 0.01,
            "max": 0.015,
            "count": 43
        },
        "Dodge.Losses.CuriosityForwardLoss.mean": {
            "value": 0.0065028560638893396,
            "min": 0.005158569799580922,
            "max": 0.5900944055368503,
            "count": 43
        },
        "Dodge.Losses.CuriosityForwardLoss.sum": {
            "value": 0.01950856819166802,
            "min": 0.010317139599161845,
            "max": 1.1801888110737007,
            "count": 43
        },
        "Dodge.Losses.CuriosityInverseLoss.mean": {
            "value": 2.008253913786676,
            "min": 1.880649871296353,
            "max": 2.1983058899641037,
            "count": 43
        },
        "Dodge.Losses.CuriosityInverseLoss.sum": {
            "value": 6.024761741360028,
            "min": 3.7939287026723227,
            "max": 6.550389349460602,
            "count": 43
        },
        "Dodge.IsTraining.mean": {
            "value": 1.0,
            "min": 1.0,
            "max": 1.0,
            "count": 43
        },
        "Dodge.IsTraining.sum": {
            "value": 1.0,
            "min": 1.0,
            "max": 1.0,
            "count": 43
        }
    },
    "metadata": {
        "timer_format_version": "0.1.0",
        "start_time_seconds": "1709494318",
        "python_version": "3.10.12 | packaged by Anaconda, Inc. | (main, Jul  5 2023, 19:01:18) [MSC v.1916 64 bit (AMD64)]",
        "command_line_arguments": "C:\\Users\\sjasr\\anaconda3\\envs\\mlagents\\Scripts\\mlagents-learn config/dodge_config.yaml --run-id=dodge_discrete_24",
        "mlagents_version": "1.0.0",
        "mlagents_envs_version": "1.0.0",
        "communication_protocol_version": "1.5.0",
        "pytorch_version": "1.13.1+cu117",
        "numpy_version": "1.23.1",
        "end_time_seconds": "1709494801"
    },
    "total": 483.54840479999984,
    "count": 1,
    "self": 0.009390499999426538,
    "children": {
        "run_training.setup": {
            "total": 0.09650500000134343,
            "count": 1,
            "self": 0.09650500000134343
        },
        "TrainerController.start_learning": {
            "total": 483.4425092999991,
            "count": 1,
            "self": 0.42403639994518016,
            "children": {
                "TrainerController._reset_env": {
                    "total": 10.100202100002207,
                    "count": 1,
                    "self": 10.100202100002207
                },
                "TrainerController.advance": {
                    "total": 472.6208745000513,
                    "count": 18308,
                    "self": 0.3472057997241791,
                    "children": {
                        "env_step": {
                            "total": 197.44181040022522,
                            "count": 18308,
                            "self": 127.04625150037464,
                            "children": {
                                "SubprocessEnvManager._take_step": {
                                    "total": 70.13515859964537,