{
    "name": "root",
    "gauges": {
        "Dodge.Policy.Entropy.mean": {
            "value": 1.2511694431304932,
            "min": 1.2511361837387085,
            "max": 1.3760567903518677,
            "count": 50
        },
        "Dodge.Policy.Entropy.sum": {
            "value": 12511.6943359375,
            "min": 12274.6650390625,
            "max": 14222.9228515625,
            "count": 50
        },
        "Dodge.Environment.EpisodeLength.mean": {
            "value": 69.65034965034965,
            "min": 51.515957446808514,
            "max": 72.35820895522389,
            "count": 50
        },
        "Dodge.Environment.EpisodeLength.sum": {
            "value": 9960.0,
            "min": 9514.0,
            "max": 10132.0,
            "count": 50
        },
        "Dodge.Step.mean": {
            "value": 499952.0,
            "min": 9970.0,
            "max": 499952.0,
            "count": 50
        },
        "Dodge.Step.sum": {
            "value": 499952.0,
            "min": 9970.0,
            "max": 499952.0,
            "count": 50
        },
        "Dodge.Policy.ExtrinsicValueEstimate.mean": {
            "value": 6.161306381225586,
            "min": 0.02600284107029438,
            "max": 6.161306381225586,
            "count": 50
        },
        "Dodge.Policy.ExtrinsicValueEstimate.sum": {
            "value": 1386.2939453125,
            "min": 6.500710487365723,
            "max": 1386.2939453125,
            "count": 50
        },
        "Dodge.Environment.CumulativeReward.mean": {
            "value": 2.867132867132867,
            "min": -3.372340425531915,
            "max": 4.014388489208633,
            "count": 50
        },
        "Dodge.Environment.CumulativeReward.sum": {
            "value": 410.0,
            "min": -634.0,
            "max": 558.0,
            "count": 50
        },
        "Dodge.Policy.ExtrinsicReward.mean": {
            "value": 2.867132867132867,
            "min": -3.372340425531915,
            "max": 4.014388489208633,
            "count": 50
        },
        "Dodge.Policy.ExtrinsicReward.sum": {
            "value": 410.0,
            "min": -634.0,
            "max": 558.0,
            "count": 50
        },
        "Dodge.IsTraining.mean": {
            "value": 1.0,
            "min": 1.0,
            "max": 1.0,
            "count": 50
        },
        "Dodge.IsTraining.sum": {
            "value": 1.0,
            "min": 1.0,
            "max": 1.0,
            "count": 50
        },
        "Dodge.Losses.PolicyLoss.mean": {
            "value": 0.09405583192586389,
            "min": 0.09269569935020051,
            "max": 0.10561460833678134,
            "count": 49
        },
        "Dodge.Losses.PolicyLoss.sum": {
            "value": 0.09405583192586389,
            "min": 0.09269569935020051,
            "max": 0.10561460833678134,
            "count": 49
        },
        "Dodge.Losses.ValueLoss.mean": {
            "value": 16.253561772851864,
            "min": 11.437140291572636,
            "max": 17.314370456923786,
            "count": 49
        },
        "Dodge.Losses.ValueLoss.sum": {
            "value": 16.253561772851864,
            "min": 11.437140291572636,
            "max": 17.314370456923786,
            "count": 49
        },
        "Dodge.Policy.LearningRate.mean": {
            "value": 5.11809829399999e-06,
            "min": 5.11809829399999e-06,
            "max": 0.0002939904020032,
            "count": 49
        },
        "Dodge.Policy.LearningRate.sum": {
            "value": 5.11809829399999e-06,
            "min": 5.11809829399999e-06,
            "max": 0.0002939904020032,
            "count": 49
        },
        "Dodge.Policy.Epsilon.mean": {
            "value": 0.10170600000000002,
            "min": 0.10170600000000002,
            "max": 0.1979968,
            "count": 49
        },
        "Dodge.Policy.Epsilon.sum": {
            "value": 0.10170600000000002,
            "min": 0.10170600000000002,
            "max": 0.1979968,
            "count": 49
        },
        "Dodge.Policy.Beta.mean": {
            "value": 0.005,
            "min": 0.004999999999999999,
            "max": 0.005,
            "count": 49
        },
        "Dodge.Policy.Beta.sum": {
            "value": 0.005,
            "min": 0.004999999999999999,
            "max": 0.005,
            "count": 49
        }
    },
    "metadata": {
        "timer_format_version": "0.1.0",
        "start_time_seconds": "1708898955",
        "python_version": "3.10.12 | packaged by Anaconda, Inc. | (main, Jul  5 2023, 19:01:18) [MSC v.1916 64 bit (AMD64)]",
        "command_line_arguments": "C:\\Users\\sjasr\\anaconda3\\envs\\mlagents\\Scripts\\mlagents-learn config/dodge_config.yaml --initialize-from=dodge_29 --run-id=dodge_30",
        "mlagents_version": "1.0.0",
        "mlagents_envs_version": "1.0.0",
        "communication_protocol_version": "1.5.0",
        "pytorch_version": "1.13.1+cu117",
        "numpy_version": "1.23.1",
        "end_time_seconds": "1708899937"
    },
    "total": 981.3478289000013,
    "count": 1,
    "self": 0.009327499999926658,
    "children": {
        "run_training.setup": {
            "total": 0.08495930000208318,
            "count": 1,
            "self": 0.08495930000208318
        },
        "TrainerController.start_learning": {
            "total": 981.2535420999993,
            "count": 1,
            "self": 0.6891317003683071,
            "children": {
                "TrainerController._reset_env": {
                    "total": 15.306499900001654,
                    "count": 1,
                    "self": 15.306499900001654
                },
                "TrainerController.advance": {
                    "total": 965.0698356996327,
                    "count": 37306,
                    "self": 0.5915765999707219,
                    "children": {
                        "env_step": {
                            "total": 408.61127799995666,
                            "count": 37306,
                            "self": 314.1852525000577,
                            "children": {
                                "SubprocessEnvManager._take_step": {
                                    "total": 93.96631610003897,
                                    "count": 37306,
                                    "self": 2.032433299405966,
                                    "children": {
                                        "TorchPolicy.evaluate": {
                                            "total": 91.933882800633,
                                            "count": 31276,
                                            "self": 91.933882800633
                                        }
                                    }
                                },
                                "workers": {
                                    "total": 0.45970939986000303,
                                    "count": 37306,
                                    "self": 0.0,
                                    "children": {
                                        "worker_root": {
                                            "total": 965.5411955003256,
                                            "count": 37306,
                                            "is_parallel": true,
                                            "self": 695.4964165003803,
                                            "children": {
                                                "steps_from_proto": {
                                                    "total": 0.000509299999976065,
                                                    "count": 1,
                                                    "is_parallel": true,
                                                    "self": 0.00011790000280598179,