{
    "name": "root",
    "gauges": {
        "Dodge.Policy.Entropy.mean": {
            "value": 1.4167264699935913,
            "min": 1.4166887998580933,
            "max": 1.4219419956207275,
            "count": 13
        },
        "Dodge.Policy.Entropy.sum": {
            "value": 14348.60546875,
            "min": 13098.158203125,
            "max": 17435.9140625,
            "count": 13
        },
        "Dodge.Environment.EpisodeLength.mean": {
            "value": 999.0,
            "min": 156.14285714285714,
            "max": 999.0,
            "count": 13
        },
        "Dodge.Environment.EpisodeLength.sum": {
            "value": 12987.0,
            "min": 1093.0,
            "max": 21046.0,
            "count": 13
        },
        "Dodge.Step.mean": {
            "value": 129946.0,
            "min": 9932.0,
            "max": 129946.0,
            "count": 13
        },
        "Dodge.Step.sum": {
            "value": 129946.0,
            "min": 9932.0,
            "max": 129946.0,
            "count": 13
        },
        "Dodge.Policy.ExtrinsicValueEstimate.mean": {
            "value": 0.14852285385131836,
            "min": 0.03745303675532341,
            "max": 0.19331255555152893,
            "count": 13
        },
        "Dodge.Policy.ExtrinsicValueEstimate.sum": {
            "value": 12.030351638793945,
            "min": 3.033695936203003,
            "max": 15.271692276000977,
            "count": 13
        },
        "Dodge.Environment.CumulativeReward.mean": {
            "value": 1.0000000149011612,
            "min": 0.10000000149011612,
            "max": 1.0000000149011612,
            "count": 13
        },
        "Dodge.Environment.CumulativeReward.sum": {
            "value": 14.000000208616257,
            "min": 0.7000000104308128,
            "max": 21.000000312924385,
            "count": 13
        },
        "Dodge.Policy.ExtrinsicReward.mean": {
            "value": 1.0000000149011612,
            "min": 0.10000000149011612,
            "max": 1.0000000149011612,
            "count": 13
        },
        "Dodge.Policy.ExtrinsicReward.sum": {
            "value": 14.000000208616257,
            "min": 0.7000000104308128,
            "max": 21.000000312924385,
            "count": 13
        },
        "Dodge.IsTraining.mean": {
            "value": 1.0,
            "min": 1.0,
            "max": 1.0,
            "count": 13
        },
        "Dodge.IsTraining.sum": {
            "value": 1.0,
            "min": 1.0,
            "max": 1.0,
            "count": 13
        },
        "Dodge.Losses.PolicyLoss.mean": {
            "value": 0.018036971679733445,
            "min": 0.01007266331774493,
            "max": 0.019370629048595826,
            "count": 12
        },
        "Dodge.Losses.PolicyLoss.sum": {
            "value": 0.018036971679733445,
            "min": 0.01007266331774493,
            "max": 0.019370629048595826,
            "count": 12
        },
        "Dodge.Losses.ValueLoss.mean": {
            "value": 0.0006710121912571291,
            "min": 0.000635612530944248,
            "max": 0.009979661127241949,
            "count": 12
        },
        "Dodge.Losses.ValueLoss.sum": {
            "value": 0.0006710121912571291,
            "min": 0.000635612530944248,
            "max": 0.009979661127241949,
            "count": 12
        },
        "Dodge.Policy.LearningRate.mean": {
            "value": 0.0002630682123106,
            "min": 0.0002630682123106,
            "max": 0.00029644440118520006,
            "count": 12
        },
        "Dodge.Policy.LearningRate.sum": {
            "value": 0.0002630682123106,
            "min": 0.0002630682123106,
            "max": 0.00029644440118520006,
            "count": 12
        },
        "Dodge.Policy.Epsilon.mean": {
            "value": 0.45075760000000015,
            "min": 0.45075760000000015,
            "max": 0.4952591999999998,
            "count": 12
        },
        "Dodge.Policy.Epsilon.sum": {
            "value": 0.45075760000000015,
            "min": 0.45075760000000015,
            "max": 0.4952591999999998,
            "count": 12
        },
        "Dodge.Policy.Beta.mean": {
            "value": 0.005,
            "min": 0.005,
            "max": 0.005,
            "count": 12
        },
        "Dodge.Policy.Beta.sum": {
            "value": 0.005,
            "min": 0.005,
            "max": 0.005,
            "count": 12
        }
    },
    "metadata": {
        "timer_format_version": "0.1.0",
        "start_time_seconds": "1708983313",
        "python_version": "3.10.12 | packaged by Anaconda, Inc. | (main, Jul  5 2023, 19:01:18) [MSC v.1916 64 bit (AMD64)]",
        "command_line_arguments": "C:\\Users\\sjasr\\anaconda3\\envs\\mlagents\\Scripts\\mlagents-learn config/dodge_config.yaml --run-id=dodge_51",
        "mlagents_version": "1.0.0",
        "mlagents_envs_version": "1.0.0",
        "communication_protocol_version": "1.5.0",
        "pytorch_version": "1.13.1+cu117",
        "numpy_version": "1.23.1",
        "end_time_seconds": "1708983479"
    },
    "total": 166.68447620000006,
    "count": 1,
    "self": 0.012369299998681527,
    "children": {
        "run_training.setup": {
            "total": 0.09208059999946272,
            "count": 1,
            "self": 0.09208059999946272
        },
        "TrainerController.start_learning": {
            "total": 166.58002630000192,
            "count": 1,
            "self": 0.10116240003844723,
            "children": {
                "TrainerController._reset_env": {
                    "total": 12.281885100001091,
                    "count": 1,
                    "self": 12.281885100001091
                },
                "TrainerController.advance": {
                    "total": 153.9545049999615,
                    "count": 5601,
                    "self": 0.08837750008751755,
                    "children": {
                        "env_step": {
                            "total": 113.51299329995891,
                            "count": 5601,
                            "self": 99.05984049979452,
                            "children": {
                                "SubprocessEnvManager._take_step": {
                                    "total": 14.388761600137514,
                                    "count": 5601,
                                    "self": 0.39888270007577376,
                                    "children": {
                                        "TorchPolicy.evaluate": {
                                            "total": 13.98987890006174,
                                            "count": 5601,
                                            "self": 13.98987890006174
                                        }
                                    }
                                },
                                "workers": {
                                    "total": 0.0643912000268756,
                                    "count": 5600,
                                    "self": 0.0,
                                    "children": {
                                        "worker_root": {
                                            "total": 154.4591200999348,
                                            "count": 5600,
                                            "is_parallel": true,
                                            "self": 63.91875700005767,
                                            "children": {
                                                "steps_from_proto": {
                                                    "total": 0.0006161999990581535,
                                                    "count": 1,
                                                    "is_parallel": true,
                                                    "self": 0.00012820000119972974,