{
    "name": "root",
    "gauges": {
        "Dodge.Policy.Entropy.mean": {
            "value": 1.4101576805114746,
            "min": 1.409018635749817,
            "max": 1.415817379951477,
            "count": 26
        },
        "Dodge.Policy.Entropy.sum": {
            "value": 14214.3896484375,
            "min": 13965.623046875,
            "max": 14781.1328125,
            "count": 26
        },
        "Dodge.Step.mean": {
            "value": 259982.0,
            "min": 9979.0,
            "max": 259982.0,
            "count": 26
        },
        "Dodge.Step.sum": {
            "value": 259982.0,
            "min": 9979.0,
            "max": 259982.0,
            "count": 26
        },
        "Dodge.Policy.ExtrinsicValueEstimate.mean": {
            "value": 0.16856448352336884,
            "min": 0.16659221053123474,
            "max": 0.1782444417476654,
            "count": 26
        },
        "Dodge.Policy.ExtrinsicValueEstimate.sum": {
            "value": 54.446327209472656,
            "min": 53.64269256591797,
            "max": 57.751197814941406,
            "count": 26
        },
        "Dodge.Environment.EpisodeLength.mean": {
            "value": 378.03846153846155,
            "min": 224.6875,
            "max": 424.6666666666667,
            "count": 26
        },
        "Dodge.Environment.EpisodeLength.sum": {
            "value": 9829.0,
            "min": 3595.0,
            "max": 12069.0,
            "count": 26
        },
        "Dodge.Environment.CumulativeReward.mean": {
            "value": 0.7475200360640883,
            "min": 0.4493750215333421,
            "max": 0.8515454956372692,
            "count": 26
        },
        "Dodge.Environment.CumulativeReward.sum": {
            "value": 18.68800090160221,
            "min": 7.190000344533473,
            "max": 23.294001118279994,
            "count": 26
        },
        "Dodge.Policy.ExtrinsicReward.mean": {
            "value": 0.7475200360640883,
            "min": 0.4493750215333421,
            "max": 0.8515454956372692,
            "count": 26
        },
        "Dodge.Policy.ExtrinsicReward.sum": {
            "value": 18.68800090160221,
            "min": 7.190000344533473,
            "max": 23.294001118279994,
            "count": 26
        },
        "Dodge.IsTraining.mean": {
            "value": 1.0,
            "min": 1.0,
            "max": 1.0,
            "count": 26
        },
        "Dodge.IsTraining.sum": {
            "value": 1.0,
            "min": 1.0,
            "max": 1.0,
            "count": 26
        },
        "Dodge.Losses.PolicyLoss.mean": {
            "value": 0.012119402041571447,
            "min": 0.0093445140759286,
            "max": 0.012119402041571447,
            "count": 5
        },
        "Dodge.Losses.PolicyLoss.sum": {
            "value": 0.012119402041571447,
            "min": 0.0093445140759286,
            "max": 0.012119402041571447,
            "count": 5
        },
        "Dodge.Losses.ValueLoss.mean": {
            "value": 0.0002811043277688441,
            "min": 0.00020956876815034776,
            "max": 0.00028806491536670364,
            "count": 5
        },
        "Dodge.Losses.ValueLoss.sum": {
            "value": 0.0002811043277688441,
            "min": 0.00020956876815034776,
            "max": 0.00028806491536670364,
            "count": 5
        },
        "Dodge.Policy.LearningRate.mean": {
            "value": 0.00022317422560860003,
            "min": 0.00022317422560860003,
            "max": 0.000284628005124,
            "count": 5
        },
        "Dodge.Policy.LearningRate.sum": {
            "value": 0.00022317422560860003,
            "min": 0.00022317422560860003,
            "max": 0.000284628005124,
            "count": 5
        },
        "Dodge.Policy.Epsilon.mean": {
            "value": 0.1743914,
            "min": 0.1743914,
            "max": 0.19487600000000002,
            "count": 5
        },
        "Dodge.Policy.Epsilon.sum": {
            "value": 0.1743914,
            "min": 0.1743914,
            "max": 0.19487600000000002,
            "count": 5
        },
        "Dodge.Policy.Beta.mean": {
            "value": 0.004999999999999999,
            "min": 0.004999999999999999,
            "max": 0.004999999999999999,
            "count": 5
        },
        "Dodge.Policy.Beta.sum": {
            "value": 0.004999999999999999,
            "min": 0.004999999999999999,
            "max": 0.004999999999999999,
            "count": 5
        }
    },
    "metadata": {
        "timer_format_version": "0.1.0",
        "start_time_seconds": "1709424839",
        "python_version": "3.10.12 | packaged by Anaconda, Inc. | (main, Jul  5 2023, 19:01:18) [MSC v.1916 64 bit (AMD64)]",
        "command_line_arguments": "C:\\Users\\sjasr\\anaconda3\\envs\\mlagents\\Scripts\\mlagents-learn config/dodge_config.yaml --initialize-from=dodge_58 --run-id=dodge_58.3",
        "mlagents_version": "1.0.0",
        "mlagents_envs_version": "1.0.0",
        "communication_protocol_version": "1.5.0",
        "pytorch_version": "1.13.1+cu117",
        "numpy_version": "1.23.1",
        "end_time_seconds": "1709425209"
    },
    "total": 369.8370703000037,
    "count": 1,
    "self": 0.012829200008127373,
    "children": {
        "run_training.setup": {
            "total": 0.0879172999993898,
            "count": 1,
            "self": 0.0879172999993898
        },
        "TrainerController.start_learning": {
            "total": 369.73632379999617,
            "count": 1,
            "self": 0.28614540031412616,
            "children": {
                "TrainerController._reset_env": {
                    "total": 42.49941509999917,
                    "count": 1,
                    "self": 42.49941509999917
                },
                "TrainerController.advance": {
                    "total": 326.64367979968665,
                    "count": 10951,
                    "self": 0.2072255994862644,
                    "children": {
                        "env_step": {
                            "total": 114.43368000020564,
                            "count": 10951,
                            "self": 82.72279620038898,
                            "children": {
                                "SubprocessEnvManager._take_step": {
                                    "total": 31.55605909973383,
                                    "count": 10951,
                                    "self": 0.7955428000786924,
                                    "children": {
                                        "TorchPolicy.evaluate": {
                                            "total": 30.760516299655137,
                                            "count": 10951,
                                            "self": 30.760516299655137
                                        }
                                    }
                                },
                                "workers": {
                                    "total": 0.1548247000828269,
                                    "count": 10950,
                                    "self": 0.0,
                                    "children": {
                                        "worker_root": {
                                            "total": 325.8016076998683,
                                            "count": 10950,
                                            "is_parallel": true,
                                            "self": 263.66166550002526,
                                            "children": {
                                                "steps_from_proto": {
                                                    "total": 0.0006170999986352399,
                                                    "count": 1,
                                                    "is_parallel": true,
                                                    "self": 0.00013519999629352242,