{
    "name": "root",
    "gauges": {
        "Bullet.Policy.Entropy.mean": {
            "value": 1.2643567323684692,
            "min": 1.2374379634857178,
            "max": 2.517348527908325,
            "count": 168
        },
        "Bullet.Policy.Entropy.sum": {
            "value": 12289.546875,
            "min": 11486.3828125,
            "max": 37105.3828125,
            "count": 168
        },
        "Bullet.Environment.EpisodeLength.mean": {
            "value": 493.95454545454544,
            "min": 400.3,
            "max": 742.2,
            "count": 168
        },
        "Bullet.Environment.EpisodeLength.sum": {
            "value": 10867.0,
            "min": 6744.0,
            "max": 13809.0,
            "count": 168
        },
        "Bullet.Step.mean": {
            "value": 1679564.0,
            "min": 9849.0,
            "max": 1679564.0,
            "count": 168
        },
        "Bullet.Step.sum": {
            "value": 1679564.0,
            "min": 9849.0,
            "max": 1679564.0,
            "count": 168
        },
        "Bullet.Policy.ExtrinsicValueEstimate.mean": {
            "value": -0.008051344193518162,
            "min": -0.029685569927096367,
            "max": 0.34518301486968994,
            "count": 168
        },
        "Bullet.Policy.ExtrinsicValueEstimate.sum": {
            "value": -0.20933493971824646,
            "min": -0.774198055267334,
            "max": 7.939209461212158,
            "count": 168
        },
        "Bullet.Policy.GailValueEstimate.mean": {
            "value": 2.3766016960144043,
            "min": 0.24933864176273346,
            "max": 3.701599359512329,
            "count": 168
        },
        "Bullet.Policy.GailValueEstimate.sum": {
            "value": 61.79164505004883,
            "min": 6.732143402099609,
            "max": 99.94318389892578,
            "count": 168
        },
        "Bullet.Environment.CumulativeReward.mean": {
            "value": -0.9582135667177764,
            "min": -2.7752051184836186,
            "max": 0.7161905460414433,
            "count": 168
        },
        "Bullet.Environment.CumulativeReward.sum": {
            "value": -21.08069846779108,
            "min": -55.19089959934354,
            "max": 15.040001466870308,
            "count": 168
        },
        "Bullet.Policy.ExtrinsicReward.mean": {
            "value": -0.4791067833588882,
            "min": -1.3876025592418093,
            "max": 0.35809527302072164,
            "count": 168
        },
        "Bullet.Policy.ExtrinsicReward.sum": {
            "value": -10.54034923389554,
            "min": -27.59544979967177,
            "max": 7.520000733435154,
            "count": 168
        },
        "Bullet.Policy.GailReward.mean": {
            "value": 270.6213110143488,
            "min": 148.4133207364516,
            "max": 503.9922270341353,
            "count": 168
        },
        "Bullet.Policy.GailReward.sum": {
            "value": 5953.668842315674,
            "min": 2682.214514732361,
            "max": 9063.897161483765,
            "count": 168
        },
        "Bullet.IsTraining.mean": {
            "value": 1.0,
            "min": 1.0,
            "max": 1.0,
            "count": 168
        },
        "Bullet.IsTraining.sum": {
            "value": 1.0,
            "min": 1.0,
            "max": 1.0,
            "count": 168
        },
        "Bullet.Losses.PolicyLoss.mean": {
            "value": 0.013700048497412354,
            "min": 0.01221524994907668,
            "max": 0.022638804599409923,
            "count": 81
        },
        "Bullet.Losses.PolicyLoss.sum": {
            "value": 0.013700048497412354,
            "min": 0.01221524994907668,
            "max": 0.022638804599409923,
            "count": 81
        },
        "Bullet.Losses.ValueLoss.mean": {
            "value": 0.6027189433574677,
            "min": 0.30581697486341,
            "max": 1.029900187253952,
            "count": 81
        },
        "Bullet.Losses.ValueLoss.sum": {
            "value": 0.6027189433574677,
            "min": 0.30581697486341,
            "max": 1.029900187253952,
            "count": 81
        },
        "Bullet.Policy.LearningRate.mean": {
            "value": 4.871963376015e-05,
            "min": 4.871963376015e-05,
            "max": 0.00029691705102765,
            "count": 81
        },
        "Bullet.Policy.LearningRate.sum": {
            "value": 4.871963376015e-05,
            "min": 4.871963376015e-05,
            "max": 0.00029691705102765,
            "count": 81
        },
        "Bullet.Policy.Epsilon.mean": {
            "value": 0.11623985,
            "min": 0.11623985,
            "max": 0.19897235000000002,
            "count": 81
        },
        "Bullet.Policy.Epsilon.sum": {
            "value": 0.11623985,
            "min": 0.11623985,
            "max": 0.19897235000000002,
            "count": 81
        },
        "Bullet.Policy.Beta.mean": {
            "value": 0.005,
            "min": 0.005,
            "max": 0.005,
            "count": 81
        },
        "Bullet.Policy.Beta.sum": {
            "value": 0.005,
            "min": 0.005,
            "max": 0.005,
            "count": 81
        },
        "Bullet.Policy.GAILPolicyEstimate.mean": {
            "value": 0.2950780183076859,
            "min": 0.2669115599244833,
            "max": 0.43766130805015563,
            "count": 81
        },
        "Bullet.Policy.GAILPolicyEstimate.sum": {
            "value": 0.2950780183076859,
            "min": 0.2669115599244833,
            "max": 0.43766130805015563,
            "count": 81
        },
        "Bullet.Policy.GAILExpertEstimate.mean": {
            "value": 0.7185814484953881,
            "min": 0.4877183921635151,
            "max": 0.7205606058239937,
            "count": 81
        },
        "Bullet.Policy.GAILExpertEstimate.sum": {
            "value": 0.7185814484953881,
            "min": 0.4877183921635151,
            "max": 0.7205606058239937,
            "count": 81
        },
        "Bullet.Losses.GAILLoss.mean": {
            "value": 0.8679399564862251,
            "min": 0.8089370548725128,
            "max": 1.422539308667183,
            "count": 81
        },
        "Bullet.Losses.GAILLoss.sum": {
            "value": 0.8679399564862251,
            "min": 0.8089370548725128,
            "max": 1.422539308667183,
            "count": 81
        },
        "Bullet.Policy.GAILGradMagLoss.mean": {
            "value": 4.420458328723908,
            "min": 3.841274505853653,
            "max": 6.588640034198761,
            "count": 81
        },
        "Bullet.Policy.GAILGradMagLoss.sum": {
            "value": 4.420458328723908,
            "min": 3.841274505853653,
            "max": 6.588640034198761,
            "count": 81
        }
    },
    "metadata": {
        "timer_format_version": "0.1.0",
        "start_time_seconds": "1710947695",
        "python_version": "3.10.12 | packaged by Anaconda, Inc. | (main, Jul  5 2023, 19:01:18) [MSC v.1916 64 bit (AMD64)]",
        "command_line_arguments": "C:\\Users\\sjasr\\anaconda3\\envs\\mlagents\\Scripts\\mlagents-learn config/bullet_config.yaml --run-id=bullet_arena_gail_final_01 --time-scale=1",
        "mlagents_version": "1.0.0",
        "mlagents_envs_version": "1.0.0",
        "communication_protocol_version": "1.5.0",
        "pytorch_version": "1.13.1+cu117",
        "numpy_version": "1.23.1",
        "end_time_seconds": "1710950344"
    },
    "total": 2649.1897928,
    "count": 1,
    "self": 0.010508499999559717,
    "children": {
        "run_training.setup": {
            "total": 0.09236700000110432,
            "count": 1,
            "self": 0.09236700000110432
        },
        "TrainerController.start_learning": {
            "total": 2649.086917299999,
            "count": 1,
            "self": 1.8111602001481515,