{
    "name": "root",
    "gauges": {
        "Chase.Policy.Entropy.mean": {
            "value": 1.1833330392837524,
            "min": 1.111210584640503,
            "max": 1.1833330392837524,
            "count": 4
        },
        "Chase.Policy.Entropy.sum": {
            "value": 11828.5966796875,
            "min": 11227.671875,
            "max": 11828.5966796875,
            "count": 4
        },
        "Chase.Environment.EpisodeLength.mean": {
            "value": 14.69701726844584,
            "min": 13.356421356421356,
            "max": 14.69701726844584,
            "count": 4
        },
        "Chase.Environment.EpisodeLength.sum": {
            "value": 9362.0,
            "min": 9256.0,
            "max": 9478.0,
            "count": 4
        },
        "Chase.Step.mean": {
            "value": 39973.0,
            "min": 9999.0,
            "max": 39973.0,
            "count": 4
        },
        "Chase.Step.sum": {
            "value": 39973.0,
            "min": 9999.0,
            "max": 39973.0,
            "count": 4
        },
        "Chase.Policy.ExtrinsicValueEstimate.mean": {
            "value": -0.4468182623386383,
            "min": -0.4468182623386383,
            "max": -0.4186699688434601,
            "count": 4
        },
        "Chase.Policy.ExtrinsicValueEstimate.sum": {
            "value": -286.8573303222656,
            "min": -297.79779052734375,
            "max": -283.2430725097656,
            "count": 4
        },
        "Chase.Environment.CumulativeReward.mean": {
            "value": -0.4835164835164835,
            "min": -0.4835164835164835,
            "max": -0.46965317919075145,
            "count": 4
        },
        "Chase.Environment.CumulativeReward.sum": {
            "value": -308.0,
            "min": -325.0,
            "max": -308.0,
            "count": 4
        },
        "Chase.Policy.ExtrinsicReward.mean": {
            "value": -0.4835164835164835,
            "min": -0.4835164835164835,
            "max": -0.46965317919075145,
            "count": 4
        },
        "Chase.Policy.ExtrinsicReward.sum": {
            "value": -308.0,
            "min": -325.0,
            "max": -308.0,
            "count": 4
        },
        "Chase.Losses.PolicyLoss.mean": {
            "value": 0.24339851096117437,
            "min": 0.23615733440953407,
            "max": 0.24339851096117437,
            "count": 4
        },
        "Chase.Losses.PolicyLoss.sum": {
            "value": 21.419068964583346,
            "min": 21.018002762448532,
            "max": 22.00892070927232,
            "count": 4
        },
        "Chase.Losses.ValueLoss.mean": {
            "value": 0.009111617247879922,
            "min": 0.009111617247879922,
            "max": 0.02968558474730011,
            "count": 4
        },
        "Chase.Losses.ValueLoss.sum": {
            "value": 0.8018223178134332,
            "min": 0.8018223178134332,
            "max": 2.64201704250971,
            "count": 4
        },
        "Chase.Policy.LearningRate.mean": {
            "value": 0.00027898868200377494,
            "min": 0.00027898868200377494,
            "max": 0.00029700547515547864,
            "count": 4
        },
        "Chase.Policy.LearningRate.sum": {
            "value": 0.024551004016332194,
            "min": 0.024551004016332194,
            "max": 0.026481735272755,
            "count": 4
        },
        "Chase.Policy.Epsilon.mean": {
            "value": 0.192996225,
            "min": 0.192996225,
            "max": 0.19900182471910116,
            "count": 4
        },
        "Chase.Policy.Epsilon.sum": {
            "value": 16.9836678,
            "min": 16.9836678,
            "max": 17.939634200000004,
            "count": 4
        },
        "Chase.Policy.Beta.mean": {
            "value": 0.0005000000000000001,
            "min": 0.0005000000000000001,
            "max": 0.0005000000000000001,
            "count": 4
        },
        "Chase.Policy.Beta.sum": {
            "value": 0.04400000000000001,
            "min": 0.04400000000000001,
            "max": 0.04600000000000001,
            "count": 4
        },
        "Chase.IsTraining.mean": {
            "value": 1.0,
            "min": 1.0,
            "max": 1.0,
            "count": 4
        },
        "Chase.IsTraining.sum": {
            "value": 1.0,
            "min": 1.0,
            "max": 1.0,
            "count": 4
        }
    },
    "metadata": {
        "timer_format_version": "0.1.0",
        "start_time_seconds": "1703463639",
        "python_version": "3.10.12 | packaged by Anaconda, Inc. | (main, Jul  5 2023, 19:01:18) [MSC v.1916 64 bit (AMD64)]",
        "command_line_arguments": "C:\\Users\\sjasr\\anaconda3\\envs\\mlagents\\Scripts\\mlagents-learn config/chase_config.yaml --initialize-from=Chase4 --run-id=Chase5",
        "mlagents_version": "1.0.0",
        "mlagents_envs_version": "1.0.0",
        "communication_protocol_version": "1.5.0",
        "pytorch_version": "1.13.1+cu117",
        "numpy_version": "1.23.1",
        "end_time_seconds": "1703463846"
    },
    "total": 207.41646890000266,
    "count": 1,
    "self": 0.008990200003609061,
    "children": {
        "run_training.setup": {
            "total": 0.09301779999805149,
            "count": 1,
            "self": 0.09301779999805149
        },
        "TrainerController.start_learning": {
            "total": 207.314460900001,
            "count": 1,
            "self": 0.1408013000327628,
            "children": {
                "TrainerController._reset_env": {
                    "total": 11.925569099999848,
                    "count": 1,
                    "self": 11.925569099999848
                },
                "TrainerController.advance": {
                    "total": 195.0186928999683,
                    "count": 6579,
                    "self": 0.11964149998675566,
                    "children": {
                        "env_step": {
                            "total": 65.49107590012136,
                            "count": 6579,
                            "self": 56.41911479963164,
                            "children": {
                                "SubprocessEnvManager._take_step": {
                                    "total": 8.986902300232032,
                                    "count": 6579,
                                    "self": 0.2528058001480531,
                                    "children": {
                                        "TorchPolicy.evaluate": {
                                            "total": 8.734096500083979,
                                            "count": 3941,
                                            "self": 8.734096500083979
                                        }
                                    }
                                },
                                "workers": {
                                    "total": 0.0850588002576842,
                                    "count": 6578,
                                    "self": 0.0,
                                    "children": {
                                        "worker_root": {
                                            "total": 184.26203819977673,
                                            "count": 6578,
                                            "is_parallel": true,
                                            "self": 147.44820889994298,
                                            "children": {
                                                "steps_from_proto": {
                                                    "total": 0.003804599997238256,
                                                    "count": 1,
                                                    "is_parallel": true,
                                                    "self": 0.00011799999629147351,